index,name,class,volume_mm3,cx_mm,cy_mm,cz_mm,dx_mm,dy_mm,dz_mm,xmin,ymin,zmin,xmax,ymax,zmax
0,8-0002 Box_Back_plate-2,case_plate,276117.627,-132.002,-171.690,-536.873,650.000,170.000,7.150,-457.002,-260.836,-540.448,192.998,-90.836,-533.298
1,8-0003 Box_Side_plate-1,case_plate,629696.925,-453.427,-180.086,-290.448,7.150,180.000,500.000,-457.002,-270.836,-540.448,-449.852,-90.836,-40.448
2,8-0002 Box_Back_plate-2,case_plate,276117.627,-132.002,-171.690,-44.023,650.000,170.000,7.150,-457.002,-260.836,-47.598,192.998,-90.836,-40.448
3,8-0003 Box_Side_plate-1,case_plate,629696.925,189.423,-180.086,-290.448,7.150,180.000,500.000,185.848,-270.836,-540.448,192.998,-90.836,-40.448
4,8-0001 Box_Bottom_plate-1,case_plate,2255174.279,-132.002,-257.261,-290.448,650.000,7.150,500.000,-457.002,-260.836,-540.448,192.998,-253.686,-40.448
5,8-0004 Box_Top_piece-1,case_plate,107250.000,170.848,-94.411,-290.448,30.000,7.150,500.000,155.848,-97.986,-540.448,185.848,-90.836,-40.448
6,8-0004 Box_Top_piece-1,case_plate,107250.000,-434.852,-94.411,-290.448,30.000,7.150,500.000,-449.852,-97.986,-540.448,-419.852,-90.836,-40.448
7,Positive Crossbar Conductor-1,busbar,22870.917,-112.505,-98.941,-61.695,288.000,12.700,6.350,-256.505,-105.291,-64.870,31.495,-92.591,-58.520
8,93705A823_18-8 Stainless Steel Thread-Locking Socket Head Screw-1,fastener,229.963,31.062,-127.937,-128.875,14.104,7.003,7.003,21.951,-131.443,-132.371,36.055,-124.440,-125.368
9,93705A823_18-8 Stainless Steel Thread-Locking Socket Head Screw-1,fastener,229.963,30.554,-127.937,-154.075,14.104,7.003,7.003,21.443,-131.443,-157.571,35.547,-124.440,-150.568
10,42037-1-1__Imported1,other,44.272,32.386,-121.782,-128.870,4.196,17.858,7.549,30.972,-131.716,-132.644,35.168,-113.858,-125.095
11,Bus Bar-1,busbar,980.331,29.529,-127.941,-141.970,4.826,10.000,34.600,26.720,-132.941,-159.270,31.546,-122.941,-124.670
12,Interconnect Cover-1,busbar,10.372,38.470,-127.941,-145.717,1.500,6.000,1.152,37.720,-130.941,-146.294,39.220,-124.941,-145.141
13,Interconnect Cover-1,busbar,25.920,38.470,-127.941,-139.698,1.500,6.000,4.118,37.720,-130.941,-141.773,39.220,-124.941,-137.654
14,Interconnect Cover-1,busbar,1547.850,35.023,-127.941,-141.999,12.592,14.088,38.688,26.636,-134.985,-161.314,39.228,-120.897,-122.625
15,Interconnect Cover-1,busbar,11.146,38.470,-127.942,-139.749,1.500,3.944,1.884,37.720,-129.914,-140.691,39.220,-125.970,-138.807
16,42037-1-1__Imported1,other,44.272,-257.397,-121.782,-205.470,4.196,17.858,7.549,-260.179,-131.716,-209.244,-255.983,-113.858,-201.695
17,Bus Bar-1,busbar,980.331,-254.540,-127.941,-192.370,4.826,10.000,34.600,-256.556,-132.941,-209.670,-251.730,-122.941,-175.070
18,93705A823_18-8 Stainless Steel Thread-Locking Socket Head Screw-1,fastener,229.963,-255.565,-127.937,-180.264,14.104,7.003,7.003,-260.558,-131.443,-183.771,-246.454,-124.440,-176.768
19,93705A823_18-8 Stainless Steel Thread-Locking Socket Head Screw-1,fastener,229.963,-256.073,-127.937,-205.464,14.104,7.003,7.003,-261.066,-131.443,-208.971,-246.962,-124.440,-201.968
20,Interconnect Cover-1,busbar,10.372,-263.480,-127.941,-188.622,1.500,6.000,1.152,-264.230,-130.941,-189.198,-262.730,-124.941,-188.046
21,Interconnect Cover-1,busbar,25.920,-263.480,-127.941,-194.641,1.500,6.000,4.118,-264.230,-130.941,-196.685,-262.730,-124.941,-192.566
22,Interconnect Cover-1,busbar,1547.850,-260.034,-127.941,-192.341,12.592,14.088,38.688,-264.239,-134.985,-211.714,-251.647,-120.897,-173.025
23,Interconnect Cover-1,busbar,11.146,-263.480,-127.942,-194.590,1.500,3.944,1.884,-264.230,-129.914,-195.532,-262.730,-125.970,-193.648
24,Bus Bar-1,busbar,980.331,29.529,-127.941,-343.570,4.826,10.000,34.600,26.720,-132.941,-360.870,31.546,-122.941,-326.270
25,42037-1-1__Imported1,other,44.272,32.386,-121.782,-330.470,4.196,17.858,7.549,30.972,-131.716,-334.244,35.168,-113.858,-326.695
26,93705A823_18-8 Stainless Steel Thread-Locking Socket Head Screw-1,fastener,229.963,30.554,-127.937,-355.675,14.104,7.003,7.003,21.443,-131.443,-359.171,35.547,-124.440,-352.168
27,Interconnect Cover-1,busbar,25.920,38.470,-127.941,-341.298,1.500,6.000,4.118,37.720,-130.941,-343.373,39.220,-124.941,-339.254
28,Interconnect Cover-1,busbar,11.146,38.470,-127.942,-341.349,1.500,3.944,1.884,37.720,-129.914,-342.291,39.220,-125.970,-340.407
29,Interconnect Cover-1,busbar,10.372,38.470,-127.941,-347.317,1.500,6.000,1.152,37.720,-130.941,-347.894,39.220,-124.941,-346.741
30,Interconnect Cover-1,busbar,1547.850,35.023,-127.941,-343.599,12.592,14.088,38.688,26.636,-134.985,-362.914,39.228,-120.897,-324.225
31,93705A823_18-8 Stainless Steel Thread-Locking Socket Head Screw-1,fastener,229.963,31.062,-127.937,-330.475,14.104,7.003,7.003,21.951,-131.443,-333.971,36.055,-124.440,-326.968
32,Positive Busbar Conductor-1,busbar,13386.967,-251.630,-98.941,-279.987,6.350,6.350,431.400,-254.805,-102.116,-496.270,-248.455,-95.766,-64.870
33,Positive Busbar Washer-1,busbar,176.715,-251.630,-98.941,-494.770,10.000,10.000,3.000,-256.630,-103.941,-496.270,-246.630,-93.941,-493.270
34,Busbar Insulation-1,busbar,4534.245,-251.630,-98.941,-281.570,7.350,7.350,421.400,-255.305,-102.616,-492.270,-247.955,-95.266,-70.870
35,93705A823_18-8 Stainless Steel Thread-Locking Socket Head Screw-1,fastener,229.963,-251.636,-98.937,-495.453,7.003,7.003,14.104,-255.132,-102.443,-500.446,-248.129,-95.440,-486.342
36,93705A823_18-8 Stainless Steel Thread-Locking Socket Head Screw-1,fastener,229.963,30.554,-127.937,-305.275,14.104,7.003,7.003,21.443,-131.443,-308.771,35.547,-124.440,-301.768
37,Bus Bar-1,busbar,980.331,29.529,-127.941,-293.170,4.826,10.000,34.600,26.720,-132.941,-310.470,31.546,-122.941,-275.870
38,93705A823_18-8 Stainless Steel Thread-Locking Socket Head Screw-1,fastener,229.963,31.062,-127.937,-280.075,14.104,7.003,7.003,21.951,-131.443,-283.571,36.055,-124.440,-276.568
39,42037-1-1__Imported1,other,44.272,32.386,-121.782,-280.070,4.196,17.858,7.549,30.972,-131.716,-283.844,35.168,-113.858,-276.295
40,Interconnect Cover-1,busbar,11.146,38.470,-127.942,-290.949,1.500,3.944,1.884,37.720,-129.914,-291.891,39.220,-125.970,-290.007
41,Interconnect Cover-1,busbar,10.372,38.470,-127.941,-296.917,1.500,6.000,1.152,37.720,-130.941,-297.494,39.220,-124.941,-296.341
42,Interconnect Cover-1,busbar,1547.850,35.023,-127.941,-293.199,12.592,14.088,38.688,26.636,-134.985,-312.514,39.228,-120.897,-273.825
43,Interconnect Cover-1,busbar,25.920,38.470,-127.941,-290.898,1.500,6.000,4.118,37.720,-130.941,-292.973,39.220,-124.941,-288.854
44,92095A216_Button Head Hex Drive Screw-1,fastener,884.580,-251.741,-239.379,-528.476,9.502,27.997,9.502,-256.381,-255.688,-533.221,-246.879,-227.690,-523.719
45,93705A823_18-8 Stainless Steel Thread-Locking Socket Head Screw-1,fastener,229.963,30.554,-127.937,-204.475,14.104,7.003,7.003,21.443,-131.443,-207.971,35.547,-124.440,-200.968
46,93705A823_18-8 Stainless Steel Thread-Locking Socket Head Screw-1,fastener,229.963,31.062,-127.937,-179.275,14.104,7.003,7.003,21.951,-131.443,-182.771,36.055,-124.440,-175.768
47,Bus Bar-1,busbar,980.331,29.529,-127.941,-192.370,4.826,10.000,34.600,26.720,-132.941,-209.670,31.546,-122.941,-175.070
48,42037-1-1__Imported1,other,44.272,32.386,-121.782,-179.270,4.196,17.858,7.549,30.972,-131.716,-183.044,35.168,-113.858,-175.495
49,Interconnect Cover-1,busbar,25.920,38.470,-127.941,-190.098,1.500,6.000,4.118,37.720,-130.941,-192.173,39.220,-124.941,-188.054
50,Interconnect Cover-1,busbar,11.146,38.470,-127.942,-190.149,1.500,3.944,1.884,37.720,-129.914,-191.091,39.220,-125.970,-189.207
51,Interconnect Cover-1,busbar,1547.850,35.023,-127.941,-192.399,12.592,14.088,38.688,26.636,-134.985,-211.714,39.228,-120.897,-173.025
52,Interconnect Cover-1,busbar,10.372,38.470,-127.941,-196.117,1.500,6.000,1.152,37.720,-130.941,-196.694,39.220,-124.941,-195.541
53,93705A823_18-8 Stainless Steel Thread-Locking Socket Head Screw-1,fastener,229.963,-255.565,-127.937,-230.664,14.104,7.003,7.003,-260.558,-131.443,-234.171,-246.454,-124.440,-227.168
54,93705A823_18-8 Stainless Steel Thread-Locking Socket Head Screw-1,fastener,229.963,-256.073,-127.937,-255.864,14.104,7.003,7.003,-261.066,-131.443,-259.371,-246.962,-124.440,-252.368
55,Bus Bar-1,busbar,980.331,-254.540,-127.941,-242.770,4.826,10.000,34.600,-256.556,-132.941,-260.070,-251.730,-122.941,-225.470
56,42037-1-1__Imported1,other,44.272,-257.397,-121.782,-255.870,4.196,17.858,7.549,-260.179,-131.716,-259.644,-255.983,-113.858,-252.095
57,Interconnect Cover-1,busbar,25.920,-263.480,-127.941,-245.041,1.500,6.000,4.118,-264.230,-130.941,-247.085,-262.730,-124.941,-242.966
58,Interconnect Cover-1,busbar,11.146,-263.480,-127.942,-244.990,1.500,3.944,1.884,-264.230,-129.914,-245.932,-262.730,-125.970,-244.048
59,Interconnect Cover-1,busbar,10.372,-263.480,-127.941,-239.022,1.500,6.000,1.152,-264.230,-130.941,-239.598,-262.730,-124.941,-238.446
60,Interconnect Cover-1,busbar,1547.850,-260.034,-127.941,-242.741,12.592,14.088,38.688,-264.239,-134.985,-262.114,-251.647,-120.897,-223.425
61,42037-1-1__Imported1,other,44.272,32.386,-201.782,-456.470,4.196,17.858,7.549,30.972,-211.716,-460.244,35.168,-193.858,-452.695
62,Bus Bar-1,busbar,980.331,29.529,-207.941,-469.570,4.826,10.000,34.600,26.720,-212.941,-486.870,31.546,-202.941,-452.270
63,Interconnect Cover-1,busbar,10.372,38.470,-207.941,-473.317,1.500,6.000,1.152,37.720,-210.941,-473.894,39.220,-204.941,-472.741
64,Interconnect Cover-1,busbar,11.146,38.470,-207.942,-467.349,1.500,3.944,1.884,37.720,-209.914,-468.291,39.220,-205.970,-466.407
65,Interconnect Cover-1,busbar,25.920,38.470,-207.941,-467.298,1.500,6.000,4.118,37.720,-210.941,-469.373,39.220,-204.941,-465.254
66,Interconnect Cover-1,busbar,1547.850,35.023,-207.941,-469.599,12.592,14.088,38.688,26.636,-214.985,-488.914,39.228,-200.897,-450.225
67,93705A823_18-8 Stainless Steel Thread-Locking Socket Head Screw-1,fastener,229.963,31.062,-207.937,-456.475,14.104,7.003,7.003,21.951,-211.443,-459.971,36.055,-204.440,-452.968
68,93705A823_18-8 Stainless Steel Thread-Locking Socket Head Screw-1,fastener,229.963,30.554,-207.937,-481.675,14.104,7.003,7.003,21.443,-211.443,-485.171,35.547,-204.440,-478.168
69,Bus Bar-1,busbar,980.331,29.529,-207.941,-318.370,4.826,10.000,34.600,26.720,-212.941,-335.670,31.546,-202.941,-301.070
70,42037-1-1__Imported1,other,44.272,32.386,-201.782,-305.270,4.196,17.858,7.549,30.972,-211.716,-309.044,35.168,-193.858,-301.495
71,93705A823_18-8 Stainless Steel Thread-Locking Socket Head Screw-1,fastener,229.963,30.554,-207.937,-330.475,14.104,7.003,7.003,21.443,-211.443,-333.971,35.547,-204.440,-326.968
72,93705A823_18-8 Stainless Steel Thread-Locking Socket Head Screw-1,fastener,229.963,31.062,-207.937,-305.275,14.104,7.003,7.003,21.951,-211.443,-308.771,36.055,-204.440,-301.768
73,Interconnect Cover-1,busbar,11.146,38.470,-207.942,-316.149,1.500,3.944,1.884,37.720,-209.914,-317.091,39.220,-205.970,-315.207
74,Interconnect Cover-1,busbar,1547.850,35.023,-207.941,-318.399,12.592,14.088,38.688,26.636,-214.985,-337.714,39.228,-200.897,-299.025
75,Interconnect Cover-1,busbar,10.372,38.470,-207.941,-322.117,1.500,6.000,1.152,37.720,-210.941,-322.694,39.220,-204.941,-321.541
76,Interconnect Cover-1,busbar,25.920,38.470,-207.941,-316.098,1.500,6.000,4.118,37.720,-210.941,-318.173,39.220,-204.941,-314.054
77,Merlin Dummy Spacer (Gen XI Mounting)-1,structure,208157.833,-106.995,-168.379,-508.502,299.898,159.648,25.200,-262.454,-247.765,-518.470,37.444,-88.117,-493.270
78,Bus Bar-1,busbar,980.331,-254.540,-127.941,-293.170,4.826,10.000,34.600,-256.556,-132.941,-310.470,-251.730,-122.941,-275.870
79,42037-1-1__Imported1,other,44.272,-257.397,-121.782,-306.270,4.196,17.858,7.549,-260.179,-131.716,-310.044,-255.983,-113.858,-302.495
80,93705A823_18-8 Stainless Steel Thread-Locking Socket Head Screw-1,fastener,229.963,-255.565,-127.937,-281.064,14.104,7.003,7.003,-260.558,-131.443,-284.571,-246.454,-124.440,-277.568
81,Interconnect Cover-1,busbar,25.920,-263.480,-127.941,-295.441,1.500,6.000,4.118,-264.230,-130.941,-297.485,-262.730,-124.941,-293.366
82,Interconnect Cover-1,busbar,11.146,-263.480,-127.942,-295.390,1.500,3.944,1.884,-264.230,-129.914,-296.332,-262.730,-125.970,-294.448
83,Interconnect Cover-1,busbar,10.372,-263.480,-127.941,-289.422,1.500,6.000,1.152,-264.230,-130.941,-289.998,-262.730,-124.941,-288.846
84,Interconnect Cover-1,busbar,1547.850,-260.034,-127.941,-293.141,12.592,14.088,38.688,-264.239,-134.985,-312.514,-251.647,-120.897,-273.825
85,93705A823_18-8 Stainless Steel Thread-Locking Socket Head Screw-1,fastener,229.963,-256.073,-127.937,-306.264,14.104,7.003,7.003,-261.066,-131.443,-309.771,-246.962,-124.440,-302.768
86,93705A823_18-8 Stainless Steel Thread-Locking Socket Head Screw-1,fastener,229.963,-255.565,-207.937,-407.064,14.104,7.003,7.003,-260.558,-211.443,-410.571,-246.454,-204.440,-403.568
87,42037-1-1__Imported1,other,44.272,-257.397,-201.782,-432.270,4.196,17.858,7.549,-260.179,-211.716,-436.044,-255.983,-193.858,-428.495
88,93705A823_18-8 Stainless Steel Thread-Locking Socket Head Screw-1,fastener,229.963,-256.073,-207.937,-432.264,14.104,7.003,7.003,-261.066,-211.443,-435.771,-246.962,-204.440,-428.768
89,Bus Bar-1,busbar,980.331,-254.540,-207.941,-419.170,4.826,10.000,34.600,-256.556,-212.941,-436.470,-251.730,-202.941,-401.870
90,Interconnect Cover-1,busbar,11.146,-263.480,-207.942,-421.390,1.500,3.944,1.884,-264.230,-209.914,-422.332,-262.730,-205.970,-420.448
91,Interconnect Cover-1,busbar,1547.850,-260.034,-207.941,-419.141,12.592,14.088,38.688,-264.239,-214.985,-438.514,-251.647,-200.897,-399.825
92,Interconnect Cover-1,busbar,25.920,-263.480,-207.941,-421.441,1.500,6.000,4.118,-264.230,-210.941,-423.485,-262.730,-204.941,-419.366
93,Interconnect Cover-1,busbar,10.372,-263.480,-207.941,-415.422,1.500,6.000,1.152,-264.230,-210.941,-415.998,-262.730,-204.941,-414.846
94,42037-1-1__Imported1,other,44.272,32.386,-201.782,-406.070,4.196,17.858,7.549,30.972,-211.716,-409.844,35.168,-193.858,-402.295
95,93705A823_18-8 Stainless Steel Thread-Locking Socket Head Screw-1,fastener,229.963,31.062,-207.937,-406.075,14.104,7.003,7.003,21.951,-211.443,-409.571,36.055,-204.440,-402.568
96,93705A823_18-8 Stainless Steel Thread-Locking Socket Head Screw-1,fastener,229.963,30.554,-207.937,-431.275,14.104,7.003,7.003,21.443,-211.443,-434.771,35.547,-204.440,-427.768
97,Interconnect Cover-1,busbar,25.920,38.470,-207.941,-416.898,1.500,6.000,4.118,37.720,-210.941,-418.973,39.220,-204.941,-414.854
98,Interconnect Cover-1,busbar,1547.850,35.023,-207.941,-419.199,12.592,14.088,38.688,26.636,-214.985,-438.514,39.228,-200.897,-399.825
99,Interconnect Cover-1,busbar,10.372,38.470,-207.941,-422.917,1.500,6.000,1.152,37.720,-210.941,-423.494,39.220,-204.941,-422.341
100,Interconnect Cover-1,busbar,11.146,38.470,-207.942,-416.949,1.500,3.944,1.884,37.720,-209.914,-417.891,39.220,-205.970,-416.007
101,Bus Bar-1,busbar,980.331,29.529,-207.941,-419.170,4.826,10.000,34.600,26.720,-212.941,-436.470,31.546,-202.941,-401.870
102,42037-1-1__Imported1,other,44.272,32.386,-201.782,-204.470,4.196,17.858,7.549,30.972,-211.716,-208.244,35.168,-193.858,-200.695
103,Bus Bar-1,busbar,980.331,29.529,-207.941,-217.570,4.826,10.000,34.600,26.720,-212.941,-234.870,31.546,-202.941,-200.270
104,93705A823_18-8 Stainless Steel Thread-Locking Socket Head Screw-1,fastener,229.963,30.554,-207.937,-229.675,14.104,7.003,7.003,21.443,-211.443,-233.171,35.547,-204.440,-226.168
105,93705A823_18-8 Stainless Steel Thread-Locking Socket Head Screw-1,fastener,229.963,31.062,-207.937,-204.475,14.104,7.003,7.003,21.951,-211.443,-207.971,36.055,-204.440,-200.968
106,Interconnect Cover-1,busbar,25.920,38.470,-207.941,-215.298,1.500,6.000,4.118,37.720,-210.941,-217.373,39.220,-204.941,-213.254
107,Interconnect Cover-1,busbar,10.372,38.470,-207.941,-221.317,1.500,6.000,1.152,37.720,-210.941,-221.894,39.220,-204.941,-220.741
108,Interconnect Cover-1,busbar,11.146,38.470,-207.942,-215.349,1.500,3.944,1.884,37.720,-209.914,-216.291,39.220,-205.970,-214.407
109,Interconnect Cover-1,busbar,1547.850,35.023,-207.941,-217.599,12.592,14.088,38.688,26.636,-214.985,-236.914,39.228,-200.897,-198.225
110,Bus Bar-1,busbar,980.331,-254.540,-127.941,-393.970,4.826,10.000,34.600,-256.556,-132.941,-411.270,-251.730,-122.941,-376.670
111,42037-1-1__Imported1,other,44.272,-257.397,-121.782,-407.070,4.196,17.858,7.549,-260.179,-131.716,-410.844,-255.983,-113.858,-403.295
112,93705A823_18-8 Stainless Steel Thread-Locking Socket Head Screw-1,fastener,229.963,-255.565,-127.937,-381.864,14.104,7.003,7.003,-260.558,-131.443,-385.371,-246.454,-124.440,-378.368
113,93705A823_18-8 Stainless Steel Thread-Locking Socket Head Screw-1,fastener,229.963,-256.073,-127.937,-407.064,14.104,7.003,7.003,-261.066,-131.443,-410.571,-246.962,-124.440,-403.568
114,Interconnect Cover-1,busbar,11.146,-263.480,-127.942,-396.190,1.500,3.944,1.884,-264.230,-129.914,-397.132,-262.730,-125.970,-395.248
115,Interconnect Cover-1,busbar,1547.850,-260.034,-127.941,-393.941,12.592,14.088,38.688,-264.239,-134.985,-413.314,-251.647,-120.897,-374.625
116,Interconnect Cover-1,busbar,25.920,-263.480,-127.941,-396.241,1.500,6.000,4.118,-264.230,-130.941,-398.285,-262.730,-124.941,-394.166
117,Interconnect Cover-1,busbar,10.372,-263.480,-127.941,-390.222,1.500,6.000,1.152,-264.230,-130.941,-390.798,-262.730,-124.941,-389.646
118,42037-1-1__Imported1,other,44.272,-257.397,-201.782,-230.670,4.196,17.858,7.549,-260.179,-211.716,-234.444,-255.983,-193.858,-226.895
119,93705A823_18-8 Stainless Steel Thread-Locking Socket Head Screw-1,fastener,229.963,-255.565,-207.937,-205.464,14.104,7.003,7.003,-260.558,-211.443,-208.971,-246.454,-204.440,-201.968
120,93705A823_18-8 Stainless Steel Thread-Locking Socket Head Screw-1,fastener,229.963,-256.073,-207.937,-230.664,14.104,7.003,7.003,-261.066,-211.443,-234.171,-246.962,-204.440,-227.168
121,Interconnect Cover-1,busbar,25.920,-263.480,-207.941,-219.841,1.500,6.000,4.118,-264.230,-210.941,-221.885,-262.730,-204.941,-217.766
122,Interconnect Cover-1,busbar,10.372,-263.480,-207.941,-213.822,1.500,6.000,1.152,-264.230,-210.941,-214.398,-262.730,-204.941,-213.246
123,Interconnect Cover-1,busbar,11.146,-263.480,-207.942,-219.790,1.500,3.944,1.884,-264.230,-209.914,-220.732,-262.730,-205.970,-218.848
124,Interconnect Cover-1,busbar,1547.850,-260.034,-207.941,-217.541,12.592,14.088,38.688,-264.239,-214.985,-236.914,-251.647,-200.897,-198.225
125,Bus Bar-1,busbar,980.331,-254.540,-207.941,-217.570,4.826,10.000,34.600,-256.556,-212.941,-234.870,-251.730,-202.941,-200.270
126,42037-1-1__Imported1,other,44.272,-257.397,-201.782,-381.870,4.196,17.858,7.549,-260.179,-211.716,-385.644,-255.983,-193.858,-378.095
127,Bus Bar-1,busbar,980.331,-254.540,-207.941,-368.770,4.826,10.000,34.600,-256.556,-212.941,-386.070,-251.730,-202.941,-351.470
128,93705A823_18-8 Stainless Steel Thread-Locking Socket Head Screw-1,fastener,229.963,-256.073,-207.937,-381.864,14.104,7.003,7.003,-261.066,-211.443,-385.371,-246.962,-204.440,-378.368
129,Interconnect Cover-1,busbar,25.920,-263.480,-207.941,-371.041,1.500,6.000,4.118,-264.230,-210.941,-373.085,-262.730,-204.941,-368.966
130,Interconnect Cover-1,busbar,10.372,-263.480,-207.941,-365.022,1.500,6.000,1.152,-264.230,-210.941,-365.598,-262.730,-204.941,-364.446
131,Interconnect Cover-1,busbar,11.146,-263.480,-207.942,-370.990,1.500,3.944,1.884,-264.230,-209.914,-371.932,-262.730,-205.970,-370.048
132,Interconnect Cover-1,busbar,1547.850,-260.034,-207.941,-368.741,12.592,14.088,38.688,-264.239,-214.985,-388.114,-251.647,-200.897,-349.425
133,93705A823_18-8 Stainless Steel Thread-Locking Socket Head Screw-1,fastener,229.963,-255.565,-207.937,-356.664,14.104,7.003,7.003,-260.558,-211.443,-360.171,-246.454,-204.440,-353.168
134,93705A823_18-8 Stainless Steel Thread-Locking Socket Head Screw-1,fastener,229.963,31.062,-127.937,-380.875,14.104,7.003,7.003,21.951,-131.443,-384.371,36.055,-124.440,-377.368
135,93705A823_18-8 Stainless Steel Thread-Locking Socket Head Screw-1,fastener,229.963,30.554,-127.937,-406.075,14.104,7.003,7.003,21.443,-131.443,-409.571,35.547,-124.440,-402.568
136,42037-1-1__Imported1,other,44.272,32.386,-121.782,-380.870,4.196,17.858,7.549,30.972,-131.716,-384.644,35.168,-113.858,-377.095
137,Bus Bar-1,busbar,980.331,29.529,-127.941,-393.970,4.826,10.000,34.600,26.720,-132.941,-411.270,31.546,-122.941,-376.670
138,Interconnect Cover-1,busbar,1547.850,35.023,-127.941,-393.999,12.592,14.088,38.688,26.636,-134.985,-413.314,39.228,-120.897,-374.625
139,Interconnect Cover-1,busbar,11.146,38.470,-127.942,-391.749,1.500,3.944,1.884,37.720,-129.914,-392.691,39.220,-125.970,-390.807
140,Interconnect Cover-1,busbar,10.372,38.470,-127.941,-397.717,1.500,6.000,1.152,37.720,-130.941,-398.294,39.220,-124.941,-397.141
141,Interconnect Cover-1,busbar,25.920,38.470,-127.941,-391.698,1.500,6.000,4.118,37.720,-130.941,-393.773,39.220,-124.941,-389.654
142,42037-1-1__Imported1,other,44.272,-257.397,-121.782,-356.670,4.196,17.858,7.549,-260.179,-131.716,-360.444,-255.983,-113.858,-352.895
143,Bus Bar-1,busbar,980.331,-254.540,-127.941,-343.570,4.826,10.000,34.600,-256.556,-132.941,-360.870,-251.730,-122.941,-326.270
144,93705A823_18-8 Stainless Steel Thread-Locking Socket Head Screw-1,fastener,229.963,-255.565,-127.937,-331.464,14.104,7.003,7.003,-260.558,-131.443,-334.971,-246.454,-124.440,-327.968
145,Interconnect Cover-1,busbar,10.372,-263.480,-127.941,-339.822,1.500,6.000,1.152,-264.230,-130.941,-340.398,-262.730,-124.941,-339.246
146,Interconnect Cover-1,busbar,25.920,-263.480,-127.941,-345.841,1.500,6.000,4.118,-264.230,-130.941,-347.885,-262.730,-124.941,-343.766
147,Interconnect Cover-1,busbar,1547.850,-260.034,-127.941,-343.541,12.592,14.088,38.688,-264.239,-134.985,-362.914,-251.647,-120.897,-324.225
148,Interconnect Cover-1,busbar,11.146,-263.480,-127.942,-345.790,1.500,3.944,1.884,-264.230,-129.914,-346.732,-262.730,-125.970,-344.848
149,93705A823_18-8 Stainless Steel Thread-Locking Socket Head Screw-1,fastener,229.963,-256.073,-127.937,-356.664,14.104,7.003,7.003,-261.066,-131.443,-360.171,-246.962,-124.440,-353.168
150,93705A823_18-8 Stainless Steel Thread-Locking Socket Head Screw-1,fastener,229.963,31.062,-207.937,-254.875,14.104,7.003,7.003,21.951,-211.443,-258.371,36.055,-204.440,-251.368
151,42037-1-1__Imported1,other,44.272,32.386,-201.782,-254.870,4.196,17.858,7.549,30.972,-211.716,-258.644,35.168,-193.858,-251.095
152,Bus Bar-1,busbar,980.331,29.529,-207.941,-267.970,4.826,10.000,34.600,26.720,-212.941,-285.270,31.546,-202.941,-250.670
153,93705A823_18-8 Stainless Steel Thread-Locking Socket Head Screw-1,fastener,229.963,30.554,-207.937,-280.075,14.104,7.003,7.003,21.443,-211.443,-283.571,35.547,-204.440,-276.568
154,Interconnect Cover-1,busbar,11.146,38.470,-207.942,-265.749,1.500,3.944,1.884,37.720,-209.914,-266.691,39.220,-205.970,-264.807
155,Interconnect Cover-1,busbar,25.920,38.470,-207.941,-265.698,1.500,6.000,4.118,37.720,-210.941,-267.773,39.220,-204.941,-263.654
156,Interconnect Cover-1,busbar,10.372,38.470,-207.941,-271.717,1.500,6.000,1.152,37.720,-210.941,-272.294,39.220,-204.941,-271.141
157,Interconnect Cover-1,busbar,1547.850,35.023,-207.941,-267.999,12.592,14.088,38.688,26.636,-214.985,-287.314,39.228,-200.897,-248.625
158,Busbar Insulation-1,busbar,4534.245,26.620,-98.941,-281.570,7.350,7.350,421.400,22.945,-102.616,-492.270,30.295,-95.266,-70.870
159,Positive Busbar Washer-1,busbar,176.715,26.620,-98.941,-494.770,10.000,10.000,3.000,21.620,-103.941,-496.270,31.620,-93.941,-493.270
160,93705A823_18-8 Stainless Steel Thread-Locking Socket Head Screw-1,fastener,229.963,26.625,-98.945,-495.453,7.003,7.003,14.104,23.118,-102.443,-500.446,30.121,-95.440,-486.342
161,Positive Busbar Conductor-1,busbar,13386.967,26.620,-98.941,-279.987,6.350,6.350,431.400,23.445,-102.116,-496.270,29.795,-95.766,-64.870
162,Bus Bar-1,busbar,980.331,29.529,-127.941,-444.370,4.826,10.000,34.600,26.720,-132.941,-461.670,31.546,-122.941,-427.070
163,Interconnect Cover-1,busbar,10.372,38.470,-127.941,-448.117,1.500,6.000,1.152,37.720,-130.941,-448.694,39.220,-124.941,-447.541
164,Interconnect Cover-1,busbar,25.920,38.470,-127.941,-442.098,1.500,6.000,4.118,37.720,-130.941,-444.173,39.220,-124.941,-440.054
165,Interconnect Cover-1,busbar,1547.850,35.023,-127.941,-444.399,12.592,14.088,38.688,26.636,-134.985,-463.714,39.228,-120.897,-425.025
166,Interconnect Cover-1,busbar,11.146,38.470,-127.942,-442.149,1.500,3.944,1.884,37.720,-129.914,-443.091,39.220,-125.970,-441.207
167,93705A823_18-8 Stainless Steel Thread-Locking Socket Head Screw-1,fastener,229.963,31.062,-127.937,-431.275,14.104,7.003,7.003,21.951,-131.443,-434.771,36.055,-124.440,-427.768
168,93705A823_18-8 Stainless Steel Thread-Locking Socket Head Screw-1,fastener,229.963,30.554,-127.937,-456.475,14.104,7.003,7.003,21.443,-131.443,-459.971,35.547,-124.440,-452.968
169,42037-1-1__Imported1,other,44.272,32.386,-121.782,-431.270,4.196,17.858,7.549,30.972,-131.716,-435.044,35.168,-113.858,-427.495
170,42037-1-1__Imported1,other,44.272,-257.397,-201.782,-129.870,4.196,17.858,7.549,-260.179,-211.716,-133.644,-255.983,-193.858,-126.095
171,93705A823_18-8 Stainless Steel Thread-Locking Socket Head Screw-1,fastener,229.963,-255.565,-207.937,-104.664,14.104,7.003,7.003,-260.558,-211.443,-108.171,-246.454,-204.440,-101.168
172,93705A823_18-8 Stainless Steel Thread-Locking Socket Head Screw-1,fastener,229.963,-256.073,-207.937,-129.864,14.104,7.003,7.003,-261.066,-211.443,-133.371,-246.962,-204.440,-126.368
173,Interconnect Cover-1,busbar,25.920,-263.480,-207.941,-119.041,1.500,6.000,4.118,-264.230,-210.941,-121.085,-262.730,-204.941,-116.966
174,Interconnect Cover-1,busbar,11.146,-263.480,-207.942,-118.990,1.500,3.944,1.884,-264.230,-209.914,-119.932,-262.730,-205.970,-118.048
175,Interconnect Cover-1,busbar,10.372,-263.480,-207.941,-113.022,1.500,6.000,1.152,-264.230,-210.941,-113.598,-262.730,-204.941,-112.446
176,Interconnect Cover-1,busbar,1547.850,-260.034,-207.941,-116.741,12.592,14.088,38.688,-264.239,-214.985,-136.114,-251.647,-200.897,-97.425
177,Bus Bar-1,busbar,980.331,-254.540,-207.941,-116.770,4.826,10.000,34.600,-256.556,-212.941,-134.070,-251.730,-202.941,-99.470
178,Bus Bar-1,busbar,980.331,-254.540,-207.941,-167.170,4.826,10.000,34.600,-256.556,-212.941,-184.470,-251.730,-202.941,-149.870
179,42037-1-1__Imported1,other,44.272,-257.397,-201.782,-180.270,4.196,17.858,7.549,-260.179,-211.716,-184.044,-255.983,-193.858,-176.495
180,Interconnect Cover-1,busbar,10.372,-263.480,-207.941,-163.422,1.500,6.000,1.152,-264.230,-210.941,-163.998,-262.730,-204.941,-162.846
181,Interconnect Cover-1,busbar,1547.850,-260.034,-207.941,-167.141,12.592,14.088,38.688,-264.239,-214.985,-186.514,-251.647,-200.897,-147.825
182,Interconnect Cover-1,busbar,11.146,-263.480,-207.942,-169.390,1.500,3.944,1.884,-264.230,-209.914,-170.332,-262.730,-205.970,-168.448
183,Interconnect Cover-1,busbar,25.920,-263.480,-207.941,-169.441,1.500,6.000,4.118,-264.230,-210.941,-171.485,-262.730,-204.941,-167.366
184,93705A823_18-8 Stainless Steel Thread-Locking Socket Head Screw-1,fastener,229.963,-255.565,-207.937,-155.064,14.104,7.003,7.003,-260.558,-211.443,-158.571,-246.454,-204.440,-151.568
185,93705A823_18-8 Stainless Steel Thread-Locking Socket Head Screw-1,fastener,229.963,-256.073,-207.937,-180.264,14.104,7.003,7.003,-261.066,-211.443,-183.771,-246.962,-204.440,-176.768
186,93705A823_18-8 Stainless Steel Thread-Locking Socket Head Screw-1,fastener,229.963,31.062,-127.937,-78.475,14.104,7.003,7.003,21.951,-131.443,-81.971,36.055,-124.440,-74.968
187,Interconnect Cover-1,busbar,25.920,38.470,-127.941,-89.298,1.500,6.000,4.118,37.720,-130.941,-91.373,39.220,-124.941,-87.254
188,Interconnect Cover-1,busbar,10.372,38.470,-127.941,-95.317,1.500,6.000,1.152,37.720,-130.941,-95.894,39.220,-124.941,-94.741
189,Interconnect Cover-1,busbar,11.146,38.470,-127.942,-89.349,1.500,3.944,1.884,37.720,-129.914,-90.291,39.220,-125.970,-88.407
190,Interconnect Cover-1,busbar,1547.850,35.023,-127.941,-91.599,12.592,14.088,38.688,26.636,-134.985,-110.914,39.228,-120.897,-72.225
191,Bus Bar-1,busbar,980.331,29.529,-127.941,-91.570,4.826,10.000,34.600,26.720,-132.941,-108.870,31.546,-122.941,-74.270
192,42037-1-1__Imported1,other,44.272,32.386,-121.782,-78.470,4.196,17.858,7.549,30.972,-131.716,-82.244,35.168,-113.858,-74.695
193,93705A823_18-8 Stainless Steel Thread-Locking Socket Head Screw-1,fastener,229.963,30.554,-127.937,-103.675,14.104,7.003,7.003,21.443,-131.443,-107.171,35.547,-124.440,-100.168
194,42037-1-1__Imported1,other,44.272,-257.397,-201.782,-281.070,4.196,17.858,7.549,-260.179,-211.716,-284.844,-255.983,-193.858,-277.295
195,Bus Bar-1,busbar,980.331,-254.540,-207.941,-267.970,4.826,10.000,34.600,-256.556,-212.941,-285.270,-251.730,-202.941,-250.670
196,93705A823_18-8 Stainless Steel Thread-Locking Socket Head Screw-1,fastener,229.963,-256.073,-207.937,-281.064,14.104,7.003,7.003,-261.066,-211.443,-284.571,-246.962,-204.440,-277.568
197,93705A823_18-8 Stainless Steel Thread-Locking Socket Head Screw-1,fastener,229.963,-255.565,-207.937,-255.864,14.104,7.003,7.003,-260.558,-211.443,-259.371,-246.454,-204.440,-252.368
198,Interconnect Cover-1,busbar,10.372,-263.480,-207.941,-264.222,1.500,6.000,1.152,-264.230,-210.941,-264.798,-262.730,-204.941,-263.646
199,Interconnect Cover-1,busbar,11.146,-263.480,-207.942,-270.190,1.500,3.944,1.884,-264.230,-209.914,-271.132,-262.730,-205.970,-269.248
200,Interconnect Cover-1,busbar,25.920,-263.480,-207.941,-270.241,1.500,6.000,4.118,-264.230,-210.941,-272.285,-262.730,-204.941,-268.166
201,Interconnect Cover-1,busbar,1547.850,-260.034,-207.941,-267.941,12.592,14.088,38.688,-264.239,-214.985,-287.314,-251.647,-200.897,-248.625
202,42037-1-1__Imported1,other,44.272,32.386,-201.782,-154.070,4.196,17.858,7.549,30.972,-211.716,-157.844,35.168,-193.858,-150.295
203,Bus Bar-1,busbar,980.331,29.529,-207.941,-167.170,4.826,10.000,34.600,26.720,-212.941,-184.470,31.546,-202.941,-149.870
204,93705A823_18-8 Stainless Steel Thread-Locking Socket Head Screw-1,fastener,229.963,31.062,-207.937,-154.075,14.104,7.003,7.003,21.951,-211.443,-157.571,36.055,-204.440,-150.568
205,Interconnect Cover-1,busbar,11.146,38.470,-207.942,-164.949,1.500,3.944,1.884,37.720,-209.914,-165.891,39.220,-205.970,-164.007
206,Interconnect Cover-1,busbar,10.372,38.470,-207.941,-170.917,1.500,6.000,1.152,37.720,-210.941,-171.494,39.220,-204.941,-170.341
207,Interconnect Cover-1,busbar,25.920,38.470,-207.941,-164.898,1.500,6.000,4.118,37.720,-210.941,-166.973,39.220,-204.941,-162.854
208,Interconnect Cover-1,busbar,1547.850,35.023,-207.941,-167.199,12.592,14.088,38.688,26.636,-214.985,-186.514,39.228,-200.897,-147.825
209,93705A823_18-8 Stainless Steel Thread-Locking Socket Head Screw-1,fastener,229.963,30.554,-207.937,-179.275,14.104,7.003,7.003,21.443,-211.443,-182.771,35.547,-204.440,-175.768
210,93705A823_18-8 Stainless Steel Thread-Locking Socket Head Screw-1,fastener,229.963,-255.565,-207.937,-306.264,14.104,7.003,7.003,-260.558,-211.443,-309.771,-246.454,-204.440,-302.768
211,42037-1-1__Imported1,other,44.272,-257.397,-201.782,-331.470,4.196,17.858,7.549,-260.179,-211.716,-335.244,-255.983,-193.858,-327.695
212,93705A823_18-8 Stainless Steel Thread-Locking Socket Head Screw-1,fastener,229.963,-256.073,-207.937,-331.464,14.104,7.003,7.003,-261.066,-211.443,-334.971,-246.962,-204.440,-327.968
213,Bus Bar-1,busbar,980.331,-254.540,-207.941,-318.370,4.826,10.000,34.600,-256.556,-212.941,-335.670,-251.730,-202.941,-301.070
214,Interconnect Cover-1,busbar,10.372,-263.480,-207.941,-314.622,1.500,6.000,1.152,-264.230,-210.941,-315.198,-262.730,-204.941,-314.046
215,Interconnect Cover-1,busbar,1547.850,-260.034,-207.941,-318.341,12.592,14.088,38.688,-264.239,-214.985,-337.714,-251.647,-200.897,-299.025
216,Interconnect Cover-1,busbar,11.146,-263.480,-207.942,-320.590,1.500,3.944,1.884,-264.230,-209.914,-321.532,-262.730,-205.970,-319.648
217,Interconnect Cover-1,busbar,25.920,-263.480,-207.941,-320.641,1.500,6.000,4.118,-264.230,-210.941,-322.685,-262.730,-204.941,-318.566
218,42037-1-1__Imported1,other,44.272,32.386,-201.782,-355.670,4.196,17.858,7.549,30.972,-211.716,-359.444,35.168,-193.858,-351.895
219,Bus Bar-1,busbar,980.331,29.529,-207.941,-368.770,4.826,10.000,34.600,26.720,-212.941,-386.070,31.546,-202.941,-351.470
220,93705A823_18-8 Stainless Steel Thread-Locking Socket Head Screw-1,fastener,229.963,30.554,-207.937,-380.875,14.104,7.003,7.003,21.443,-211.443,-384.371,35.547,-204.440,-377.368
221,93705A823_18-8 Stainless Steel Thread-Locking Socket Head Screw-1,fastener,229.963,31.062,-207.937,-355.675,14.104,7.003,7.003,21.951,-211.443,-359.171,36.055,-204.440,-352.168
222,Interconnect Cover-1,busbar,11.146,38.470,-207.942,-366.549,1.500,3.944,1.884,37.720,-209.914,-367.491,39.220,-205.970,-365.607
223,Interconnect Cover-1,busbar,10.372,38.470,-207.941,-372.517,1.500,6.000,1.152,37.720,-210.941,-373.094,39.220,-204.941,-371.941
224,Interconnect Cover-1,busbar,25.920,38.470,-207.941,-366.498,1.500,6.000,4.118,37.720,-210.941,-368.573,39.220,-204.941,-364.454
225,Interconnect Cover-1,busbar,1547.850,35.023,-207.941,-368.799,12.592,14.088,38.688,26.636,-214.985,-388.114,39.228,-200.897,-349.425
226,42037-1-1__Imported1,other,44.272,-257.397,-201.782,-482.670,4.196,17.858,7.549,-260.179,-211.716,-486.444,-255.983,-193.858,-478.895
227,93705A823_18-8 Stainless Steel Thread-Locking Socket Head Screw-1,fastener,229.963,-255.565,-207.937,-457.464,14.104,7.003,7.003,-260.558,-211.443,-460.971,-246.454,-204.440,-453.968
228,93705A823_18-8 Stainless Steel Thread-Locking Socket Head Screw-1,fastener,229.963,-256.073,-207.937,-482.664,14.104,7.003,7.003,-261.066,-211.443,-486.171,-246.962,-204.440,-479.168
229,Interconnect Cover-1,busbar,25.920,-263.480,-207.941,-471.841,1.500,6.000,4.118,-264.230,-210.941,-473.885,-262.730,-204.941,-469.766
230,Interconnect Cover-1,busbar,11.146,-263.480,-207.942,-471.790,1.500,3.944,1.884,-264.230,-209.914,-472.732,-262.730,-205.970,-470.848
231,Interconnect Cover-1,busbar,10.372,-263.480,-207.941,-465.822,1.500,6.000,1.152,-264.230,-210.941,-466.398,-262.730,-204.941,-465.246
232,Interconnect Cover-1,busbar,1547.850,-260.034,-207.941,-469.541,12.592,14.088,38.688,-264.239,-214.985,-488.914,-251.647,-200.897,-450.225
233,Bus Bar-1,busbar,980.331,-254.540,-207.941,-469.570,4.826,10.000,34.600,-256.556,-212.941,-486.870,-251.730,-202.941,-452.270
234,42037-1-1__Imported1,other,44.272,32.386,-121.782,-229.670,4.196,17.858,7.549,30.972,-131.716,-233.444,35.168,-113.858,-225.895
235,Bus Bar-1,busbar,980.331,29.529,-127.941,-242.770,4.826,10.000,34.600,26.720,-132.941,-260.070,31.546,-122.941,-225.470
236,93705A823_18-8 Stainless Steel Thread-Locking Socket Head Screw-1,fastener,229.963,30.554,-127.937,-254.875,14.104,7.003,7.003,21.443,-131.443,-258.371,35.547,-124.440,-251.368
237,93705A823_18-8 Stainless Steel Thread-Locking Socket Head Screw-1,fastener,229.963,31.062,-127.937,-229.675,14.104,7.003,7.003,21.951,-131.443,-233.171,36.055,-124.440,-226.168
238,Interconnect Cover-1,busbar,10.372,38.470,-127.941,-246.517,1.500,6.000,1.152,37.720,-130.941,-247.094,39.220,-124.941,-245.941
239,Interconnect Cover-1,busbar,25.920,38.470,-127.941,-240.498,1.500,6.000,4.118,37.720,-130.941,-242.573,39.220,-124.941,-238.454
240,Interconnect Cover-1,busbar,11.146,38.470,-127.942,-240.549,1.500,3.944,1.884,37.720,-129.914,-241.491,39.220,-125.970,-239.607
241,Interconnect Cover-1,busbar,1547.850,35.023,-127.941,-242.799,12.592,14.088,38.688,26.636,-134.985,-262.114,39.228,-120.897,-223.425
242,Bus Bar-1,busbar,980.331,-254.540,-127.941,-444.370,4.826,10.000,34.600,-256.556,-132.941,-461.670,-251.730,-122.941,-427.070
243,42037-1-1__Imported1,other,44.272,-257.397,-121.782,-457.470,4.196,17.858,7.549,-260.179,-131.716,-461.244,-255.983,-113.858,-453.695
244,93705A823_18-8 Stainless Steel Thread-Locking Socket Head Screw-1,fastener,229.963,-255.565,-127.937,-432.264,14.104,7.003,7.003,-260.558,-131.443,-435.771,-246.454,-124.440,-428.768
245,93705A823_18-8 Stainless Steel Thread-Locking Socket Head Screw-1,fastener,229.963,-256.073,-127.937,-457.464,14.104,7.003,7.003,-261.066,-131.443,-460.971,-246.962,-124.440,-453.968
246,Interconnect Cover-1,busbar,10.372,-263.480,-127.941,-440.622,1.500,6.000,1.152,-264.230,-130.941,-441.198,-262.730,-124.941,-440.046
247,Interconnect Cover-1,busbar,11.146,-263.480,-127.942,-446.590,1.500,3.944,1.884,-264.230,-129.914,-447.532,-262.730,-125.970,-445.648
248,Interconnect Cover-1,busbar,25.920,-263.480,-127.941,-446.641,1.500,6.000,4.118,-264.230,-130.941,-448.685,-262.730,-124.941,-444.566
249,Interconnect Cover-1,busbar,1547.850,-260.034,-127.941,-444.341,12.592,14.088,38.688,-264.239,-134.985,-463.714,-251.647,-120.897,-425.025
250,93705A823_18-8 Stainless Steel Thread-Locking Socket Head Screw-1,fastener,229.963,30.554,-207.937,-128.875,14.104,7.003,7.003,21.443,-211.443,-132.371,35.547,-204.440,-125.368
251,93705A823_18-8 Stainless Steel Thread-Locking Socket Head Screw-1,fastener,229.963,31.062,-207.937,-103.675,14.104,7.003,7.003,21.951,-211.443,-107.171,36.055,-204.440,-100.168
252,42037-1-1__Imported1,other,44.272,32.386,-201.782,-103.670,4.196,17.858,7.549,30.972,-211.716,-107.444,35.168,-193.858,-99.895
253,Bus Bar-1,busbar,980.331,29.529,-207.941,-116.770,4.826,10.000,34.600,26.720,-212.941,-134.070,31.546,-202.941,-99.470
254,Interconnect Cover-1,busbar,1547.850,35.023,-207.941,-116.799,12.592,14.088,38.688,26.636,-214.985,-136.114,39.228,-200.897,-97.425
255,Interconnect Cover-1,busbar,11.146,38.470,-207.942,-114.549,1.500,3.944,1.884,37.720,-209.914,-115.491,39.220,-205.970,-113.607
256,Interconnect Cover-1,busbar,10.372,38.470,-207.941,-120.517,1.500,6.000,1.152,37.720,-210.941,-121.094,39.220,-204.941,-119.941
257,Interconnect Cover-1,busbar,25.920,38.470,-207.941,-114.498,1.500,6.000,4.118,37.720,-210.941,-116.573,39.220,-204.941,-112.454
258,42037-1-1__Imported1,other,44.272,-257.397,-121.782,-104.670,4.196,17.858,7.549,-260.179,-131.716,-108.444,-255.983,-113.858,-100.895
259,93705A823_18-8 Stainless Steel Thread-Locking Socket Head Screw-1,fastener,229.963,-255.565,-127.937,-79.464,14.104,7.003,7.003,-260.558,-131.443,-82.971,-246.454,-124.440,-75.968
260,93705A823_18-8 Stainless Steel Thread-Locking Socket Head Screw-1,fastener,229.963,-256.073,-127.937,-104.664,14.104,7.003,7.003,-261.066,-131.443,-108.171,-246.962,-124.440,-101.168
261,Bus Bar-1,busbar,980.331,-254.540,-127.941,-91.570,4.826,10.000,34.600,-256.556,-132.941,-108.870,-251.730,-122.941,-74.270
262,Interconnect Cover-1,busbar,1547.850,-260.034,-127.941,-91.541,12.592,14.088,38.688,-264.239,-134.985,-110.914,-251.647,-120.897,-72.225
263,Interconnect Cover-1,busbar,10.372,-263.480,-127.941,-87.822,1.500,6.000,1.152,-264.230,-130.941,-88.398,-262.730,-124.941,-87.246
264,Interconnect Cover-1,busbar,25.920,-263.480,-127.941,-93.841,1.500,6.000,4.118,-264.230,-130.941,-95.885,-262.730,-124.941,-91.766
265,Interconnect Cover-1,busbar,11.146,-263.480,-127.942,-93.790,1.500,3.944,1.884,-264.230,-129.914,-94.732,-262.730,-125.970,-92.848
266,LG INR18650 MJ1-1,cell,17259.578,5.370,-134.441,-204.327,19.916,65.000,19.916,-4.588,-166.941,-214.285,15.328,-101.941,-194.369
267,Cell Mounting Tape-1,structure,29.032,-179.130,-163.241,-213.898,6.350,4.000,1.143,-182.305,-165.241,-214.470,-175.955,-161.241,-213.327
268,Cell Mounting Tape-1,structure,29.032,-220.130,-229.941,-213.898,6.350,4.000,1.143,-223.305,-231.941,-214.470,-216.955,-227.941,-213.327
269,Divider Board-1,structure,32215.758,-115.026,-166.887,-215.270,298.250,158.000,1.600,-261.630,-246.941,-216.070,36.620,-88.941,-214.470
270,LG INR18650 MJ1-1,cell,17259.578,-179.130,-134.441,-204.327,19.916,65.000,19.916,-189.088,-166.941,-214.285,-169.172,-101.941,-194.369
271,705510072-1__Imported1,other,440.432,22.141,-183.214,-211.909,13.589,11.428,10.795,15.531,-188.895,-218.280,29.120,-177.468,-207.485
272,705510075-1__Imported1,other,710.957,-246.851,-179.372,-211.768,13.589,19.048,10.795,-254.130,-188.895,-218.280,-240.541,-169.848,-207.485
273,Cell Mounting Tape-1,structure,29.032,-35.630,-105.941,-213.898,6.350,4.000,1.143,-38.805,-107.941,-214.470,-32.455,-103.941,-213.327
274,Cell Mounting Tape-1,structure,29.032,-138.130,-172.641,-213.898,6.350,4.000,1.143,-141.305,-174.641,-214.470,-134.955,-170.641,-213.327
275,Cell Mounting Tape-1,structure,29.032,-97.130,-105.941,-213.898,6.350,4.000,1.143,-100.305,-107.941,-214.470,-93.955,-103.941,-213.327
276,Tab Solder-1,busbar,62.918,-56.130,-167.941,-215.270,16.900,2.400,1.600,-64.580,-169.141,-216.070,-47.680,-166.741,-214.470
277,Cell Mounting Tape-1,structure,29.032,-158.630,-105.941,-213.898,6.350,4.000,1.143,-161.805,-107.941,-214.470,-155.455,-103.941,-213.327
278,Tab Solder-1,busbar,62.918,-179.130,-167.941,-215.270,16.900,2.400,1.600,-187.580,-169.141,-216.070,-170.680,-166.741,-214.470
279,Tab Sheet-1,busbar,461.398,-111.861,-168.637,-210.994,258.758,0.203,10.000,-241.759,-168.738,-216.470,16.998,-168.535,-206.470
280,NCU18WB473D6SRB-1,other,0.969,-56.130,-134.441,-214.070,1.600,0.800,0.800,-56.930,-134.841,-214.470,-55.330,-134.041,-213.670
281,Cell Mounting Tape-1,structure,29.032,-76.630,-105.941,-213.898,6.350,4.000,1.143,-79.805,-107.941,-214.470,-73.455,-103.941,-213.327
282,Cell Mounting Tape-1,structure,29.032,-199.630,-105.941,-213.898,6.350,4.000,1.143,-202.805,-107.941,-214.470,-196.455,-103.941,-213.327
283,Cell Mounting Tape-1,structure,29.032,-220.130,-105.941,-213.898,6.350,4.000,1.143,-223.305,-107.941,-214.470,-216.955,-103.941,-213.327
284,Cell Mounting Tape-1,structure,29.032,-15.130,-229.941,-213.898,6.350,4.000,1.143,-18.305,-231.941,-214.470,-11.955,-227.941,-213.327
285,LG INR18650 MJ1-1,cell,17259.578,-97.130,-201.441,-204.327,19.916,65.000,19.916,-107.088,-233.941,-214.285,-87.172,-168.941,-194.369
286,LG INR18650 MJ1-1,cell,17259.578,-117.630,-201.441,-204.327,19.916,65.000,19.916,-127.588,-233.941,-214.285,-107.672,-168.941,-194.369
287,Tab Solder-1,busbar,62.918,-76.630,-234.341,-215.270,16.900,2.400,1.600,-85.080,-235.541,-216.070,-68.180,-233.141,-214.470
288,Tab Solder-1,busbar,62.918,-56.130,-101.541,-215.270,16.900,2.400,1.600,-64.580,-102.741,-216.070,-47.680,-100.341,-214.470
289,LG INR18650 MJ1-1,cell,17259.578,-35.630,-201.441,-204.327,19.916,65.000,19.916,-45.588,-233.941,-214.285,-25.672,-168.941,-194.369
290,Cell Mounting Tape-1,structure,29.032,-56.130,-105.941,-213.898,6.350,4.000,1.143,-59.305,-107.941,-214.470,-52.955,-103.941,-213.327
291,LG INR18650 MJ1-1,cell,17259.578,-199.630,-134.441,-204.327,19.916,65.000,19.916,-209.588,-166.941,-214.285,-189.672,-101.941,-194.369
292,Cell Mounting Tape-1,structure,29.032,-97.130,-163.241,-213.898,6.350,4.000,1.143,-100.305,-165.241,-214.470,-93.955,-161.241,-213.327
293,Cell Mounting Tape-1,structure,29.032,-76.630,-163.241,-213.898,6.350,4.000,1.143,-79.805,-165.241,-214.470,-73.455,-161.241,-213.327
294,Cell Mounting Tape-1,structure,29.032,5.370,-229.941,-213.898,6.350,4.000,1.143,2.195,-231.941,-214.470,8.545,-227.941,-213.327
295,705510072-1__Imported1,other,440.432,-247.152,-152.669,-211.909,13.589,11.428,10.795,-254.130,-158.415,-218.280,-240.541,-146.988,-207.485
296,Tab Solder-1,busbar,62.918,-138.130,-234.341,-215.270,16.900,2.400,1.600,-146.580,-235.541,-216.070,-129.680,-233.141,-214.470
297,LG INR18650 MJ1-1,cell,17259.578,-35.630,-134.441,-204.327,19.916,65.000,19.916,-45.588,-166.941,-214.285,-25.672,-101.941,-194.369
298,Cell Mounting Tape-1,structure,29.032,-97.130,-229.941,-213.898,6.350,4.000,1.143,-100.305,-231.941,-214.470,-93.955,-227.941,-213.327
299,LG INR18650 MJ1-1,cell,17259.578,-117.630,-134.441,-204.327,19.916,65.000,19.916,-127.588,-166.941,-214.285,-107.672,-101.941,-194.369
300,Tab Solder-1,busbar,62.918,-179.130,-101.541,-215.270,16.900,2.400,1.600,-187.580,-102.741,-216.070,-170.680,-100.341,-214.470
301,LG INR18650 MJ1-1,cell,17259.578,-56.130,-201.441,-204.327,19.916,65.000,19.916,-66.088,-233.941,-214.285,-46.172,-168.941,-194.369
302,Tab Solder-1,busbar,62.918,-97.130,-167.941,-215.270,16.900,2.400,1.600,-105.580,-169.141,-216.070,-88.680,-166.741,-214.470
303,Cell Mounting Tape-1,structure,29.032,-158.630,-163.241,-213.898,6.350,4.000,1.143,-161.805,-165.241,-214.470,-155.455,-161.241,-213.327
304,Tab Solder-1,busbar,62.918,-117.630,-101.541,-215.270,16.900,2.400,1.600,-126.080,-102.741,-216.070,-109.180,-100.341,-214.470
305,Tab Solder-1,busbar,62.918,-158.630,-167.941,-215.270,16.900,2.400,1.600,-167.080,-169.141,-216.070,-150.180,-166.741,-214.470
306,705510075-1__Imported1,other,710.957,21.840,-156.511,-211.768,13.589,19.048,10.795,15.531,-166.035,-218.280,29.120,-146.988,-207.485
307,Tab Sheet-1,busbar,461.398,-111.861,-101.637,-210.994,258.758,0.203,10.000,-241.759,-101.738,-216.470,16.998,-101.535,-206.470
308,Cell Mounting Tape-1,structure,29.032,-179.130,-172.641,-213.898,6.350,4.000,1.143,-182.305,-174.641,-214.470,-175.955,-170.641,-213.327
309,Cell Mounting Tape-1,structure,29.032,-117.630,-172.641,-213.898,6.350,4.000,1.143,-120.805,-174.641,-214.470,-114.455,-170.641,-213.327
310,Tab Solder-1,busbar,62.918,5.370,-234.341,-215.270,16.900,2.400,1.600,-3.080,-235.541,-216.070,13.820,-233.141,-214.470
311,Cell Mounting Tape-1,structure,29.032,-56.130,-229.941,-213.898,6.350,4.000,1.143,-59.305,-231.941,-214.470,-52.955,-227.941,-213.327
312,Cell Mounting Tape-1,structure,29.032,-76.630,-229.941,-213.898,6.350,4.000,1.143,-79.805,-231.941,-214.470,-73.455,-227.941,-213.327
313,Tab Solder-1,busbar,62.918,-117.630,-167.941,-215.270,16.900,2.400,1.600,-126.080,-169.141,-216.070,-109.180,-166.741,-214.470
314,Cell Mounting Tape-1,structure,29.032,-179.130,-229.941,-213.898,6.350,4.000,1.143,-182.305,-231.941,-214.470,-175.955,-227.941,-213.327
315,Cell Mounting Tape-1,structure,29.032,-199.630,-172.641,-213.898,6.350,4.000,1.143,-202.805,-174.641,-214.470,-196.455,-170.641,-213.327
316,Cell Mounting Tape-1,structure,29.032,-220.130,-163.241,-213.898,6.350,4.000,1.143,-223.305,-165.241,-214.470,-216.955,-161.241,-213.327
317,Tab Solder-1,busbar,62.918,-15.130,-167.941,-215.270,16.900,2.400,1.600,-23.580,-169.141,-216.070,-6.680,-166.741,-214.470
318,Tab Solder-1,busbar,62.918,-97.130,-234.341,-215.270,16.900,2.400,1.600,-105.580,-235.541,-216.070,-88.680,-233.141,-214.470
319,Cell Mounting Tape-1,structure,29.032,5.370,-163.241,-213.898,6.350,4.000,1.143,2.195,-165.241,-214.470,8.545,-161.241,-213.327
320,Cell Mounting Tape-1,structure,29.032,-117.630,-105.941,-213.898,6.350,4.000,1.143,-120.805,-107.941,-214.470,-114.455,-103.941,-213.327
321,Module Spacer-1,structure,72657.225,-206.228,-167.896,-200.806,160.429,159.686,25.292,-267.790,-247.784,-214.489,-107.361,-88.098,-189.197
322,Module Spacer-1,structure,65797.381,-15.459,-167.889,-200.658,165.275,159.671,179.703,-107.392,-247.777,-298.676,57.883,-88.106,-118.973
323,LG INR18650 MJ1-1,cell,17259.578,-220.130,-201.441,-204.327,19.916,65.000,19.916,-230.088,-233.941,-214.285,-210.172,-168.941,-194.369
324,Cell Mounting Tape-1,structure,29.032,-117.630,-229.941,-213.898,6.350,4.000,1.143,-120.805,-231.941,-214.470,-114.455,-227.941,-213.327
325,Tab Solder-1,busbar,62.918,-76.630,-101.541,-215.270,16.900,2.400,1.600,-85.080,-102.741,-216.070,-68.180,-100.341,-214.470
326,V_r Connection-1,busbar,19.101,-110.572,-169.872,-216.451,256.610,8.997,0.305,-240.628,-172.409,-216.603,15.982,-163.412,-216.298
327,V_r Connection-1,busbar,99.053,-110.553,-169.896,-216.451,255.447,6.541,0.762,-239.658,-171.439,-216.832,15.788,-164.898,-216.070
328,Cell Mounting Tape-1,structure,29.032,-15.130,-105.941,-213.898,6.350,4.000,1.143,-18.305,-107.941,-214.470,-11.955,-103.941,-213.327
329,Cell Mounting Tape-1,structure,29.032,-35.630,-229.941,-213.898,6.350,4.000,1.143,-38.805,-231.941,-214.470,-32.455,-227.941,-213.327
330,NCU18WB473D6SRB-1,other,0.969,-56.130,-201.441,-214.070,1.600,0.800,0.800,-56.930,-201.841,-214.470,-55.330,-201.041,-213.670
331,Tab Solder-1,busbar,62.918,-199.630,-167.941,-215.270,16.900,2.400,1.600,-208.080,-169.141,-216.070,-191.180,-166.741,-214.470
332,90183A214_Washer for Blind Rivets-1,fastener,86.804,27.545,-127.941,-205.470,1.651,9.525,9.525,26.720,-132.704,-210.232,28.371,-123.179,-200.707
333,7792-1__NONE,other,206.066,23.446,-127.941,-211.112,11.547,9.696,13.043,17.042,-132.789,-219.569,28.589,-123.094,-206.526
334,7461111-1__1,other,762.098,23.401,-127.941,-209.151,9.000,9.000,17.500,17.720,-132.441,-217.970,26.720,-123.441,-200.470
335,LG INR18650 MJ1-1,cell,17259.578,-158.630,-201.441,-204.327,19.916,65.000,19.916,-168.588,-233.941,-214.285,-148.672,-168.941,-194.369
336,Tab Solder-1,busbar,62.918,-158.630,-101.541,-215.270,16.900,2.400,1.600,-167.080,-102.741,-216.070,-150.180,-100.341,-214.470
337,Tab Sheet-1,busbar,461.398,-111.861,-167.246,-210.994,258.758,0.203,10.000,-241.759,-167.348,-216.470,16.998,-167.145,-206.470
338,Tab Solder-1,busbar,62.918,-15.130,-234.341,-215.270,16.900,2.400,1.600,-23.580,-235.541,-216.070,-6.680,-233.141,-214.470
339,Tab Solder-1,busbar,62.918,-15.130,-101.541,-215.270,16.900,2.400,1.600,-23.580,-102.741,-216.070,-6.680,-100.341,-214.470
340,Tab Solder-1,busbar,62.918,-220.130,-101.541,-215.270,16.900,2.400,1.600,-228.580,-102.741,-216.070,-211.680,-100.341,-214.470
341,LG INR18650 MJ1-1,cell,17259.578,-179.130,-201.441,-204.327,19.916,65.000,19.916,-189.088,-233.941,-214.285,-169.172,-168.941,-194.369
342,Tab Solder-1,busbar,62.918,-138.130,-101.541,-215.270,16.900,2.400,1.600,-146.580,-102.741,-216.070,-129.680,-100.341,-214.470
343,Tab Solder-1,busbar,62.918,5.370,-101.541,-215.270,16.900,2.400,1.600,-3.080,-102.741,-216.070,13.820,-100.341,-214.470
344,LG INR18650 MJ1-1,cell,17259.578,-97.130,-134.441,-204.327,19.916,65.000,19.916,-107.088,-166.941,-214.285,-87.172,-101.941,-194.369
345,Tab Solder-1,busbar,62.918,-220.130,-167.941,-215.270,16.900,2.400,1.600,-228.580,-169.141,-216.070,-211.680,-166.741,-214.470
346,Tab Sheet-1,busbar,461.398,-111.861,-101.840,-210.994,258.758,0.203,10.000,-241.759,-101.941,-216.470,16.998,-101.738,-206.470
347,Cell Mounting Tape-1,structure,29.032,5.370,-105.941,-213.898,6.350,4.000,1.143,2.195,-107.941,-214.470,8.545,-103.941,-213.327
348,Cell Mounting Tape-1,structure,29.032,-97.130,-172.641,-213.898,6.350,4.000,1.143,-100.305,-174.641,-214.470,-93.955,-170.641,-213.327
349,Cell Mounting Tape-1,structure,29.032,-15.130,-163.241,-213.898,6.350,4.000,1.143,-18.305,-165.241,-214.470,-11.955,-161.241,-213.327
350,Cell Mounting Tape-1,structure,29.032,-56.130,-172.641,-213.898,6.350,4.000,1.143,-59.305,-174.641,-214.470,-52.955,-170.641,-213.327
351,Cell Mounting Tape-1,structure,29.032,-76.630,-172.641,-213.898,6.350,4.000,1.143,-79.805,-174.641,-214.470,-73.455,-170.641,-213.327
352,Cell Mounting Tape-1,structure,29.032,-199.630,-163.241,-213.898,6.350,4.000,1.143,-202.805,-165.241,-214.470,-196.455,-161.241,-213.327
353,Tab Solder-1,busbar,62.918,5.370,-167.941,-215.270,16.900,2.400,1.600,-3.080,-169.141,-216.070,13.820,-166.741,-214.470
354,Tab Solder-1,busbar,62.918,-138.130,-167.941,-215.270,16.900,2.400,1.600,-146.580,-169.141,-216.070,-129.680,-166.741,-214.470
355,Tab Sheet-1,busbar,461.398,-111.861,-168.840,-210.994,258.758,0.203,10.000,-241.759,-168.941,-216.470,16.998,-168.738,-206.470
356,Cell Mounting Tape-1,structure,29.032,5.370,-172.641,-213.898,6.350,4.000,1.143,2.195,-174.641,-214.470,8.545,-170.641,-213.327
357,Cell Mounting Tape-1,structure,29.032,-138.130,-163.241,-213.898,6.350,4.000,1.143,-141.305,-165.241,-214.470,-134.955,-161.241,-213.327
358,Tab Solder-1,busbar,62.918,-35.630,-167.941,-215.270,16.900,2.400,1.600,-44.080,-169.141,-216.070,-27.180,-166.741,-214.470
359,Cell Mounting Tape-1,structure,29.032,-199.630,-229.941,-213.898,6.350,4.000,1.143,-202.805,-231.941,-214.470,-196.455,-227.941,-213.327
360,Tab Sheet-1,busbar,461.398,-111.861,-167.043,-210.994,258.758,0.203,10.000,-241.759,-167.145,-216.470,16.998,-166.941,-206.470
361,NCU18WB473D6SRB-1,other,0.969,-233.005,-159.441,-216.470,1.656,1.656,0.800,-233.833,-160.269,-216.870,-232.178,-158.614,-216.070
362,Tab Solder-1,busbar,62.918,-179.130,-234.341,-215.270,16.900,2.400,1.600,-187.580,-235.541,-216.070,-170.680,-233.141,-214.470
363,NCU18WB473D6SRB-1,other,0.969,-158.630,-201.441,-214.070,1.600,0.800,0.800,-159.430,-201.841,-214.470,-157.830,-201.041,-213.670
364,Tab Solder-1,busbar,62.918,-56.130,-234.341,-215.270,16.900,2.400,1.600,-64.580,-235.541,-216.070,-47.680,-233.141,-214.470
365,LG INR18650 MJ1-1,cell,17259.578,-199.630,-201.441,-204.327,19.916,65.000,19.916,-209.588,-233.941,-214.285,-189.672,-168.941,-194.369
366,Tab Solder-1,busbar,62.918,-199.630,-234.341,-215.270,16.900,2.400,1.600,-208.080,-235.541,-216.070,-191.180,-233.141,-214.470
367,Tab Sheet-1,busbar,461.398,-111.861,-234.246,-210.994,258.758,0.203,10.000,-241.759,-234.348,-216.470,16.998,-234.145,-206.470
368,Cell Mounting Tape-1,structure,29.032,-15.130,-172.641,-213.898,6.350,4.000,1.143,-18.305,-174.641,-214.470,-11.955,-170.641,-213.327
369,Cell Mounting Tape-1,structure,29.032,-138.130,-229.941,-213.898,6.350,4.000,1.143,-141.305,-231.941,-214.470,-134.955,-227.941,-213.327
370,Cell Mounting Tape-1,structure,29.032,-179.130,-105.941,-213.898,6.350,4.000,1.143,-182.305,-107.941,-214.470,-175.955,-103.941,-213.327
371,Tab Solder-1,busbar,62.918,-35.630,-234.341,-215.270,16.900,2.400,1.600,-44.080,-235.541,-216.070,-27.180,-233.141,-214.470
372,7792-1__NONE,other,206.066,-248.457,-127.941,-211.112,11.547,9.696,13.043,-253.600,-132.789,-219.569,-242.053,-123.094,-206.526
373,90183A214_Washer for Blind Rivets-1,fastener,86.804,-252.556,-127.941,-205.470,1.651,9.525,9.525,-253.381,-132.704,-210.232,-251.730,-123.179,-200.707
374,7461111-1__1,other,762.098,-248.412,-127.941,-209.151,9.000,9.000,17.500,-251.730,-132.441,-217.970,-242.730,-123.441,-200.470
375,Cell Mounting Tape-1,structure,29.032,-117.630,-163.241,-213.898,6.350,4.000,1.143,-120.805,-165.241,-214.470,-114.455,-161.241,-213.327
376,90183A214_Washer for Blind Rivets-1,fastener,86.804,27.545,-171.751,-205.470,1.651,9.525,9.525,26.720,-176.514,-210.232,28.371,-166.989,-200.707
377,7461111-1__1,other,762.098,23.401,-171.751,-209.151,9.000,9.000,17.500,17.720,-176.251,-217.970,26.720,-167.251,-200.470
378,7792-1__NONE,other,206.066,23.446,-171.751,-211.112,11.547,9.696,13.043,17.042,-176.599,-219.569,28.589,-166.904,-206.526
379,Cell Mounting Tape-1,structure,29.032,-35.630,-163.241,-213.898,6.350,4.000,1.143,-38.805,-165.241,-214.470,-32.455,-161.241,-213.327
380,LG INR18650 MJ1-1,cell,17259.578,-138.130,-201.441,-204.327,19.916,65.000,19.916,-148.088,-233.941,-214.285,-128.172,-168.941,-194.369
381,LG INR18650 MJ1-1,cell,17259.578,-138.130,-134.441,-204.327,19.916,65.000,19.916,-148.088,-166.941,-214.285,-128.172,-101.941,-194.369
382,Cell Mounting Tape-1,structure,29.032,-220.130,-172.641,-213.898,6.350,4.000,1.143,-223.305,-174.641,-214.470,-216.955,-170.641,-213.327
383,Cell Mounting Tape-1,structure,29.032,-158.630,-172.641,-213.898,6.350,4.000,1.143,-161.805,-174.641,-214.470,-155.455,-170.641,-213.327
384,LG INR18650 MJ1-1,cell,17259.578,-158.630,-134.441,-204.327,19.916,65.000,19.916,-168.588,-166.941,-214.285,-148.672,-101.941,-194.369
385,Tab Solder-1,busbar,62.918,-97.130,-101.541,-215.270,16.900,2.400,1.600,-105.580,-102.741,-216.070,-88.680,-100.341,-214.470
386,Tab Solder-1,busbar,62.918,-158.630,-234.341,-215.270,16.900,2.400,1.600,-167.080,-235.541,-216.070,-150.180,-233.141,-214.470
387,7792-1__NONE,other,206.066,-248.457,-207.941,-211.112,11.547,9.696,13.043,-253.600,-212.789,-219.569,-242.053,-203.094,-206.526
388,90183A214_Washer for Blind Rivets-1,fastener,86.804,-252.556,-207.941,-205.470,1.651,9.525,9.525,-253.381,-212.704,-210.232,-251.730,-203.179,-200.707
389,7461111-1__1,other,762.098,-248.412,-207.941,-209.151,9.000,9.000,17.500,-251.730,-212.441,-217.970,-242.730,-203.441,-200.470
390,NCU18WB473D6SRB-1,other,0.969,-158.630,-134.441,-214.070,1.600,0.800,0.800,-159.430,-134.841,-214.470,-157.830,-134.041,-213.670
391,90183A214_Washer for Blind Rivets-1,fastener,86.804,-252.556,-164.131,-205.470,1.651,9.525,9.525,-253.381,-168.894,-210.232,-251.730,-159.369,-200.707
392,7461111-1__1,other,762.098,-248.412,-164.131,-209.151,9.000,9.000,17.500,-251.730,-168.631,-217.970,-242.730,-159.631,-200.470
393,7792-1__NONE,other,206.066,-248.457,-164.131,-211.112,11.547,9.696,13.043,-253.600,-168.979,-219.569,-242.053,-159.284,-206.526
394,LG INR18650 MJ1-1,cell,17259.578,-15.130,-201.441,-204.327,19.916,65.000,19.916,-25.088,-233.941,-214.285,-5.172,-168.941,-194.369
395,Cell Mounting Tape-1,structure,29.032,-138.130,-105.941,-213.898,6.350,4.000,1.143,-141.305,-107.941,-214.470,-134.955,-103.941,-213.327
396,Tab Solder-1,busbar,62.918,-117.630,-234.341,-215.270,16.900,2.400,1.600,-126.080,-235.541,-216.070,-109.180,-233.141,-214.470
397,Tab Sheet-1,busbar,461.398,-111.861,-234.043,-210.994,258.758,0.203,10.000,-241.759,-234.145,-216.470,16.998,-233.941,-206.470
398,LG INR18650 MJ1-1,cell,17259.578,-56.130,-134.441,-204.327,19.916,65.000,19.916,-66.088,-166.941,-214.285,-46.172,-101.941,-194.369
399,Tab Solder-1,busbar,62.918,-35.630,-101.541,-215.270,16.900,2.400,1.600,-44.080,-102.741,-216.070,-27.180,-100.341,-214.470
400,Cell Mounting Tape-1,structure,29.032,-56.130,-163.241,-213.898,6.350,4.000,1.143,-59.305,-165.241,-214.470,-52.955,-161.241,-213.327
401,LG INR18650 MJ1-1,cell,17259.578,-220.130,-134.441,-204.327,19.916,65.000,19.916,-230.088,-166.941,-214.285,-210.172,-101.941,-194.369
402,Tab Solder-1,busbar,62.918,-199.630,-101.541,-215.270,16.900,2.400,1.600,-208.080,-102.741,-216.070,-191.180,-100.341,-214.470
403,Tab Solder-1,busbar,62.918,-76.630,-167.941,-215.270,16.900,2.400,1.600,-85.080,-169.141,-216.070,-68.180,-166.741,-214.470
404,90183A214_Washer for Blind Rivets-1,fastener,86.804,27.545,-207.941,-205.470,1.651,9.525,9.525,26.720,-212.704,-210.232,28.371,-203.179,-200.707
405,7461111-1__1,other,762.098,23.401,-207.941,-209.151,9.000,9.000,17.500,17.720,-212.441,-217.970,26.720,-203.441,-200.470
406,7792-1__NONE,other,206.066,23.446,-207.941,-211.112,11.547,9.696,13.043,17.042,-212.789,-219.569,28.589,-203.094,-206.526
407,LG INR18650 MJ1-1,cell,17259.578,-76.630,-134.441,-204.327,19.916,65.000,19.916,-86.588,-166.941,-214.285,-66.672,-101.941,-194.369
408,LG INR18650 MJ1-1,cell,17259.578,-76.630,-201.441,-204.327,19.916,65.000,19.916,-86.588,-233.941,-214.285,-66.672,-168.941,-194.369
409,Cell Mounting Tape-1,structure,29.032,-158.630,-229.941,-213.898,6.350,4.000,1.143,-161.805,-231.941,-214.470,-155.455,-227.941,-213.327
410,Cell Mounting Tape-1,structure,29.032,-35.630,-172.641,-213.898,6.350,4.000,1.143,-38.805,-174.641,-214.470,-32.455,-170.641,-213.327
411,Tab Solder-1,busbar,62.918,-220.130,-234.341,-215.270,16.900,2.400,1.600,-228.580,-235.541,-216.070,-211.680,-233.141,-214.470
412,LG INR18650 MJ1-1,cell,17259.578,-15.130,-134.441,-204.327,19.916,65.000,19.916,-25.088,-166.941,-214.285,-5.172,-101.941,-194.369
413,LG INR18650 MJ1-1,cell,17259.578,5.370,-201.441,-204.327,19.916,65.000,19.916,-4.588,-233.941,-214.285,15.328,-168.941,-194.369
414,93705A823_18-8 Stainless Steel Thread-Locking Socket Head Screw-1,fastener,229.963,26.614,-236.945,-62.861,7.003,7.003,14.104,23.118,-240.443,-71.972,30.121,-233.440,-57.868
415,Tie Rod Insert-1,structure,94.091,26.620,-236.941,-69.950,4.763,4.763,10.160,24.238,-239.323,-75.030,29.001,-234.560,-64.870
416,Tie Rod Insert-1,structure,94.091,26.620,-236.941,-513.390,4.763,4.763,10.160,24.238,-239.323,-518.470,29.001,-234.560,-508.310
417,Tie Rod Mount-1,structure,6038.280,26.620,-236.664,-55.021,20.000,20.000,20.000,16.620,-246.941,-64.870,36.620,-226.941,-44.870
418,Tie Rod Mount-1,structure,6038.280,26.620,-236.664,-528.319,20.000,20.000,20.000,16.620,-246.941,-538.470,36.620,-226.941,-518.470
419,93705A823_18-8 Stainless Steel Thread-Locking Socket Head Screw-1,fastener,229.963,26.625,-236.945,-520.478,7.003,7.003,14.104,23.118,-240.443,-525.471,30.121,-233.440,-511.367
420,Fiberglass Rod-1,structure,6284.756,26.620,-236.941,-291.670,6.350,6.350,453.600,23.445,-240.116,-518.470,29.795,-233.766,-64.870
421,Tab Solder-1,busbar,62.918,-66.380,-234.341,-240.470,16.900,2.400,1.600,-74.830,-235.541,-241.270,-57.930,-233.141,-239.670
422,Cell Mounting Tape-1,structure,29.032,-107.380,-163.241,-239.098,6.350,4.000,1.143,-110.555,-165.241,-239.670,-104.205,-161.241,-238.527
423,Cell Mounting Tape-1,structure,29.032,-168.880,-105.941,-239.098,6.350,4.000,1.143,-172.055,-107.941,-239.670,-165.705,-103.941,-238.527
424,Cell Mounting Tape-1,structure,29.032,-230.380,-229.941,-239.098,6.350,4.000,1.143,-233.555,-231.941,-239.670,-227.205,-227.941,-238.527
425,Cell Mounting Tape-1,structure,29.032,-189.380,-105.941,-239.098,6.350,4.000,1.143,-192.555,-107.941,-239.670,-186.205,-103.941,-238.527
426,Tab Solder-1,busbar,62.918,-127.880,-101.541,-240.470,16.900,2.400,1.600,-136.330,-102.741,-241.270,-119.430,-100.341,-239.670
427,Tab Solder-1,busbar,62.918,-189.380,-167.941,-240.470,16.900,2.400,1.600,-197.830,-169.141,-241.270,-180.930,-166.741,-239.670
428,LG INR18650 MJ1-1,cell,17259.578,-189.380,-134.441,-229.527,19.916,65.000,19.916,-199.338,-166.941,-239.485,-179.422,-101.941,-219.569
429,Cell Mounting Tape-1,structure,29.032,-209.880,-105.941,-239.098,6.350,4.000,1.143,-213.055,-107.941,-239.670,-206.705,-103.941,-238.527
430,Cell Mounting Tape-1,structure,29.032,-189.380,-163.241,-239.098,6.350,4.000,1.143,-192.555,-165.241,-239.670,-186.205,-161.241,-238.527
431,Tab Solder-1,busbar,62.918,-148.380,-101.541,-240.470,16.900,2.400,1.600,-156.830,-102.741,-241.270,-139.930,-100.341,-239.670
432,LG INR18650 MJ1-1,cell,17259.578,-66.380,-201.441,-229.527,19.916,65.000,19.916,-76.338,-233.941,-239.485,-56.422,-168.941,-219.569
433,LG INR18650 MJ1-1,cell,17259.578,-25.380,-134.441,-229.527,19.916,65.000,19.916,-35.338,-166.941,-239.485,-15.422,-101.941,-219.569
434,Cell Mounting Tape-1,structure,29.032,-25.380,-172.641,-239.098,6.350,4.000,1.143,-28.555,-174.641,-239.670,-22.205,-170.641,-238.527
435,Divider Board-1,structure,32215.758,-109.985,-168.996,-240.470,298.250,158.000,1.600,-261.630,-246.941,-241.270,36.620,-88.941,-239.670
436,Cell Mounting Tape-1,structure,29.032,-189.380,-229.941,-239.098,6.350,4.000,1.143,-192.555,-231.941,-239.670,-186.205,-227.941,-238.527
437,NCU18WB473D6SRB-1,other,0.969,-66.380,-134.441,-239.270,1.600,0.800,0.800,-67.180,-134.841,-239.670,-65.580,-134.041,-238.870
438,Cell Mounting Tape-1,structure,29.032,-86.880,-172.641,-239.098,6.350,4.000,1.143,-90.055,-174.641,-239.670,-83.705,-170.641,-238.527
439,Cell Mounting Tape-1,structure,29.032,-45.880,-172.641,-239.098,6.350,4.000,1.143,-49.055,-174.641,-239.670,-42.705,-170.641,-238.527
440,LG INR18650 MJ1-1,cell,17259.578,-4.880,-201.441,-229.527,19.916,65.000,19.916,-14.838,-233.941,-239.485,5.078,-168.941,-219.569
441,LG INR18650 MJ1-1,cell,17259.578,-107.380,-134.441,-229.527,19.916,65.000,19.916,-117.338,-166.941,-239.485,-97.422,-101.941,-219.569
442,Cell Mounting Tape-1,structure,29.032,-4.880,-163.241,-239.098,6.350,4.000,1.143,-8.055,-165.241,-239.670,-1.705,-161.241,-238.527
443,Cell Mounting Tape-1,structure,29.032,-107.380,-172.641,-239.098,6.350,4.000,1.143,-110.555,-174.641,-239.670,-104.205,-170.641,-238.527
444,LG INR18650 MJ1-1,cell,17259.578,-127.880,-134.441,-229.527,19.916,65.000,19.916,-137.838,-166.941,-239.485,-117.922,-101.941,-219.569
445,Tab Solder-1,busbar,62.918,-86.880,-167.941,-240.470,16.900,2.400,1.600,-95.330,-169.141,-241.270,-78.430,-166.741,-239.670
446,Tab Solder-1,busbar,62.918,-45.880,-167.941,-240.470,16.900,2.400,1.600,-54.330,-169.141,-241.270,-37.430,-166.741,-239.670
447,Tab Solder-1,busbar,62.918,-45.880,-234.341,-240.470,16.900,2.400,1.600,-54.330,-235.541,-241.270,-37.430,-233.141,-239.670
448,NCU18WB473D6SRB-1,other,0.969,-66.380,-201.441,-239.270,1.600,0.800,0.800,-67.180,-201.841,-239.670,-65.580,-201.041,-238.870
449,Tab Solder-1,busbar,62.918,-4.880,-101.541,-240.470,16.900,2.400,1.600,-13.330,-102.741,-241.270,3.570,-100.341,-239.670
450,Tab Solder-1,busbar,62.918,-25.380,-234.341,-240.470,16.900,2.400,1.600,-33.830,-235.541,-241.270,-16.930,-233.141,-239.670
451,Cell Mounting Tape-1,structure,29.032,-230.380,-172.641,-239.098,6.350,4.000,1.143,-233.555,-174.641,-239.670,-227.205,-170.641,-238.527
452,Tab Solder-1,busbar,62.918,-189.380,-234.341,-240.470,16.900,2.400,1.600,-197.830,-235.541,-241.270,-180.930,-233.141,-239.670
453,Tab Solder-1,busbar,62.918,-4.880,-234.341,-240.470,16.900,2.400,1.600,-13.330,-235.541,-241.270,3.570,-233.141,-239.670
454,Cell Mounting Tape-1,structure,29.032,-209.880,-229.941,-239.098,6.350,4.000,1.143,-213.055,-231.941,-239.670,-206.705,-227.941,-238.527
455,LG INR18650 MJ1-1,cell,17259.578,-25.380,-201.441,-229.527,19.916,65.000,19.916,-35.338,-233.941,-239.485,-15.422,-168.941,-219.569
456,Cell Mounting Tape-1,structure,29.032,-66.380,-163.241,-239.098,6.350,4.000,1.143,-69.555,-165.241,-239.670,-63.205,-161.241,-238.527
457,Tab Solder-1,busbar,62.918,-148.380,-234.341,-240.470,16.900,2.400,1.600,-156.830,-235.541,-241.270,-139.930,-233.141,-239.670
458,LG INR18650 MJ1-1,cell,17259.578,-66.380,-134.441,-229.527,19.916,65.000,19.916,-76.338,-166.941,-239.485,-56.422,-101.941,-219.569
459,Tab Solder-1,busbar,62.918,-25.380,-101.541,-240.470,16.900,2.400,1.600,-33.830,-102.741,-241.270,-16.930,-100.341,-239.670
460,Cell Mounting Tape-1,structure,29.032,-168.880,-229.941,-239.098,6.350,4.000,1.143,-172.055,-231.941,-239.670,-165.705,-227.941,-238.527
461,LG INR18650 MJ1-1,cell,17259.578,-148.380,-134.441,-229.527,19.916,65.000,19.916,-158.338,-166.941,-239.485,-138.422,-101.941,-219.569
462,Cell Mounting Tape-1,structure,29.032,-230.380,-163.241,-239.098,6.350,4.000,1.143,-233.555,-165.241,-239.670,-227.205,-161.241,-238.527
463,LG INR18650 MJ1-1,cell,17259.578,-230.380,-134.441,-229.527,19.916,65.000,19.916,-240.338,-166.941,-239.485,-220.422,-101.941,-219.569
464,Tab Solder-1,busbar,62.918,-230.380,-101.541,-240.470,16.900,2.400,1.600,-238.830,-102.741,-241.270,-221.930,-100.341,-239.670
465,LG INR18650 MJ1-1,cell,17259.578,-86.880,-134.441,-229.527,19.916,65.000,19.916,-96.838,-166.941,-239.485,-76.922,-101.941,-219.569
466,Tab Solder-1,busbar,62.918,-148.380,-167.941,-240.470,16.900,2.400,1.600,-156.830,-169.141,-241.270,-139.930,-166.741,-239.670
467,Tab Solder-1,busbar,62.918,-66.380,-167.941,-240.470,16.900,2.400,1.600,-74.830,-169.141,-241.270,-57.930,-166.741,-239.670
468,Cell Mounting Tape-1,structure,29.032,-86.880,-105.941,-239.098,6.350,4.000,1.143,-90.055,-107.941,-239.670,-83.705,-103.941,-238.527
469,Tab Solder-1,busbar,62.918,-168.880,-234.341,-240.470,16.900,2.400,1.600,-177.330,-235.541,-241.270,-160.430,-233.141,-239.670
470,705510075-1__Imported1,other,710.957,21.840,-156.511,-236.968,13.589,19.048,10.795,15.531,-166.035,-243.480,29.120,-146.988,-232.685
471,LG INR18650 MJ1-1,cell,17259.578,-189.380,-201.441,-229.527,19.916,65.000,19.916,-199.338,-233.941,-239.485,-179.422,-168.941,-219.569
472,Tab Solder-1,busbar,62.918,-107.380,-234.341,-240.470,16.900,2.400,1.600,-115.830,-235.541,-241.270,-98.930,-233.141,-239.670
473,Tab Sheet-1,busbar,461.398,-113.149,-168.637,-236.194,258.758,0.203,10.000,-242.009,-168.738,-241.670,16.748,-168.535,-231.670
474,Tab Solder-1,busbar,62.918,-25.380,-167.941,-240.470,16.900,2.400,1.600,-33.830,-169.141,-241.270,-16.930,-166.741,-239.670
475,7792-1__NONE,other,206.066,-248.457,-127.941,-236.312,11.547,9.696,13.043,-253.600,-132.789,-244.769,-242.053,-123.094,-231.726
476,7461111-1__1,other,762.098,-248.412,-127.941,-234.351,9.000,9.000,17.500,-251.730,-132.441,-243.170,-242.730,-123.441,-225.670
477,90183A214_Washer for Blind Rivets-1,fastener,86.804,-252.556,-127.941,-230.670,1.651,9.525,9.525,-253.381,-132.704,-235.432,-251.730,-123.179,-225.907
478,NCU18WB473D6SRB-1,other,0.969,7.995,-176.441,-241.670,1.656,1.656,0.800,7.167,-177.269,-242.070,8.822,-175.614,-241.270
479,7792-1__NONE,other,206.066,-248.457,-164.131,-236.312,11.547,9.696,13.043,-253.600,-168.979,-244.769,-242.053,-159.284,-231.726
480,7461111-1__1,other,762.098,-248.412,-164.131,-234.351,9.000,9.000,17.500,-251.730,-168.631,-243.170,-242.730,-159.631,-225.670
481,90183A214_Washer for Blind Rivets-1,fastener,86.804,-252.556,-164.131,-230.670,1.651,9.525,9.525,-253.381,-168.894,-235.432,-251.730,-159.369,-225.907
482,Tab Solder-1,busbar,62.918,-86.880,-101.541,-240.470,16.900,2.400,1.600,-95.330,-102.741,-241.270,-78.430,-100.341,-239.670
483,705510075-1__Imported1,other,710.957,-246.851,-179.372,-236.968,13.589,19.048,10.795,-254.130,-188.895,-243.480,-240.541,-169.848,-232.685
484,Cell Mounting Tape-1,structure,29.032,-189.380,-172.641,-239.098,6.350,4.000,1.143,-192.555,-174.641,-239.670,-186.205,-170.641,-238.527
485,Cell Mounting Tape-1,structure,29.032,-107.380,-105.941,-239.098,6.350,4.000,1.143,-110.555,-107.941,-239.670,-104.205,-103.941,-238.527
486,NCU18WB473D6SRB-1,other,0.969,-168.880,-201.441,-239.270,1.600,0.800,0.800,-169.680,-201.841,-239.670,-168.080,-201.041,-238.870
487,Cell Mounting Tape-1,structure,29.032,-148.380,-105.941,-239.098,6.350,4.000,1.143,-151.555,-107.941,-239.670,-145.205,-103.941,-238.527
488,Cell Mounting Tape-1,structure,29.032,-45.880,-229.941,-239.098,6.350,4.000,1.143,-49.055,-231.941,-239.670,-42.705,-227.941,-238.527
489,Tab Solder-1,busbar,62.918,-107.380,-101.541,-240.470,16.900,2.400,1.600,-115.830,-102.741,-241.270,-98.930,-100.341,-239.670
490,Tab Sheet-1,busbar,461.398,-113.149,-234.043,-236.194,258.758,0.203,10.000,-242.009,-234.145,-241.670,16.748,-233.941,-231.670
491,Module Spacer-1,structure,72657.225,-18.783,-167.987,-226.006,160.429,159.686,25.292,-117.650,-247.784,-239.689,42.780,-88.098,-214.397
492,Module Spacer-1,structure,65797.381,-209.552,-167.993,-225.858,165.275,159.671,179.703,-282.894,-247.777,-323.876,-117.619,-88.106,-144.173
493,Cell Mounting Tape-1,structure,29.032,-127.880,-172.641,-239.098,6.350,4.000,1.143,-131.055,-174.641,-239.670,-124.705,-170.641,-238.527
494,NCU18WB473D6SRB-1,other,0.969,-168.880,-134.441,-239.270,1.600,0.800,0.800,-169.680,-134.841,-239.670,-168.080,-134.041,-238.870
495,Cell Mounting Tape-1,structure,29.032,-45.880,-105.941,-239.098,6.350,4.000,1.143,-49.055,-107.941,-239.670,-42.705,-103.941,-238.527
496,Tab Solder-1,busbar,62.918,-209.880,-101.541,-240.470,16.900,2.400,1.600,-218.330,-102.741,-241.270,-201.430,-100.341,-239.670
497,Tab Solder-1,busbar,62.918,-127.880,-167.941,-240.470,16.900,2.400,1.600,-136.330,-169.141,-241.270,-119.430,-166.741,-239.670
498,Cell Mounting Tape-1,structure,29.032,-4.880,-172.641,-239.098,6.350,4.000,1.143,-8.055,-174.641,-239.670,-1.705,-170.641,-238.527
499,LG INR18650 MJ1-1,cell,17259.578,-127.880,-201.441,-229.527,19.916,65.000,19.916,-137.838,-233.941,-239.485,-117.922,-168.941,-219.569
500,Cell Mounting Tape-1,structure,29.032,-86.880,-229.941,-239.098,6.350,4.000,1.143,-90.055,-231.941,-239.670,-83.705,-227.941,-238.527
501,Cell Mounting Tape-1,structure,29.032,-148.380,-229.941,-239.098,6.350,4.000,1.143,-151.555,-231.941,-239.670,-145.205,-227.941,-238.527
502,LG INR18650 MJ1-1,cell,17259.578,-230.380,-201.441,-229.527,19.916,65.000,19.916,-240.338,-233.941,-239.485,-220.422,-168.941,-219.569
503,Cell Mounting Tape-1,structure,29.032,-209.880,-172.641,-239.098,6.350,4.000,1.143,-213.055,-174.641,-239.670,-206.705,-170.641,-238.527
504,7461111-1__1,other,762.098,23.401,-171.751,-234.351,9.000,9.000,17.500,17.720,-176.251,-243.170,26.720,-167.251,-225.670
505,90183A214_Washer for Blind Rivets-1,fastener,86.804,27.545,-171.751,-230.670,1.651,9.525,9.525,26.720,-176.514,-235.432,28.371,-166.989,-225.907
506,7792-1__NONE,other,206.066,23.446,-171.751,-236.312,11.547,9.696,13.043,17.042,-176.599,-244.769,28.589,-166.904,-231.726
507,Cell Mounting Tape-1,structure,29.032,-4.880,-105.941,-239.098,6.350,4.000,1.143,-8.055,-107.941,-239.670,-1.705,-103.941,-238.527
508,Cell Mounting Tape-1,structure,29.032,-168.880,-172.641,-239.098,6.350,4.000,1.143,-172.055,-174.641,-239.670,-165.705,-170.641,-238.527
509,Tab Solder-1,busbar,62.918,-209.880,-234.341,-240.470,16.900,2.400,1.600,-218.330,-235.541,-241.270,-201.430,-233.141,-239.670
510,LG INR18650 MJ1-1,cell,17259.578,-107.380,-201.441,-229.527,19.916,65.000,19.916,-117.338,-233.941,-239.485,-97.422,-168.941,-219.569
511,Cell Mounting Tape-1,structure,29.032,-127.880,-163.241,-239.098,6.350,4.000,1.143,-131.055,-165.241,-239.670,-124.705,-161.241,-238.527
512,LG INR18650 MJ1-1,cell,17259.578,-148.380,-201.441,-229.527,19.916,65.000,19.916,-158.338,-233.941,-239.485,-138.422,-168.941,-219.569
513,Cell Mounting Tape-1,structure,29.032,-66.380,-229.941,-239.098,6.350,4.000,1.143,-69.555,-231.941,-239.670,-63.205,-227.941,-238.527
514,LG INR18650 MJ1-1,cell,17259.578,-4.880,-134.441,-229.527,19.916,65.000,19.916,-14.838,-166.941,-239.485,5.078,-101.941,-219.569
515,LG INR18650 MJ1-1,cell,17259.578,-168.880,-201.441,-229.527,19.916,65.000,19.916,-178.838,-233.941,-239.485,-158.922,-168.941,-219.569
516,Tab Solder-1,busbar,62.918,-127.880,-234.341,-240.470,16.900,2.400,1.600,-136.330,-235.541,-241.270,-119.430,-233.141,-239.670
517,Tab Solder-1,busbar,62.918,-86.880,-234.341,-240.470,16.900,2.400,1.600,-95.330,-235.541,-241.270,-78.430,-233.141,-239.670
518,Cell Mounting Tape-1,structure,29.032,-4.880,-229.941,-239.098,6.350,4.000,1.143,-8.055,-231.941,-239.670,-1.705,-227.941,-238.527
519,Cell Mounting Tape-1,structure,29.032,-230.380,-105.941,-239.098,6.350,4.000,1.143,-233.555,-107.941,-239.670,-227.205,-103.941,-238.527
520,Cell Mounting Tape-1,structure,29.032,-25.380,-163.241,-239.098,6.350,4.000,1.143,-28.555,-165.241,-239.670,-22.205,-161.241,-238.527
521,Cell Mounting Tape-1,structure,29.032,-25.380,-229.941,-239.098,6.350,4.000,1.143,-28.555,-231.941,-239.670,-22.205,-227.941,-238.527
522,Tab Sheet-1,busbar,461.398,-113.149,-101.840,-236.194,258.758,0.203,10.000,-242.009,-101.941,-241.670,16.748,-101.738,-231.670
523,LG INR18650 MJ1-1,cell,17259.578,-45.880,-134.441,-229.527,19.916,65.000,19.916,-55.838,-166.941,-239.485,-35.922,-101.941,-219.569
524,7792-1__NONE,other,206.066,23.446,-207.941,-236.312,11.547,9.696,13.043,17.042,-212.789,-244.769,28.589,-203.094,-231.726
525,7461111-1__1,other,762.098,23.401,-207.941,-234.351,9.000,9.000,17.500,17.720,-212.441,-243.170,26.720,-203.441,-225.670
526,90183A214_Washer for Blind Rivets-1,fastener,86.804,27.545,-207.941,-230.670,1.651,9.525,9.525,26.720,-212.704,-235.432,28.371,-203.179,-225.907
527,Cell Mounting Tape-1,structure,29.032,-86.880,-163.241,-239.098,6.350,4.000,1.143,-90.055,-165.241,-239.670,-83.705,-161.241,-238.527
528,Tab Sheet-1,busbar,461.398,-113.149,-101.637,-236.194,258.758,0.203,10.000,-242.009,-101.738,-241.670,16.748,-101.535,-231.670
529,Tab Solder-1,busbar,62.918,-168.880,-101.541,-240.470,16.900,2.400,1.600,-177.330,-102.741,-241.270,-160.430,-100.341,-239.670
530,Cell Mounting Tape-1,structure,29.032,-45.880,-163.241,-239.098,6.350,4.000,1.143,-49.055,-165.241,-239.670,-42.705,-161.241,-238.527
531,Tab Sheet-1,busbar,461.398,-113.149,-167.043,-236.194,258.758,0.203,10.000,-242.009,-167.145,-241.670,16.748,-166.941,-231.670
532,Cell Mounting Tape-1,structure,29.032,-127.880,-105.941,-239.098,6.350,4.000,1.143,-131.055,-107.941,-239.670,-124.705,-103.941,-238.527
533,Cell Mounting Tape-1,structure,29.032,-148.380,-163.241,-239.098,6.350,4.000,1.143,-151.555,-165.241,-239.670,-145.205,-161.241,-238.527
534,705510072-1__Imported1,other,440.432,-247.152,-152.669,-237.109,13.589,11.428,10.795,-254.130,-158.415,-243.480,-240.541,-146.988,-232.685
535,Cell Mounting Tape-1,structure,29.032,-168.880,-163.241,-239.098,6.350,4.000,1.143,-172.055,-165.241,-239.670,-165.705,-161.241,-238.527
536,V_r Connection-1,busbar,19.101,-114.438,-166.010,-241.651,256.610,8.997,0.305,-240.993,-172.471,-241.803,15.617,-163.474,-241.498
537,V_r Connection-1,busbar,99.053,-114.458,-165.987,-241.651,255.447,6.541,0.762,-240.799,-170.984,-242.032,14.648,-164.443,-241.270
538,Cell Mounting Tape-1,structure,29.032,-66.380,-172.641,-239.098,6.350,4.000,1.143,-69.555,-174.641,-239.670,-63.205,-170.641,-238.527
539,Tab Solder-1,busbar,62.918,-230.380,-234.341,-240.470,16.900,2.400,1.600,-238.830,-235.541,-241.270,-221.930,-233.141,-239.670
540,7461111-1__1,other,762.098,23.401,-127.941,-234.351,9.000,9.000,17.500,17.720,-132.441,-243.170,26.720,-123.441,-225.670
541,7792-1__NONE,other,206.066,23.446,-127.941,-236.312,11.547,9.696,13.043,17.042,-132.789,-244.769,28.589,-123.094,-231.726
542,90183A214_Washer for Blind Rivets-1,fastener,86.804,27.545,-127.941,-230.670,1.651,9.525,9.525,26.720,-132.704,-235.432,28.371,-123.179,-225.907
543,LG INR18650 MJ1-1,cell,17259.578,-45.880,-201.441,-229.527,19.916,65.000,19.916,-55.838,-233.941,-239.485,-35.922,-168.941,-219.569
544,Tab Solder-1,busbar,62.918,-168.880,-167.941,-240.470,16.900,2.400,1.600,-177.330,-169.141,-241.270,-160.430,-166.741,-239.670
545,Tab Solder-1,busbar,62.918,-107.380,-167.941,-240.470,16.900,2.400,1.600,-115.830,-169.141,-241.270,-98.930,-166.741,-239.670
546,LG INR18650 MJ1-1,cell,17259.578,-86.880,-201.441,-229.527,19.916,65.000,19.916,-96.838,-233.941,-239.485,-76.922,-168.941,-219.569
547,7461111-1__1,other,762.098,-248.412,-207.941,-234.351,9.000,9.000,17.500,-251.730,-212.441,-243.170,-242.730,-203.441,-225.670
548,90183A214_Washer for Blind Rivets-1,fastener,86.804,-252.556,-207.941,-230.670,1.651,9.525,9.525,-253.381,-212.704,-235.432,-251.730,-203.179,-225.907
549,7792-1__NONE,other,206.066,-248.457,-207.941,-236.312,11.547,9.696,13.043,-253.600,-212.789,-244.769,-242.053,-203.094,-231.726
550,LG INR18650 MJ1-1,cell,17259.578,-209.880,-201.441,-229.527,19.916,65.000,19.916,-219.838,-233.941,-239.485,-199.922,-168.941,-219.569
551,Tab Sheet-1,busbar,461.398,-113.149,-168.840,-236.194,258.758,0.203,10.000,-242.009,-168.941,-241.670,16.748,-168.738,-231.670
552,Tab Solder-1,busbar,62.918,-189.380,-101.541,-240.470,16.900,2.400,1.600,-197.830,-102.741,-241.270,-180.930,-100.341,-239.670
553,Cell Mounting Tape-1,structure,29.032,-66.380,-105.941,-239.098,6.350,4.000,1.143,-69.555,-107.941,-239.670,-63.205,-103.941,-238.527
554,Cell Mounting Tape-1,structure,29.032,-127.880,-229.941,-239.098,6.350,4.000,1.143,-131.055,-231.941,-239.670,-124.705,-227.941,-238.527
555,705510072-1__Imported1,other,440.432,22.141,-183.214,-237.109,13.589,11.428,10.795,15.531,-188.895,-243.480,29.120,-177.468,-232.685
556,LG INR18650 MJ1-1,cell,17259.578,-209.880,-134.441,-229.527,19.916,65.000,19.916,-219.838,-166.941,-239.485,-199.922,-101.941,-219.569
557,Cell Mounting Tape-1,structure,29.032,-209.880,-163.241,-239.098,6.350,4.000,1.143,-213.055,-165.241,-239.670,-206.705,-161.241,-238.527
558,Cell Mounting Tape-1,structure,29.032,-107.380,-229.941,-239.098,6.350,4.000,1.143,-110.555,-231.941,-239.670,-104.205,-227.941,-238.527
559,Tab Solder-1,busbar,62.918,-45.880,-101.541,-240.470,16.900,2.400,1.600,-54.330,-102.741,-241.270,-37.430,-100.341,-239.670
560,Cell Mounting Tape-1,structure,29.032,-148.380,-172.641,-239.098,6.350,4.000,1.143,-151.555,-174.641,-239.670,-145.205,-170.641,-238.527
561,Tab Solder-1,busbar,62.918,-66.380,-101.541,-240.470,16.900,2.400,1.600,-74.830,-102.741,-241.270,-57.930,-100.341,-239.670
562,Tab Solder-1,busbar,62.918,-230.380,-167.941,-240.470,16.900,2.400,1.600,-238.830,-169.141,-241.270,-221.930,-166.741,-239.670
563,Tab Solder-1,busbar,62.918,-4.880,-167.941,-240.470,16.900,2.400,1.600,-13.330,-169.141,-241.270,3.570,-166.741,-239.670
564,Tab Solder-1,busbar,62.918,-209.880,-167.941,-240.470,16.900,2.400,1.600,-218.330,-169.141,-241.270,-201.430,-166.741,-239.670
565,Cell Mounting Tape-1,structure,29.032,-25.380,-105.941,-239.098,6.350,4.000,1.143,-28.555,-107.941,-239.670,-22.205,-103.941,-238.527
566,Tab Sheet-1,busbar,461.398,-113.149,-234.246,-236.194,258.758,0.203,10.000,-242.009,-234.348,-241.670,16.748,-234.145,-231.670
567,LG INR18650 MJ1-1,cell,17259.578,-168.880,-134.441,-229.527,19.916,65.000,19.916,-178.838,-166.941,-239.485,-158.922,-101.941,-219.569
568,Tab Sheet-1,busbar,461.398,-113.149,-167.246,-236.194,258.758,0.203,10.000,-242.009,-167.348,-241.670,16.748,-167.145,-231.670
569,Cell Mounting Tape-1,structure,29.032,-66.380,-163.241,-188.698,6.350,4.000,1.143,-69.555,-165.241,-189.270,-63.205,-161.241,-188.127
570,Tab Solder-1,busbar,62.918,-107.380,-167.941,-190.070,16.900,2.400,1.600,-115.830,-169.141,-190.870,-98.930,-166.741,-189.270
571,Cell Mounting Tape-1,structure,29.032,-86.880,-163.241,-188.698,6.350,4.000,1.143,-90.055,-165.241,-189.270,-83.705,-161.241,-188.127
572,Tab Sheet-1,busbar,461.398,-113.149,-167.246,-185.794,258.758,0.203,10.000,-242.009,-167.348,-191.270,16.748,-167.145,-181.270
573,705510075-1__Imported1,other,710.957,21.840,-156.511,-186.568,13.589,19.048,10.795,15.531,-166.035,-193.080,29.120,-146.988,-182.285
574,Cell Mounting Tape-1,structure,29.032,-45.880,-172.641,-188.698,6.350,4.000,1.143,-49.055,-174.641,-189.270,-42.705,-170.641,-188.127
575,Tab Solder-1,busbar,62.918,-66.380,-101.541,-190.070,16.900,2.400,1.600,-74.830,-102.741,-190.870,-57.930,-100.341,-189.270
576,Cell Mounting Tape-1,structure,29.032,-148.380,-163.241,-188.698,6.350,4.000,1.143,-151.555,-165.241,-189.270,-145.205,-161.241,-188.127
577,LG INR18650 MJ1-1,cell,17259.578,-45.880,-134.441,-179.127,19.916,65.000,19.916,-55.838,-166.941,-189.085,-35.922,-101.941,-169.169
578,Cell Mounting Tape-1,structure,29.032,-25.380,-105.941,-188.698,6.350,4.000,1.143,-28.555,-107.941,-189.270,-22.205,-103.941,-188.127
579,Cell Mounting Tape-1,structure,29.032,-107.380,-105.941,-188.698,6.350,4.000,1.143,-110.555,-107.941,-189.270,-104.205,-103.941,-188.127
580,Cell Mounting Tape-1,structure,29.032,-230.380,-105.941,-188.698,6.350,4.000,1.143,-233.555,-107.941,-189.270,-227.205,-103.941,-188.127
581,Tab Sheet-1,busbar,461.398,-113.149,-167.043,-185.794,258.758,0.203,10.000,-242.009,-167.145,-191.270,16.748,-166.941,-181.270
582,Cell Mounting Tape-1,structure,29.032,-168.880,-229.941,-188.698,6.350,4.000,1.143,-172.055,-231.941,-189.270,-165.705,-227.941,-188.127
583,Cell Mounting Tape-1,structure,29.032,-25.380,-172.641,-188.698,6.350,4.000,1.143,-28.555,-174.641,-189.270,-22.205,-170.641,-188.127
584,Tab Solder-1,busbar,62.918,-230.380,-101.541,-190.070,16.900,2.400,1.600,-238.830,-102.741,-190.870,-221.930,-100.341,-189.270
585,LG INR18650 MJ1-1,cell,17259.578,-230.380,-201.441,-179.127,19.916,65.000,19.916,-240.338,-233.941,-189.085,-220.422,-168.941,-169.169
586,Cell Mounting Tape-1,structure,29.032,-209.880,-105.941,-188.698,6.350,4.000,1.143,-213.055,-107.941,-189.270,-206.705,-103.941,-188.127
587,LG INR18650 MJ1-1,cell,17259.578,-189.380,-201.441,-179.127,19.916,65.000,19.916,-199.338,-233.941,-189.085,-179.422,-168.941,-169.169
588,Cell Mounting Tape-1,structure,29.032,-230.380,-163.241,-188.698,6.350,4.000,1.143,-233.555,-165.241,-189.270,-227.205,-161.241,-188.127
589,Cell Mounting Tape-1,structure,29.032,-4.880,-163.241,-188.698,6.350,4.000,1.143,-8.055,-165.241,-189.270,-1.705,-161.241,-188.127
590,Tab Sheet-1,busbar,461.398,-113.149,-168.840,-185.794,258.758,0.203,10.000,-242.009,-168.941,-191.270,16.748,-168.738,-181.270
591,LG INR18650 MJ1-1,cell,17259.578,-127.880,-201.441,-179.127,19.916,65.000,19.916,-137.838,-233.941,-189.085,-117.922,-168.941,-169.169
592,705510072-1__Imported1,other,440.432,-247.152,-152.669,-186.709,13.589,11.428,10.795,-254.130,-158.415,-193.080,-240.541,-146.988,-182.285
593,Cell Mounting Tape-1,structure,29.032,-4.880,-172.641,-188.698,6.350,4.000,1.143,-8.055,-174.641,-189.270,-1.705,-170.641,-188.127
594,LG INR18650 MJ1-1,cell,17259.578,-25.380,-201.441,-179.127,19.916,65.000,19.916,-35.338,-233.941,-189.085,-15.422,-168.941,-169.169
595,Cell Mounting Tape-1,structure,29.032,-66.380,-229.941,-188.698,6.350,4.000,1.143,-69.555,-231.941,-189.270,-63.205,-227.941,-188.127
596,Cell Mounting Tape-1,structure,29.032,-209.880,-229.941,-188.698,6.350,4.000,1.143,-213.055,-231.941,-189.270,-206.705,-227.941,-188.127
597,Cell Mounting Tape-1,structure,29.032,-189.380,-163.241,-188.698,6.350,4.000,1.143,-192.555,-165.241,-189.270,-186.205,-161.241,-188.127
598,Tab Solder-1,busbar,62.918,-127.880,-167.941,-190.070,16.900,2.400,1.600,-136.330,-169.141,-190.870,-119.430,-166.741,-189.270
599,Cell Mounting Tape-1,structure,29.032,-4.880,-229.941,-188.698,6.350,4.000,1.143,-8.055,-231.941,-189.270,-1.705,-227.941,-188.127
600,Cell Mounting Tape-1,structure,29.032,-148.380,-229.941,-188.698,6.350,4.000,1.143,-151.555,-231.941,-189.270,-145.205,-227.941,-188.127
601,Tab Sheet-1,busbar,461.398,-113.149,-234.043,-185.794,258.758,0.203,10.000,-242.009,-234.145,-191.270,16.748,-233.941,-181.270
602,Tab Solder-1,busbar,62.918,-25.380,-101.541,-190.070,16.900,2.400,1.600,-33.830,-102.741,-190.870,-16.930,-100.341,-189.270
603,Tab Solder-1,busbar,62.918,-45.880,-167.941,-190.070,16.900,2.400,1.600,-54.330,-169.141,-190.870,-37.430,-166.741,-189.270
604,Cell Mounting Tape-1,structure,29.032,-107.380,-172.641,-188.698,6.350,4.000,1.143,-110.555,-174.641,-189.270,-104.205,-170.641,-188.127
605,LG INR18650 MJ1-1,cell,17259.578,-4.880,-134.441,-179.127,19.916,65.000,19.916,-14.838,-166.941,-189.085,5.078,-101.941,-169.169
606,Divider Board-1,structure,32215.758,-109.985,-168.996,-190.070,298.250,158.000,1.600,-261.630,-246.941,-190.870,36.620,-88.941,-189.270
607,Tab Solder-1,busbar,62.918,-148.380,-167.941,-190.070,16.900,2.400,1.600,-156.830,-169.141,-190.870,-139.930,-166.741,-189.270
608,Tab Solder-1,busbar,62.918,-25.380,-167.941,-190.070,16.900,2.400,1.600,-33.830,-169.141,-190.870,-16.930,-166.741,-189.270
609,LG INR18650 MJ1-1,cell,17259.578,-209.880,-134.441,-179.127,19.916,65.000,19.916,-219.838,-166.941,-189.085,-199.922,-101.941,-169.169
610,Tab Solder-1,busbar,62.918,-4.880,-101.541,-190.070,16.900,2.400,1.600,-13.330,-102.741,-190.870,3.570,-100.341,-189.270
611,7792-1__NONE,other,206.066,-248.457,-127.941,-185.912,11.547,9.696,13.043,-253.600,-132.789,-194.369,-242.053,-123.094,-181.326
612,7461111-1__1,other,762.098,-248.412,-127.941,-183.951,9.000,9.000,17.500,-251.730,-132.441,-192.770,-242.730,-123.441,-175.270
613,90183A214_Washer for Blind Rivets-1,fastener,86.804,-252.556,-127.941,-180.270,1.651,9.525,9.525,-253.381,-132.704,-185.032,-251.730,-123.179,-175.507
614,Tab Solder-1,busbar,62.918,-86.880,-101.541,-190.070,16.900,2.400,1.600,-95.330,-102.741,-190.870,-78.430,-100.341,-189.270
615,Tab Solder-1,busbar,62.918,-148.380,-234.341,-190.070,16.900,2.400,1.600,-156.830,-235.541,-190.870,-139.930,-233.141,-189.270
616,Cell Mounting Tape-1,structure,29.032,-209.880,-172.641,-188.698,6.350,4.000,1.143,-213.055,-174.641,-189.270,-206.705,-170.641,-188.127
617,Tab Solder-1,busbar,62.918,-107.380,-101.541,-190.070,16.900,2.400,1.600,-115.830,-102.741,-190.870,-98.930,-100.341,-189.270
618,LG INR18650 MJ1-1,cell,17259.578,-127.880,-134.441,-179.127,19.916,65.000,19.916,-137.838,-166.941,-189.085,-117.922,-101.941,-169.169
619,LG INR18650 MJ1-1,cell,17259.578,-66.380,-134.441,-179.127,19.916,65.000,19.916,-76.338,-166.941,-189.085,-56.422,-101.941,-169.169
620,Cell Mounting Tape-1,structure,29.032,-45.880,-229.941,-188.698,6.350,4.000,1.143,-49.055,-231.941,-189.270,-42.705,-227.941,-188.127
621,NCU18WB473D6SRB-1,other,0.969,-168.880,-201.441,-188.870,1.600,0.800,0.800,-169.680,-201.841,-189.270,-168.080,-201.041,-188.470
622,Cell Mounting Tape-1,structure,29.032,-66.380,-172.641,-188.698,6.350,4.000,1.143,-69.555,-174.641,-189.270,-63.205,-170.641,-188.127
623,Tab Solder-1,busbar,62.918,-66.380,-167.941,-190.070,16.900,2.400,1.600,-74.830,-169.141,-190.870,-57.930,-166.741,-189.270
624,Cell Mounting Tape-1,structure,29.032,-168.880,-172.641,-188.698,6.350,4.000,1.143,-172.055,-174.641,-189.270,-165.705,-170.641,-188.127
625,Tab Solder-1,busbar,62.918,-168.880,-101.541,-190.070,16.900,2.400,1.600,-177.330,-102.741,-190.870,-160.430,-100.341,-189.270
626,Tab Sheet-1,busbar,461.398,-113.149,-101.840,-185.794,258.758,0.203,10.000,-242.009,-101.941,-191.270,16.748,-101.738,-181.270
627,Cell Mounting Tape-1,structure,29.032,-230.380,-229.941,-188.698,6.350,4.000,1.143,-233.555,-231.941,-189.270,-227.205,-227.941,-188.127
628,Tab Solder-1,busbar,62.918,-4.880,-167.941,-190.070,16.900,2.400,1.600,-13.330,-169.141,-190.870,3.570,-166.741,-189.270
629,Cell Mounting Tape-1,structure,29.032,-127.880,-163.241,-188.698,6.350,4.000,1.143,-131.055,-165.241,-189.270,-124.705,-161.241,-188.127
630,LG INR18650 MJ1-1,cell,17259.578,-45.880,-201.441,-179.127,19.916,65.000,19.916,-55.838,-233.941,-189.085,-35.922,-168.941,-169.169
631,705510072-1__Imported1,other,440.432,22.141,-183.214,-186.709,13.589,11.428,10.795,15.531,-188.895,-193.080,29.120,-177.468,-182.285
632,LG INR18650 MJ1-1,cell,17259.578,-86.880,-201.441,-179.127,19.916,65.000,19.916,-96.838,-233.941,-189.085,-76.922,-168.941,-169.169
633,LG INR18650 MJ1-1,cell,17259.578,-148.380,-201.441,-179.127,19.916,65.000,19.916,-158.338,-233.941,-189.085,-138.422,-168.941,-169.169
634,Cell Mounting Tape-1,structure,29.032,-189.380,-172.641,-188.698,6.350,4.000,1.143,-192.555,-174.641,-189.270,-186.205,-170.641,-188.127
635,705510075-1__Imported1,other,710.957,-246.851,-179.372,-186.568,13.589,19.048,10.795,-254.130,-188.895,-193.080,-240.541,-169.848,-182.285
636,LG INR18650 MJ1-1,cell,17259.578,-189.380,-134.441,-179.127,19.916,65.000,19.916,-199.338,-166.941,-189.085,-179.422,-101.941,-169.169
637,Cell Mounting Tape-1,structure,29.032,-107.380,-163.241,-188.698,6.350,4.000,1.143,-110.555,-165.241,-189.270,-104.205,-161.241,-188.127
638,Tab Solder-1,busbar,62.918,-230.380,-234.341,-190.070,16.900,2.400,1.600,-238.830,-235.541,-190.870,-221.930,-233.141,-189.270
639,NCU18WB473D6SRB-1,other,0.969,-168.880,-134.441,-188.870,1.600,0.800,0.800,-169.680,-134.841,-189.270,-168.080,-134.041,-188.470
640,Tab Solder-1,busbar,62.918,-168.880,-167.941,-190.070,16.900,2.400,1.600,-177.330,-169.141,-190.870,-160.430,-166.741,-189.270
641,Tab Solder-1,busbar,62.918,-230.380,-167.941,-190.070,16.900,2.400,1.600,-238.830,-169.141,-190.870,-221.930,-166.741,-189.270
642,Cell Mounting Tape-1,structure,29.032,-189.380,-229.941,-188.698,6.350,4.000,1.143,-192.555,-231.941,-189.270,-186.205,-227.941,-188.127
643,Cell Mounting Tape-1,structure,29.032,-209.880,-163.241,-188.698,6.350,4.000,1.143,-213.055,-165.241,-189.270,-206.705,-161.241,-188.127
644,Tab Solder-1,busbar,62.918,-209.880,-101.541,-190.070,16.900,2.400,1.600,-218.330,-102.741,-190.870,-201.430,-100.341,-189.270
645,Cell Mounting Tape-1,structure,29.032,-189.380,-105.941,-188.698,6.350,4.000,1.143,-192.555,-107.941,-189.270,-186.205,-103.941,-188.127
646,Cell Mounting Tape-1,structure,29.032,-45.880,-105.941,-188.698,6.350,4.000,1.143,-49.055,-107.941,-189.270,-42.705,-103.941,-188.127
647,Tab Solder-1,busbar,62.918,-209.880,-167.941,-190.070,16.900,2.400,1.600,-218.330,-169.141,-190.870,-201.430,-166.741,-189.270
648,V_r Connection-1,busbar,99.053,-114.458,-165.987,-191.251,255.447,6.541,0.762,-240.799,-170.984,-191.632,14.648,-164.443,-190.870
649,V_r Connection-1,busbar,19.101,-114.438,-166.010,-191.251,256.610,8.997,0.305,-240.993,-172.471,-191.403,15.617,-163.474,-191.098
650,LG INR18650 MJ1-1,cell,17259.578,-209.880,-201.441,-179.127,19.916,65.000,19.916,-219.838,-233.941,-189.085,-199.922,-168.941,-169.169
651,Tab Solder-1,busbar,62.918,-189.380,-234.341,-190.070,16.900,2.400,1.600,-197.830,-235.541,-190.870,-180.930,-233.141,-189.270
652,90183A214_Washer for Blind Rivets-1,fastener,86.804,27.545,-207.941,-180.270,1.651,9.525,9.525,26.720,-212.704,-185.032,28.371,-203.179,-175.507
653,7461111-1__1,other,762.098,23.401,-207.941,-183.951,9.000,9.000,17.500,17.720,-212.441,-192.770,26.720,-203.441,-175.270
654,7792-1__NONE,other,206.066,23.446,-207.941,-185.912,11.547,9.696,13.043,17.042,-212.789,-194.369,28.589,-203.094,-181.326
655,Cell Mounting Tape-1,structure,29.032,-148.380,-172.641,-188.698,6.350,4.000,1.143,-151.555,-174.641,-189.270,-145.205,-170.641,-188.127
656,LG INR18650 MJ1-1,cell,17259.578,-168.880,-134.441,-179.127,19.916,65.000,19.916,-178.838,-166.941,-189.085,-158.922,-101.941,-169.169
657,Tab Solder-1,busbar,62.918,-86.880,-234.341,-190.070,16.900,2.400,1.600,-95.330,-235.541,-190.870,-78.430,-233.141,-189.270
658,Tab Solder-1,busbar,62.918,-107.380,-234.341,-190.070,16.900,2.400,1.600,-115.830,-235.541,-190.870,-98.930,-233.141,-189.270
659,Cell Mounting Tape-1,structure,29.032,-45.880,-163.241,-188.698,6.350,4.000,1.143,-49.055,-165.241,-189.270,-42.705,-161.241,-188.127
660,LG INR18650 MJ1-1,cell,17259.578,-4.880,-201.441,-179.127,19.916,65.000,19.916,-14.838,-233.941,-189.085,5.078,-168.941,-169.169
661,Tab Solder-1,busbar,62.918,-189.380,-101.541,-190.070,16.900,2.400,1.600,-197.830,-102.741,-190.870,-180.930,-100.341,-189.270
662,NCU18WB473D6SRB-1,other,0.969,7.995,-176.441,-191.270,1.656,1.656,0.800,7.167,-177.269,-191.670,8.822,-175.614,-190.870
663,Cell Mounting Tape-1,structure,29.032,-25.380,-163.241,-188.698,6.350,4.000,1.143,-28.555,-165.241,-189.270,-22.205,-161.241,-188.127
664,Cell Mounting Tape-1,structure,29.032,-168.880,-105.941,-188.698,6.350,4.000,1.143,-172.055,-107.941,-189.270,-165.705,-103.941,-188.127
665,Tab Solder-1,busbar,62.918,-25.380,-234.341,-190.070,16.900,2.400,1.600,-33.830,-235.541,-190.870,-16.930,-233.141,-189.270
666,Cell Mounting Tape-1,structure,29.032,-86.880,-172.641,-188.698,6.350,4.000,1.143,-90.055,-174.641,-189.270,-83.705,-170.641,-188.127
667,Cell Mounting Tape-1,structure,29.032,-4.880,-105.941,-188.698,6.350,4.000,1.143,-8.055,-107.941,-189.270,-1.705,-103.941,-188.127
668,LG INR18650 MJ1-1,cell,17259.578,-107.380,-134.441,-179.127,19.916,65.000,19.916,-117.338,-166.941,-189.085,-97.422,-101.941,-169.169
669,Cell Mounting Tape-1,structure,29.032,-230.380,-172.641,-188.698,6.350,4.000,1.143,-233.555,-174.641,-189.270,-227.205,-170.641,-188.127
670,Cell Mounting Tape-1,structure,29.032,-86.880,-229.941,-188.698,6.350,4.000,1.143,-90.055,-231.941,-189.270,-83.705,-227.941,-188.127
671,Tab Solder-1,busbar,62.918,-148.380,-101.541,-190.070,16.900,2.400,1.600,-156.830,-102.741,-190.870,-139.930,-100.341,-189.270
672,Tab Sheet-1,busbar,461.398,-113.149,-101.637,-185.794,258.758,0.203,10.000,-242.009,-101.738,-191.270,16.748,-101.535,-181.270
673,Tab Solder-1,busbar,62.918,-189.380,-167.941,-190.070,16.900,2.400,1.600,-197.830,-169.141,-190.870,-180.930,-166.741,-189.270
674,Cell Mounting Tape-1,structure,29.032,-25.380,-229.941,-188.698,6.350,4.000,1.143,-28.555,-231.941,-189.270,-22.205,-227.941,-188.127
675,LG INR18650 MJ1-1,cell,17259.578,-168.880,-201.441,-179.127,19.916,65.000,19.916,-178.838,-233.941,-189.085,-158.922,-168.941,-169.169
676,Tab Solder-1,busbar,62.918,-45.880,-234.341,-190.070,16.900,2.400,1.600,-54.330,-235.541,-190.870,-37.430,-233.141,-189.270
677,90183A214_Washer for Blind Rivets-1,fastener,86.804,-252.556,-207.941,-180.270,1.651,9.525,9.525,-253.381,-212.704,-185.032,-251.730,-203.179,-175.507
678,7461111-1__1,other,762.098,-248.412,-207.941,-183.951,9.000,9.000,17.500,-251.730,-212.441,-192.770,-242.730,-203.441,-175.270
679,7792-1__NONE,other,206.066,-248.457,-207.941,-185.912,11.547,9.696,13.043,-253.600,-212.789,-194.369,-242.053,-203.094,-181.326
680,90183A214_Washer for Blind Rivets-1,fastener,86.804,-252.556,-164.131,-180.270,1.651,9.525,9.525,-253.381,-168.894,-185.032,-251.730,-159.369,-175.507
681,7461111-1__1,other,762.098,-248.412,-164.131,-183.951,9.000,9.000,17.500,-251.730,-168.631,-192.770,-242.730,-159.631,-175.270
682,7792-1__NONE,other,206.066,-248.457,-164.131,-185.912,11.547,9.696,13.043,-253.600,-168.979,-194.369,-242.053,-159.284,-181.326
683,Tab Solder-1,busbar,62.918,-66.380,-234.341,-190.070,16.900,2.400,1.600,-74.830,-235.541,-190.870,-57.930,-233.141,-189.270
684,LG INR18650 MJ1-1,cell,17259.578,-148.380,-134.441,-179.127,19.916,65.000,19.916,-158.338,-166.941,-189.085,-138.422,-101.941,-169.169
685,Cell Mounting Tape-1,structure,29.032,-148.380,-105.941,-188.698,6.350,4.000,1.143,-151.555,-107.941,-189.270,-145.205,-103.941,-188.127
686,Tab Solder-1,busbar,62.918,-4.880,-234.341,-190.070,16.900,2.400,1.600,-13.330,-235.541,-190.870,3.570,-233.141,-189.270
687,Tab Solder-1,busbar,62.918,-127.880,-234.341,-190.070,16.900,2.400,1.600,-136.330,-235.541,-190.870,-119.430,-233.141,-189.270
688,LG INR18650 MJ1-1,cell,17259.578,-230.380,-134.441,-179.127,19.916,65.000,19.916,-240.338,-166.941,-189.085,-220.422,-101.941,-169.169
689,LG INR18650 MJ1-1,cell,17259.578,-66.380,-201.441,-179.127,19.916,65.000,19.916,-76.338,-233.941,-189.085,-56.422,-168.941,-169.169
690,Tab Sheet-1,busbar,461.398,-113.149,-234.246,-185.794,258.758,0.203,10.000,-242.009,-234.348,-191.270,16.748,-234.145,-181.270
691,LG INR18650 MJ1-1,cell,17259.578,-25.380,-134.441,-179.127,19.916,65.000,19.916,-35.338,-166.941,-189.085,-15.422,-101.941,-169.169
692,Tab Solder-1,busbar,62.918,-209.880,-234.341,-190.070,16.900,2.400,1.600,-218.330,-235.541,-190.870,-201.430,-233.141,-189.270
693,Cell Mounting Tape-1,structure,29.032,-168.880,-163.241,-188.698,6.350,4.000,1.143,-172.055,-165.241,-189.270,-165.705,-161.241,-188.127
694,7792-1__NONE,other,206.066,23.446,-171.751,-185.912,11.547,9.696,13.043,17.042,-176.599,-194.369,28.589,-166.904,-181.326
695,90183A214_Washer for Blind Rivets-1,fastener,86.804,27.545,-171.751,-180.270,1.651,9.525,9.525,26.720,-176.514,-185.032,28.371,-166.989,-175.507
696,7461111-1__1,other,762.098,23.401,-171.751,-183.951,9.000,9.000,17.500,17.720,-176.251,-192.770,26.720,-167.251,-175.270
697,Cell Mounting Tape-1,structure,29.032,-127.880,-105.941,-188.698,6.350,4.000,1.143,-131.055,-107.941,-189.270,-124.705,-103.941,-188.127
698,NCU18WB473D6SRB-1,other,0.969,-66.380,-201.441,-188.870,1.600,0.800,0.800,-67.180,-201.841,-189.270,-65.580,-201.041,-188.470
699,Tab Solder-1,busbar,62.918,-168.880,-234.341,-190.070,16.900,2.400,1.600,-177.330,-235.541,-190.870,-160.430,-233.141,-189.270
700,Tab Sheet-1,busbar,461.398,-113.149,-168.637,-185.794,258.758,0.203,10.000,-242.009,-168.738,-191.270,16.748,-168.535,-181.270
701,Cell Mounting Tape-1,structure,29.032,-66.380,-105.941,-188.698,6.350,4.000,1.143,-69.555,-107.941,-189.270,-63.205,-103.941,-188.127
702,LG INR18650 MJ1-1,cell,17259.578,-107.380,-201.441,-179.127,19.916,65.000,19.916,-117.338,-233.941,-189.085,-97.422,-168.941,-169.169
703,Module Spacer-1,structure,72657.225,-18.783,-167.987,-175.606,160.429,159.686,25.292,-117.650,-247.784,-189.289,42.780,-88.098,-163.997
704,Module Spacer-1,structure,65797.381,-209.552,-167.993,-175.458,165.275,159.671,179.703,-282.894,-247.777,-273.476,-117.619,-88.106,-93.773
705,Cell Mounting Tape-1,structure,29.032,-127.880,-172.641,-188.698,6.350,4.000,1.143,-131.055,-174.641,-189.270,-124.705,-170.641,-188.127
706,NCU18WB473D6SRB-1,other,0.969,-66.380,-134.441,-188.870,1.600,0.800,0.800,-67.180,-134.841,-189.270,-65.580,-134.041,-188.470
707,Tab Solder-1,busbar,62.918,-86.880,-167.941,-190.070,16.900,2.400,1.600,-95.330,-169.141,-190.870,-78.430,-166.741,-189.270
708,Tab Solder-1,busbar,62.918,-127.880,-101.541,-190.070,16.900,2.400,1.600,-136.330,-102.741,-190.870,-119.430,-100.341,-189.270
709,Cell Mounting Tape-1,structure,29.032,-127.880,-229.941,-188.698,6.350,4.000,1.143,-131.055,-231.941,-189.270,-124.705,-227.941,-188.127
710,Cell Mounting Tape-1,structure,29.032,-86.880,-105.941,-188.698,6.350,4.000,1.143,-90.055,-107.941,-189.270,-83.705,-103.941,-188.127
711,Cell Mounting Tape-1,structure,29.032,-107.380,-229.941,-188.698,6.350,4.000,1.143,-110.555,-231.941,-189.270,-104.205,-227.941,-188.127
712,LG INR18650 MJ1-1,cell,17259.578,-86.880,-134.441,-179.127,19.916,65.000,19.916,-96.838,-166.941,-189.085,-76.922,-101.941,-169.169
713,7792-1__NONE,other,206.066,23.446,-127.941,-185.912,11.547,9.696,13.043,17.042,-132.789,-194.369,28.589,-123.094,-181.326
714,7461111-1__1,other,762.098,23.401,-127.941,-183.951,9.000,9.000,17.500,17.720,-132.441,-192.770,26.720,-123.441,-175.270
715,90183A214_Washer for Blind Rivets-1,fastener,86.804,27.545,-127.941,-180.270,1.651,9.525,9.525,26.720,-132.704,-185.032,28.371,-123.179,-175.507
716,Tab Solder-1,busbar,62.918,-45.880,-101.541,-190.070,16.900,2.400,1.600,-54.330,-102.741,-190.870,-37.430,-100.341,-189.270
717,42037-1-1__Imported1,other,44.272,-257.397,-121.782,-155.070,4.196,17.858,7.549,-260.179,-131.716,-158.844,-255.983,-113.858,-151.295
718,93705A823_18-8 Stainless Steel Thread-Locking Socket Head Screw-1,fastener,229.963,-255.565,-127.937,-129.864,14.104,7.003,7.003,-260.558,-131.443,-133.371,-246.454,-124.440,-126.368
719,93705A823_18-8 Stainless Steel Thread-Locking Socket Head Screw-1,fastener,229.963,-256.073,-127.937,-155.064,14.104,7.003,7.003,-261.066,-131.443,-158.571,-246.962,-124.440,-151.568
720,Bus Bar-1,busbar,980.331,-254.540,-127.941,-141.970,4.826,10.000,34.600,-256.556,-132.941,-159.270,-251.730,-122.941,-124.670
721,Interconnect Cover-1,busbar,1547.850,-260.034,-127.941,-141.941,12.592,14.088,38.688,-264.239,-134.985,-161.314,-251.647,-120.897,-122.625
722,Interconnect Cover-1,busbar,10.372,-263.480,-127.941,-138.222,1.500,6.000,1.152,-264.230,-130.941,-138.798,-262.730,-124.941,-137.646
723,Interconnect Cover-1,busbar,11.146,-263.480,-127.942,-144.190,1.500,3.944,1.884,-264.230,-129.914,-145.132,-262.730,-125.970,-143.248
724,Interconnect Cover-1,busbar,25.920,-263.480,-127.941,-144.241,1.500,6.000,4.118,-264.230,-130.941,-146.285,-262.730,-124.941,-142.166
725,LG INR18650 MJ1-1,cell,17259.578,-117.630,-134.441,-103.527,19.916,65.000,19.916,-127.588,-166.941,-113.485,-107.672,-101.941,-93.569
726,LG INR18650 MJ1-1,cell,17259.578,-56.130,-134.441,-103.527,19.916,65.000,19.916,-66.088,-166.941,-113.485,-46.172,-101.941,-93.569
727,LG INR18650 MJ1-1,cell,17259.578,-158.630,-134.441,-103.527,19.916,65.000,19.916,-168.588,-166.941,-113.485,-148.672,-101.941,-93.569
728,Tab Sheet-1,busbar,461.398,-111.861,-101.840,-110.194,258.758,0.203,10.000,-241.759,-101.941,-115.670,16.998,-101.738,-105.670
729,NCU18WB473D6SRB-1,other,0.969,-233.005,-159.441,-115.670,1.656,1.656,0.800,-233.833,-160.269,-116.070,-232.178,-158.614,-115.270
730,Tab Solder-1,busbar,62.918,-179.130,-167.941,-114.470,16.900,2.400,1.600,-187.580,-169.141,-115.270,-170.680,-166.741,-113.670
731,Cell Mounting Tape-1,structure,29.032,5.370,-163.241,-113.098,6.350,4.000,1.143,2.195,-165.241,-113.670,8.545,-161.241,-112.527
732,Cell Mounting Tape-1,structure,29.032,-76.630,-163.241,-113.098,6.350,4.000,1.143,-79.805,-165.241,-113.670,-73.455,-161.241,-112.527
733,Tab Sheet-1,busbar,461.398,-111.861,-167.246,-110.194,258.758,0.203,10.000,-241.759,-167.348,-115.670,16.998,-167.145,-105.670
734,Cell Mounting Tape-1,structure,29.032,-199.630,-105.941,-113.098,6.350,4.000,1.143,-202.805,-107.941,-113.670,-196.455,-103.941,-112.527
735,Tab Solder-1,busbar,62.918,-199.630,-234.341,-114.470,16.900,2.400,1.600,-208.080,-235.541,-115.270,-191.180,-233.141,-113.670
736,Tab Solder-1,busbar,62.918,-158.630,-234.341,-114.470,16.900,2.400,1.600,-167.080,-235.541,-115.270,-150.180,-233.141,-113.670
737,Tab Solder-1,busbar,62.918,-117.630,-234.341,-114.470,16.900,2.400,1.600,-126.080,-235.541,-115.270,-109.180,-233.141,-113.670
738,LG INR18650 MJ1-1,cell,17259.578,-138.130,-201.441,-103.527,19.916,65.000,19.916,-148.088,-233.941,-113.485,-128.172,-168.941,-93.569
739,Tab Solder-1,busbar,62.918,-35.630,-234.341,-114.470,16.900,2.400,1.600,-44.080,-235.541,-115.270,-27.180,-233.141,-113.670
740,Divider Board-1,structure,32215.758,-115.026,-166.887,-114.470,298.250,158.000,1.600,-261.630,-246.941,-115.270,36.620,-88.941,-113.670
741,LG INR18650 MJ1-1,cell,17259.578,5.370,-134.441,-103.527,19.916,65.000,19.916,-4.588,-166.941,-113.485,15.328,-101.941,-93.569
742,Tab Solder-1,busbar,62.918,-97.130,-167.941,-114.470,16.900,2.400,1.600,-105.580,-169.141,-115.270,-88.680,-166.741,-113.670
743,Cell Mounting Tape-1,structure,29.032,-117.630,-163.241,-113.098,6.350,4.000,1.143,-120.805,-165.241,-113.670,-114.455,-161.241,-112.527
744,Tab Solder-1,busbar,62.918,-199.630,-167.941,-114.470,16.900,2.400,1.600,-208.080,-169.141,-115.270,-191.180,-166.741,-113.670
745,Cell Mounting Tape-1,structure,29.032,-220.130,-229.941,-113.098,6.350,4.000,1.143,-223.305,-231.941,-113.670,-216.955,-227.941,-112.527
746,Tab Sheet-1,busbar,461.398,-111.861,-101.637,-110.194,258.758,0.203,10.000,-241.759,-101.738,-115.670,16.998,-101.535,-105.670
747,Tab Solder-1,busbar,62.918,5.370,-234.341,-114.470,16.900,2.400,1.600,-3.080,-235.541,-115.270,13.820,-233.141,-113.670
748,Tab Sheet-1,busbar,461.398,-111.861,-234.043,-110.194,258.758,0.203,10.000,-241.759,-234.145,-115.670,16.998,-233.941,-105.670
749,Cell Mounting Tape-1,structure,29.032,-56.130,-105.941,-113.098,6.350,4.000,1.143,-59.305,-107.941,-113.670,-52.955,-103.941,-112.527
750,LG INR18650 MJ1-1,cell,17259.578,-76.630,-201.441,-103.527,19.916,65.000,19.916,-86.588,-233.941,-113.485,-66.672,-168.941,-93.569
751,LG INR18650 MJ1-1,cell,17259.578,-220.130,-201.441,-103.527,19.916,65.000,19.916,-230.088,-233.941,-113.485,-210.172,-168.941,-93.569
752,Tab Solder-1,busbar,62.918,-220.130,-234.341,-114.470,16.900,2.400,1.600,-228.580,-235.541,-115.270,-211.680,-233.141,-113.670
753,Cell Mounting Tape-1,structure,29.032,-15.130,-105.941,-113.098,6.350,4.000,1.143,-18.305,-107.941,-113.670,-11.955,-103.941,-112.527
754,Tab Solder-1,busbar,62.918,-76.630,-167.941,-114.470,16.900,2.400,1.600,-85.080,-169.141,-115.270,-68.180,-166.741,-113.670
755,LG INR18650 MJ1-1,cell,17259.578,-117.630,-201.441,-103.527,19.916,65.000,19.916,-127.588,-233.941,-113.485,-107.672,-168.941,-93.569
756,LG INR18650 MJ1-1,cell,17259.578,-97.130,-134.441,-103.527,19.916,65.000,19.916,-107.088,-166.941,-113.485,-87.172,-101.941,-93.569
757,Tab Solder-1,busbar,62.918,-97.130,-234.341,-114.470,16.900,2.400,1.600,-105.580,-235.541,-115.270,-88.680,-233.141,-113.670
758,Cell Mounting Tape-1,structure,29.032,-179.130,-172.641,-113.098,6.350,4.000,1.143,-182.305,-174.641,-113.670,-175.955,-170.641,-112.527
759,Tab Sheet-1,busbar,461.398,-111.861,-234.246,-110.194,258.758,0.203,10.000,-241.759,-234.348,-115.670,16.998,-234.145,-105.670
760,LG INR18650 MJ1-1,cell,17259.578,-220.130,-134.441,-103.527,19.916,65.000,19.916,-230.088,-166.941,-113.485,-210.172,-101.941,-93.569
761,Cell Mounting Tape-1,structure,29.032,-199.630,-229.941,-113.098,6.350,4.000,1.143,-202.805,-231.941,-113.670,-196.455,-227.941,-112.527
762,7461111-1__1,other,762.098,-248.412,-164.131,-108.351,9.000,9.000,17.500,-251.730,-168.631,-117.170,-242.730,-159.631,-99.670
763,90183A214_Washer for Blind Rivets-1,fastener,86.804,-252.556,-164.131,-104.670,1.651,9.525,9.525,-253.381,-168.894,-109.432,-251.730,-159.369,-99.907
764,7792-1__NONE,other,206.066,-248.457,-164.131,-110.312,11.547,9.696,13.043,-253.600,-168.979,-118.769,-242.053,-159.284,-105.726
765,Cell Mounting Tape-1,structure,29.032,-35.630,-229.941,-113.098,6.350,4.000,1.143,-38.805,-231.941,-113.670,-32.455,-227.941,-112.527
766,Cell Mounting Tape-1,structure,29.032,-35.630,-105.941,-113.098,6.350,4.000,1.143,-38.805,-107.941,-113.670,-32.455,-103.941,-112.527
767,Cell Mounting Tape-1,structure,29.032,-117.630,-172.641,-113.098,6.350,4.000,1.143,-120.805,-174.641,-113.670,-114.455,-170.641,-112.527
768,705510072-1__Imported1,other,440.432,-247.152,-152.669,-111.109,13.589,11.428,10.795,-254.130,-158.415,-117.480,-240.541,-146.988,-106.685
769,Cell Mounting Tape-1,structure,29.032,-220.130,-105.941,-113.098,6.350,4.000,1.143,-223.305,-107.941,-113.670,-216.955,-103.941,-112.527
770,Tab Sheet-1,busbar,461.398,-111.861,-168.637,-110.194,258.758,0.203,10.000,-241.759,-168.738,-115.670,16.998,-168.535,-105.670
771,NCU18WB473D6SRB-1,other,0.969,-56.130,-134.441,-113.270,1.600,0.800,0.800,-56.930,-134.841,-113.670,-55.330,-134.041,-112.870
772,Cell Mounting Tape-1,structure,29.032,-76.630,-172.641,-113.098,6.350,4.000,1.143,-79.805,-174.641,-113.670,-73.455,-170.641,-112.527
773,Cell Mounting Tape-1,structure,29.032,-199.630,-172.641,-113.098,6.350,4.000,1.143,-202.805,-174.641,-113.670,-196.455,-170.641,-112.527
774,Tab Solder-1,busbar,62.918,-15.130,-167.941,-114.470,16.900,2.400,1.600,-23.580,-169.141,-115.270,-6.680,-166.741,-113.670
775,LG INR18650 MJ1-1,cell,17259.578,-35.630,-201.441,-103.527,19.916,65.000,19.916,-45.588,-233.941,-113.485,-25.672,-168.941,-93.569
776,Tab Solder-1,busbar,62.918,-158.630,-167.941,-114.470,16.900,2.400,1.600,-167.080,-169.141,-115.270,-150.180,-166.741,-113.670
777,Cell Mounting Tape-1,structure,29.032,-220.130,-172.641,-113.098,6.350,4.000,1.143,-223.305,-174.641,-113.670,-216.955,-170.641,-112.527
778,Tab Solder-1,busbar,62.918,-199.630,-101.541,-114.470,16.900,2.400,1.600,-208.080,-102.741,-115.270,-191.180,-100.341,-113.670
779,Cell Mounting Tape-1,structure,29.032,-138.130,-229.941,-113.098,6.350,4.000,1.143,-141.305,-231.941,-113.670,-134.955,-227.941,-112.527
780,Cell Mounting Tape-1,structure,29.032,-199.630,-163.241,-113.098,6.350,4.000,1.143,-202.805,-165.241,-113.670,-196.455,-161.241,-112.527
781,LG INR18650 MJ1-1,cell,17259.578,-138.130,-134.441,-103.527,19.916,65.000,19.916,-148.088,-166.941,-113.485,-128.172,-101.941,-93.569
782,Tab Solder-1,busbar,62.918,-179.130,-234.341,-114.470,16.900,2.400,1.600,-187.580,-235.541,-115.270,-170.680,-233.141,-113.670
783,Tab Sheet-1,busbar,461.398,-111.861,-168.840,-110.194,258.758,0.203,10.000,-241.759,-168.941,-115.670,16.998,-168.738,-105.670
784,Tab Solder-1,busbar,62.918,-138.130,-167.941,-114.470,16.900,2.400,1.600,-146.580,-169.141,-115.270,-129.680,-166.741,-113.670
785,Tab Solder-1,busbar,62.918,-56.130,-167.941,-114.470,16.900,2.400,1.600,-64.580,-169.141,-115.270,-47.680,-166.741,-113.670
786,Tab Solder-1,busbar,62.918,-56.130,-234.341,-114.470,16.900,2.400,1.600,-64.580,-235.541,-115.270,-47.680,-233.141,-113.670
787,Cell Mounting Tape-1,structure,29.032,5.370,-105.941,-113.098,6.350,4.000,1.143,2.195,-107.941,-113.670,8.545,-103.941,-112.527
788,LG INR18650 MJ1-1,cell,17259.578,-15.130,-201.441,-103.527,19.916,65.000,19.916,-25.088,-233.941,-113.485,-5.172,-168.941,-93.569
789,LG INR18650 MJ1-1,cell,17259.578,-179.130,-134.441,-103.527,19.916,65.000,19.916,-189.088,-166.941,-113.485,-169.172,-101.941,-93.569
790,Cell Mounting Tape-1,structure,29.032,-220.130,-163.241,-113.098,6.350,4.000,1.143,-223.305,-165.241,-113.670,-216.955,-161.241,-112.527
791,LG INR18650 MJ1-1,cell,17259.578,-199.630,-201.441,-103.527,19.916,65.000,19.916,-209.588,-233.941,-113.485,-189.672,-168.941,-93.569
792,Cell Mounting Tape-1,structure,29.032,5.370,-229.941,-113.098,6.350,4.000,1.143,2.195,-231.941,-113.670,8.545,-227.941,-112.527
793,705510075-1__Imported1,other,710.957,-246.851,-179.372,-110.968,13.589,19.048,10.795,-254.130,-188.895,-117.480,-240.541,-169.848,-106.685
794,Cell Mounting Tape-1,structure,29.032,-97.130,-163.241,-113.098,6.350,4.000,1.143,-100.305,-165.241,-113.670,-93.955,-161.241,-112.527
795,Cell Mounting Tape-1,structure,29.032,-97.130,-172.641,-113.098,6.350,4.000,1.143,-100.305,-174.641,-113.670,-93.955,-170.641,-112.527
796,NCU18WB473D6SRB-1,other,0.969,-158.630,-201.441,-113.270,1.600,0.800,0.800,-159.430,-201.841,-113.670,-157.830,-201.041,-112.870
797,Tab Solder-1,busbar,62.918,-220.130,-167.941,-114.470,16.900,2.400,1.600,-228.580,-169.141,-115.270,-211.680,-166.741,-113.670
798,Tab Sheet-1,busbar,461.398,-111.861,-167.043,-110.194,258.758,0.203,10.000,-241.759,-167.145,-115.670,16.998,-166.941,-105.670
799,LG INR18650 MJ1-1,cell,17259.578,-179.130,-201.441,-103.527,19.916,65.000,19.916,-189.088,-233.941,-113.485,-169.172,-168.941,-93.569
800,Tab Solder-1,busbar,62.918,-220.130,-101.541,-114.470,16.900,2.400,1.600,-228.580,-102.741,-115.270,-211.680,-100.341,-113.670
801,Cell Mounting Tape-1,structure,29.032,-97.130,-105.941,-113.098,6.350,4.000,1.143,-100.305,-107.941,-113.670,-93.955,-103.941,-112.527
802,Tab Solder-1,busbar,62.918,-35.630,-167.941,-114.470,16.900,2.400,1.600,-44.080,-169.141,-115.270,-27.180,-166.741,-113.670
803,Cell Mounting Tape-1,structure,29.032,-158.630,-229.941,-113.098,6.350,4.000,1.143,-161.805,-231.941,-113.670,-155.455,-227.941,-112.527
804,LG INR18650 MJ1-1,cell,17259.578,-97.130,-201.441,-103.527,19.916,65.000,19.916,-107.088,-233.941,-113.485,-87.172,-168.941,-93.569
805,LG INR18650 MJ1-1,cell,17259.578,5.370,-201.441,-103.527,19.916,65.000,19.916,-4.588,-233.941,-113.485,15.328,-168.941,-93.569
806,Tab Solder-1,busbar,62.918,-179.130,-101.541,-114.470,16.900,2.400,1.600,-187.580,-102.741,-115.270,-170.680,-100.341,-113.670
807,Cell Mounting Tape-1,structure,29.032,-97.130,-229.941,-113.098,6.350,4.000,1.143,-100.305,-231.941,-113.670,-93.955,-227.941,-112.527
808,LG INR18650 MJ1-1,cell,17259.578,-158.630,-201.441,-103.527,19.916,65.000,19.916,-168.588,-233.941,-113.485,-148.672,-168.941,-93.569
809,Cell Mounting Tape-1,structure,29.032,-138.130,-172.641,-113.098,6.350,4.000,1.143,-141.305,-174.641,-113.670,-134.955,-170.641,-112.527
810,Cell Mounting Tape-1,structure,29.032,-179.130,-163.241,-113.098,6.350,4.000,1.143,-182.305,-165.241,-113.670,-175.955,-161.241,-112.527
811,V_r Connection-1,busbar,19.101,-110.572,-169.872,-115.651,256.610,8.997,0.305,-240.628,-172.409,-115.803,15.982,-163.412,-115.498
812,V_r Connection-1,busbar,99.053,-110.553,-169.896,-115.651,255.447,6.541,0.762,-239.658,-171.439,-116.032,15.788,-164.898,-115.270
813,LG INR18650 MJ1-1,cell,17259.578,-15.130,-134.441,-103.527,19.916,65.000,19.916,-25.088,-166.941,-113.485,-5.172,-101.941,-93.569
814,Cell Mounting Tape-1,structure,29.032,-15.130,-172.641,-113.098,6.350,4.000,1.143,-18.305,-174.641,-113.670,-11.955,-170.641,-112.527
815,Tab Solder-1,busbar,62.918,-15.130,-234.341,-114.470,16.900,2.400,1.600,-23.580,-235.541,-115.270,-6.680,-233.141,-113.670
816,Tab Solder-1,busbar,62.918,-158.630,-101.541,-114.470,16.900,2.400,1.600,-167.080,-102.741,-115.270,-150.180,-100.341,-113.670
817,705510075-1__Imported1,other,710.957,21.840,-156.511,-110.968,13.589,19.048,10.795,15.531,-166.035,-117.480,29.120,-146.988,-106.685
818,LG INR18650 MJ1-1,cell,17259.578,-76.630,-134.441,-103.527,19.916,65.000,19.916,-86.588,-166.941,-113.485,-66.672,-101.941,-93.569
819,Cell Mounting Tape-1,structure,29.032,-15.130,-229.941,-113.098,6.350,4.000,1.143,-18.305,-231.941,-113.670,-11.955,-227.941,-112.527
820,Cell Mounting Tape-1,structure,29.032,-138.130,-163.241,-113.098,6.350,4.000,1.143,-141.305,-165.241,-113.670,-134.955,-161.241,-112.527
821,Cell Mounting Tape-1,structure,29.032,-35.630,-163.241,-113.098,6.350,4.000,1.143,-38.805,-165.241,-113.670,-32.455,-161.241,-112.527
822,LG INR18650 MJ1-1,cell,17259.578,-199.630,-134.441,-103.527,19.916,65.000,19.916,-209.588,-166.941,-113.485,-189.672,-101.941,-93.569
823,LG INR18650 MJ1-1,cell,17259.578,-56.130,-201.441,-103.527,19.916,65.000,19.916,-66.088,-233.941,-113.485,-46.172,-168.941,-93.569
824,Cell Mounting Tape-1,structure,29.032,-138.130,-105.941,-113.098,6.350,4.000,1.143,-141.305,-107.941,-113.670,-134.955,-103.941,-112.527
825,Cell Mounting Tape-1,structure,29.032,-56.130,-163.241,-113.098,6.350,4.000,1.143,-59.305,-165.241,-113.670,-52.955,-161.241,-112.527
826,Tab Solder-1,busbar,62.918,-138.130,-101.541,-114.470,16.900,2.400,1.600,-146.580,-102.741,-115.270,-129.680,-100.341,-113.670
827,Cell Mounting Tape-1,structure,29.032,-117.630,-105.941,-113.098,6.350,4.000,1.143,-120.805,-107.941,-113.670,-114.455,-103.941,-112.527
828,Cell Mounting Tape-1,structure,29.032,-15.130,-163.241,-113.098,6.350,4.000,1.143,-18.305,-165.241,-113.670,-11.955,-161.241,-112.527
829,7461111-1__1,other,762.098,23.401,-127.941,-108.351,9.000,9.000,17.500,17.720,-132.441,-117.170,26.720,-123.441,-99.670
830,90183A214_Washer for Blind Rivets-1,fastener,86.804,27.545,-127.941,-104.670,1.651,9.525,9.525,26.720,-132.704,-109.432,28.371,-123.179,-99.907
831,7792-1__NONE,other,206.066,23.446,-127.941,-110.312,11.547,9.696,13.043,17.042,-132.789,-118.769,28.589,-123.094,-105.726
832,Tab Solder-1,busbar,62.918,-97.130,-101.541,-114.470,16.900,2.400,1.600,-105.580,-102.741,-115.270,-88.680,-100.341,-113.670
833,NCU18WB473D6SRB-1,other,0.969,-56.130,-201.441,-113.270,1.600,0.800,0.800,-56.930,-201.841,-113.670,-55.330,-201.041,-112.870
834,Tab Solder-1,busbar,62.918,-15.130,-101.541,-114.470,16.900,2.400,1.600,-23.580,-102.741,-115.270,-6.680,-100.341,-113.670
835,Cell Mounting Tape-1,structure,29.032,-35.630,-172.641,-113.098,6.350,4.000,1.143,-38.805,-174.641,-113.670,-32.455,-170.641,-112.527
836,Tab Solder-1,busbar,62.918,-76.630,-101.541,-114.470,16.900,2.400,1.600,-85.080,-102.741,-115.270,-68.180,-100.341,-113.670
837,Cell Mounting Tape-1,structure,29.032,-76.630,-229.941,-113.098,6.350,4.000,1.143,-79.805,-231.941,-113.670,-73.455,-227.941,-112.527
838,Cell Mounting Tape-1,structure,29.032,5.370,-172.641,-113.098,6.350,4.000,1.143,2.195,-174.641,-113.670,8.545,-170.641,-112.527
839,Tab Solder-1,busbar,62.918,-117.630,-167.941,-114.470,16.900,2.400,1.600,-126.080,-169.141,-115.270,-109.180,-166.741,-113.670
840,Cell Mounting Tape-1,structure,29.032,-56.130,-172.641,-113.098,6.350,4.000,1.143,-59.305,-174.641,-113.670,-52.955,-170.641,-112.527
841,Tab Solder-1,busbar,62.918,-56.130,-101.541,-114.470,16.900,2.400,1.600,-64.580,-102.741,-115.270,-47.680,-100.341,-113.670
842,NCU18WB473D6SRB-1,other,0.969,-158.630,-134.441,-113.270,1.600,0.800,0.800,-159.430,-134.841,-113.670,-157.830,-134.041,-112.870
843,Cell Mounting Tape-1,structure,29.032,-179.130,-229.941,-113.098,6.350,4.000,1.143,-182.305,-231.941,-113.670,-175.955,-227.941,-112.527
844,90183A214_Washer for Blind Rivets-1,fastener,86.804,-252.556,-127.941,-104.670,1.651,9.525,9.525,-253.381,-132.704,-109.432,-251.730,-123.179,-99.907
845,7461111-1__1,other,762.098,-248.412,-127.941,-108.351,9.000,9.000,17.500,-251.730,-132.441,-117.170,-242.730,-123.441,-99.670
846,7792-1__NONE,other,206.066,-248.457,-127.941,-110.312,11.547,9.696,13.043,-253.600,-132.789,-118.769,-242.053,-123.094,-105.726
847,Tab Solder-1,busbar,62.918,-35.630,-101.541,-114.470,16.900,2.400,1.600,-44.080,-102.741,-115.270,-27.180,-100.341,-113.670
848,Tab Solder-1,busbar,62.918,-117.630,-101.541,-114.470,16.900,2.400,1.600,-126.080,-102.741,-115.270,-109.180,-100.341,-113.670
849,Cell Mounting Tape-1,structure,29.032,-158.630,-163.241,-113.098,6.350,4.000,1.143,-161.805,-165.241,-113.670,-155.455,-161.241,-112.527
850,LG INR18650 MJ1-1,cell,17259.578,-35.630,-134.441,-103.527,19.916,65.000,19.916,-45.588,-166.941,-113.485,-25.672,-101.941,-93.569
851,Cell Mounting Tape-1,structure,29.032,-158.630,-172.641,-113.098,6.350,4.000,1.143,-161.805,-174.641,-113.670,-155.455,-170.641,-112.527
852,Tab Solder-1,busbar,62.918,-76.630,-234.341,-114.470,16.900,2.400,1.600,-85.080,-235.541,-115.270,-68.180,-233.141,-113.670
853,Tab Solder-1,busbar,62.918,5.370,-101.541,-114.470,16.900,2.400,1.600,-3.080,-102.741,-115.270,13.820,-100.341,-113.670
854,705510072-1__Imported1,other,440.432,22.141,-183.214,-111.109,13.589,11.428,10.795,15.531,-188.895,-117.480,29.120,-177.468,-106.685
855,7461111-1__1,other,762.098,23.401,-207.941,-108.351,9.000,9.000,17.500,17.720,-212.441,-117.170,26.720,-203.441,-99.670
856,7792-1__NONE,other,206.066,23.446,-207.941,-110.312,11.547,9.696,13.043,17.042,-212.789,-118.769,28.589,-203.094,-105.726
857,90183A214_Washer for Blind Rivets-1,fastener,86.804,27.545,-207.941,-104.670,1.651,9.525,9.525,26.720,-212.704,-109.432,28.371,-203.179,-99.907
858,90183A214_Washer for Blind Rivets-1,fastener,86.804,-252.556,-207.941,-104.670,1.651,9.525,9.525,-253.381,-212.704,-109.432,-251.730,-203.179,-99.907
859,7461111-1__1,other,762.098,-248.412,-207.941,-108.351,9.000,9.000,17.500,-251.730,-212.441,-117.170,-242.730,-203.441,-99.670
860,7792-1__NONE,other,206.066,-248.457,-207.941,-110.312,11.547,9.696,13.043,-253.600,-212.789,-118.769,-242.053,-203.094,-105.726
861,Cell Mounting Tape-1,structure,29.032,-56.130,-229.941,-113.098,6.350,4.000,1.143,-59.305,-231.941,-113.670,-52.955,-227.941,-112.527
862,Cell Mounting Tape-1,structure,29.032,-179.130,-105.941,-113.098,6.350,4.000,1.143,-182.305,-107.941,-113.670,-175.955,-103.941,-112.527
863,Cell Mounting Tape-1,structure,29.032,-76.630,-105.941,-113.098,6.350,4.000,1.143,-79.805,-107.941,-113.670,-73.455,-103.941,-112.527
864,7792-1__NONE,other,206.066,23.446,-171.751,-110.312,11.547,9.696,13.043,17.042,-176.599,-118.769,28.589,-166.904,-105.726
865,90183A214_Washer for Blind Rivets-1,fastener,86.804,27.545,-171.751,-104.670,1.651,9.525,9.525,26.720,-176.514,-109.432,28.371,-166.989,-99.907
866,7461111-1__1,other,762.098,23.401,-171.751,-108.351,9.000,9.000,17.500,17.720,-176.251,-117.170,26.720,-167.251,-99.670
867,Tab Solder-1,busbar,62.918,-138.130,-234.341,-114.470,16.900,2.400,1.600,-146.580,-235.541,-115.270,-129.680,-233.141,-113.670
868,Cell Mounting Tape-1,structure,29.032,-158.630,-105.941,-113.098,6.350,4.000,1.143,-161.805,-107.941,-113.670,-155.455,-103.941,-112.527
869,Module Spacer-1,structure,65797.381,-15.459,-167.889,-99.858,165.275,159.671,179.703,-107.392,-247.777,-197.876,57.883,-88.106,-18.173
870,Module Spacer-1,structure,72657.225,-206.228,-167.896,-100.006,160.429,159.686,25.292,-267.790,-247.784,-113.689,-107.361,-88.098,-88.397
871,Cell Mounting Tape-1,structure,29.032,-117.630,-229.941,-113.098,6.350,4.000,1.143,-120.805,-231.941,-113.670,-114.455,-227.941,-112.527
872,Tab Solder-1,busbar,62.918,5.370,-167.941,-114.470,16.900,2.400,1.600,-3.080,-169.141,-115.270,13.820,-166.741,-113.670
873,93705A823_18-8 Stainless Steel Thread-Locking Socket Head Screw-1,fastener,229.963,-251.625,-236.945,-520.478,7.003,7.003,14.104,-255.132,-240.443,-525.471,-248.129,-233.440,-511.367
874,Tie Rod Mount-1,structure,6038.280,-251.630,-236.664,-528.319,20.000,20.000,20.000,-261.630,-246.941,-538.470,-241.630,-226.941,-518.470
875,Tie Rod Mount-1,structure,6038.280,-251.630,-236.664,-55.021,20.000,20.000,20.000,-261.630,-246.941,-64.870,-241.630,-226.941,-44.870
876,93705A823_18-8 Stainless Steel Thread-Locking Socket Head Screw-1,fastener,229.963,-251.636,-236.945,-62.861,7.003,7.003,14.104,-255.132,-240.443,-71.972,-248.129,-233.440,-57.868
877,Tie Rod Insert-1,structure,94.091,-251.630,-236.941,-69.950,4.763,4.763,10.160,-254.012,-239.323,-75.030,-249.249,-234.560,-64.870
878,Tie Rod Insert-1,structure,94.091,-251.630,-236.941,-513.390,4.763,4.763,10.160,-254.012,-239.323,-518.470,-249.249,-234.560,-508.310
879,Fiberglass Rod-1,structure,6284.756,-251.630,-236.941,-291.670,6.350,6.350,453.600,-254.805,-240.116,-518.470,-248.455,-233.766,-64.870
880,LG INR18650 MJ1-1,cell,17259.578,-25.380,-201.441,-128.727,19.916,65.000,19.916,-35.338,-233.941,-138.685,-15.422,-168.941,-118.769
881,Tab Sheet-1,busbar,461.398,-113.149,-168.637,-135.394,258.758,0.203,10.000,-242.009,-168.738,-140.870,16.748,-168.535,-130.870
882,Tab Sheet-1,busbar,461.398,-113.149,-167.043,-135.394,258.758,0.203,10.000,-242.009,-167.145,-140.870,16.748,-166.941,-130.870
883,Tab Solder-1,busbar,62.918,-168.880,-167.941,-139.670,16.900,2.400,1.600,-177.330,-169.141,-140.470,-160.430,-166.741,-138.870
884,Tab Solder-1,busbar,62.918,-168.880,-101.541,-139.670,16.900,2.400,1.600,-177.330,-102.741,-140.470,-160.430,-100.341,-138.870
885,Tab Solder-1,busbar,62.918,-4.880,-101.541,-139.670,16.900,2.400,1.600,-13.330,-102.741,-140.470,3.570,-100.341,-138.870
886,LG INR18650 MJ1-1,cell,17259.578,-189.380,-134.441,-128.727,19.916,65.000,19.916,-199.338,-166.941,-138.685,-179.422,-101.941,-118.769
887,NCU18WB473D6SRB-1,other,0.969,7.995,-176.441,-140.870,1.656,1.656,0.800,7.167,-177.269,-141.270,8.822,-175.614,-140.470
888,Cell Mounting Tape-1,structure,29.032,-209.880,-229.941,-138.298,6.350,4.000,1.143,-213.055,-231.941,-138.870,-206.705,-227.941,-137.727
889,Tab Solder-1,busbar,62.918,-86.880,-234.341,-139.670,16.900,2.400,1.600,-95.330,-235.541,-140.470,-78.430,-233.141,-138.870
890,705510072-1__Imported1,other,440.432,22.141,-183.214,-136.309,13.589,11.428,10.795,15.531,-188.895,-142.680,29.120,-177.468,-131.885
891,NCU18WB473D6SRB-1,other,0.969,-66.380,-201.441,-138.470,1.600,0.800,0.800,-67.180,-201.841,-138.870,-65.580,-201.041,-138.070
892,Tab Solder-1,busbar,62.918,-209.880,-101.541,-139.670,16.900,2.400,1.600,-218.330,-102.741,-140.470,-201.430,-100.341,-138.870
893,LG INR18650 MJ1-1,cell,17259.578,-25.380,-134.441,-128.727,19.916,65.000,19.916,-35.338,-166.941,-138.685,-15.422,-101.941,-118.769
894,Tab Solder-1,busbar,62.918,-45.880,-101.541,-139.670,16.900,2.400,1.600,-54.330,-102.741,-140.470,-37.430,-100.341,-138.870
895,Cell Mounting Tape-1,structure,29.032,-4.880,-163.241,-138.298,6.350,4.000,1.143,-8.055,-165.241,-138.870,-1.705,-161.241,-137.727
896,Cell Mounting Tape-1,structure,29.032,-66.380,-163.241,-138.298,6.350,4.000,1.143,-69.555,-165.241,-138.870,-63.205,-161.241,-137.727
897,LG INR18650 MJ1-1,cell,17259.578,-66.380,-201.441,-128.727,19.916,65.000,19.916,-76.338,-233.941,-138.685,-56.422,-168.941,-118.769
898,Tab Solder-1,busbar,62.918,-45.880,-234.341,-139.670,16.900,2.400,1.600,-54.330,-235.541,-140.470,-37.430,-233.141,-138.870
899,Tab Solder-1,busbar,62.918,-148.380,-234.341,-139.670,16.900,2.400,1.600,-156.830,-235.541,-140.470,-139.930,-233.141,-138.870
900,Cell Mounting Tape-1,structure,29.032,-148.380,-105.941,-138.298,6.350,4.000,1.143,-151.555,-107.941,-138.870,-145.205,-103.941,-137.727
901,Cell Mounting Tape-1,structure,29.032,-148.380,-163.241,-138.298,6.350,4.000,1.143,-151.555,-165.241,-138.870,-145.205,-161.241,-137.727
902,LG INR18650 MJ1-1,cell,17259.578,-168.880,-201.441,-128.727,19.916,65.000,19.916,-178.838,-233.941,-138.685,-158.922,-168.941,-118.769
903,LG INR18650 MJ1-1,cell,17259.578,-230.380,-134.441,-128.727,19.916,65.000,19.916,-240.338,-166.941,-138.685,-220.422,-101.941,-118.769
904,Cell Mounting Tape-1,structure,29.032,-25.380,-163.241,-138.298,6.350,4.000,1.143,-28.555,-165.241,-138.870,-22.205,-161.241,-137.727
905,Divider Board-1,structure,32215.758,-109.985,-168.996,-139.670,298.250,158.000,1.600,-261.630,-246.941,-140.470,36.620,-88.941,-138.870
906,NCU18WB473D6SRB-1,other,0.969,-168.880,-201.441,-138.470,1.600,0.800,0.800,-169.680,-201.841,-138.870,-168.080,-201.041,-138.070
907,Cell Mounting Tape-1,structure,29.032,-127.880,-172.641,-138.298,6.350,4.000,1.143,-131.055,-174.641,-138.870,-124.705,-170.641,-137.727
908,Cell Mounting Tape-1,structure,29.032,-4.880,-105.941,-138.298,6.350,4.000,1.143,-8.055,-107.941,-138.870,-1.705,-103.941,-137.727
909,Cell Mounting Tape-1,structure,29.032,-107.380,-163.241,-138.298,6.350,4.000,1.143,-110.555,-165.241,-138.870,-104.205,-161.241,-137.727
910,705510072-1__Imported1,other,440.432,-247.152,-152.669,-136.309,13.589,11.428,10.795,-254.130,-158.415,-142.680,-240.541,-146.988,-131.885
911,Cell Mounting Tape-1,structure,29.032,-25.380,-105.941,-138.298,6.350,4.000,1.143,-28.555,-107.941,-138.870,-22.205,-103.941,-137.727
912,LG INR18650 MJ1-1,cell,17259.578,-4.880,-201.441,-128.727,19.916,65.000,19.916,-14.838,-233.941,-138.685,5.078,-168.941,-118.769
913,Cell Mounting Tape-1,structure,29.032,-45.880,-172.641,-138.298,6.350,4.000,1.143,-49.055,-174.641,-138.870,-42.705,-170.641,-137.727
914,Tab Sheet-1,busbar,461.398,-113.149,-234.246,-135.394,258.758,0.203,10.000,-242.009,-234.348,-140.870,16.748,-234.145,-130.870
915,Cell Mounting Tape-1,structure,29.032,-209.880,-105.941,-138.298,6.350,4.000,1.143,-213.055,-107.941,-138.870,-206.705,-103.941,-137.727
916,Cell Mounting Tape-1,structure,29.032,-168.880,-229.941,-138.298,6.350,4.000,1.143,-172.055,-231.941,-138.870,-165.705,-227.941,-137.727
917,Cell Mounting Tape-1,structure,29.032,-107.380,-105.941,-138.298,6.350,4.000,1.143,-110.555,-107.941,-138.870,-104.205,-103.941,-137.727
918,Cell Mounting Tape-1,structure,29.032,-189.380,-172.641,-138.298,6.350,4.000,1.143,-192.555,-174.641,-138.870,-186.205,-170.641,-137.727
919,Tab Solder-1,busbar,62.918,-189.380,-101.541,-139.670,16.900,2.400,1.600,-197.830,-102.741,-140.470,-180.930,-100.341,-138.870
920,Tab Solder-1,busbar,62.918,-25.380,-167.941,-139.670,16.900,2.400,1.600,-33.830,-169.141,-140.470,-16.930,-166.741,-138.870
921,Tab Solder-1,busbar,62.918,-189.380,-167.941,-139.670,16.900,2.400,1.600,-197.830,-169.141,-140.470,-180.930,-166.741,-138.870
922,Tab Solder-1,busbar,62.918,-66.380,-167.941,-139.670,16.900,2.400,1.600,-74.830,-169.141,-140.470,-57.930,-166.741,-138.870
923,Cell Mounting Tape-1,structure,29.032,-107.380,-229.941,-138.298,6.350,4.000,1.143,-110.555,-231.941,-138.870,-104.205,-227.941,-137.727
924,Cell Mounting Tape-1,structure,29.032,-209.880,-163.241,-138.298,6.350,4.000,1.143,-213.055,-165.241,-138.870,-206.705,-161.241,-137.727
925,Cell Mounting Tape-1,structure,29.032,-189.380,-105.941,-138.298,6.350,4.000,1.143,-192.555,-107.941,-138.870,-186.205,-103.941,-137.727
926,Tab Solder-1,busbar,62.918,-45.880,-167.941,-139.670,16.900,2.400,1.600,-54.330,-169.141,-140.470,-37.430,-166.741,-138.870
927,Cell Mounting Tape-1,structure,29.032,-127.880,-229.941,-138.298,6.350,4.000,1.143,-131.055,-231.941,-138.870,-124.705,-227.941,-137.727
928,Cell Mounting Tape-1,structure,29.032,-127.880,-163.241,-138.298,6.350,4.000,1.143,-131.055,-165.241,-138.870,-124.705,-161.241,-137.727
929,Cell Mounting Tape-1,structure,29.032,-209.880,-172.641,-138.298,6.350,4.000,1.143,-213.055,-174.641,-138.870,-206.705,-170.641,-137.727
930,Tab Solder-1,busbar,62.918,-107.380,-101.541,-139.670,16.900,2.400,1.600,-115.830,-102.741,-140.470,-98.930,-100.341,-138.870
931,Cell Mounting Tape-1,structure,29.032,-66.380,-172.641,-138.298,6.350,4.000,1.143,-69.555,-174.641,-138.870,-63.205,-170.641,-137.727
932,Tab Solder-1,busbar,62.918,-168.880,-234.341,-139.670,16.900,2.400,1.600,-177.330,-235.541,-140.470,-160.430,-233.141,-138.870
933,Tab Solder-1,busbar,62.918,-66.380,-101.541,-139.670,16.900,2.400,1.600,-74.830,-102.741,-140.470,-57.930,-100.341,-138.870
934,Tab Solder-1,busbar,62.918,-209.880,-167.941,-139.670,16.900,2.400,1.600,-218.330,-169.141,-140.470,-201.430,-166.741,-138.870
935,90183A214_Washer for Blind Rivets-1,fastener,86.804,-252.556,-127.941,-129.870,1.651,9.525,9.525,-253.381,-132.704,-134.632,-251.730,-123.179,-125.107
936,7792-1__NONE,other,206.066,-248.457,-127.941,-135.512,11.547,9.696,13.043,-253.600,-132.789,-143.969,-242.053,-123.094,-130.926
937,7461111-1__1,other,762.098,-248.412,-127.941,-133.551,9.000,9.000,17.500,-251.730,-132.441,-142.370,-242.730,-123.441,-124.870
938,Cell Mounting Tape-1,structure,29.032,-86.880,-172.641,-138.298,6.350,4.000,1.143,-90.055,-174.641,-138.870,-83.705,-170.641,-137.727
939,Cell Mounting Tape-1,structure,29.032,-45.880,-229.941,-138.298,6.350,4.000,1.143,-49.055,-231.941,-138.870,-42.705,-227.941,-137.727
940,Tab Sheet-1,busbar,461.398,-113.149,-167.246,-135.394,258.758,0.203,10.000,-242.009,-167.348,-140.870,16.748,-167.145,-130.870
941,LG INR18650 MJ1-1,cell,17259.578,-209.880,-201.441,-128.727,19.916,65.000,19.916,-219.838,-233.941,-138.685,-199.922,-168.941,-118.769
942,7461111-1__1,other,762.098,23.401,-207.941,-133.551,9.000,9.000,17.500,17.720,-212.441,-142.370,26.720,-203.441,-124.870
943,90183A214_Washer for Blind Rivets-1,fastener,86.804,27.545,-207.941,-129.870,1.651,9.525,9.525,26.720,-212.704,-134.632,28.371,-203.179,-125.107
944,7792-1__NONE,other,206.066,23.446,-207.941,-135.512,11.547,9.696,13.043,17.042,-212.789,-143.969,28.589,-203.094,-130.926
945,Tab Solder-1,busbar,62.918,-86.880,-101.541,-139.670,16.900,2.400,1.600,-95.330,-102.741,-140.470,-78.430,-100.341,-138.870
946,Tab Solder-1,busbar,62.918,-127.880,-167.941,-139.670,16.900,2.400,1.600,-136.330,-169.141,-140.470,-119.430,-166.741,-138.870
947,Tab Solder-1,busbar,62.918,-127.880,-101.541,-139.670,16.900,2.400,1.600,-136.330,-102.741,-140.470,-119.430,-100.341,-138.870
948,Tab Solder-1,busbar,62.918,-230.380,-234.341,-139.670,16.900,2.400,1.600,-238.830,-235.541,-140.470,-221.930,-233.141,-138.870
949,Cell Mounting Tape-1,structure,29.032,-148.380,-172.641,-138.298,6.350,4.000,1.143,-151.555,-174.641,-138.870,-145.205,-170.641,-137.727
950,Cell Mounting Tape-1,structure,29.032,-230.380,-105.941,-138.298,6.350,4.000,1.143,-233.555,-107.941,-138.870,-227.205,-103.941,-137.727
951,LG INR18650 MJ1-1,cell,17259.578,-86.880,-134.441,-128.727,19.916,65.000,19.916,-96.838,-166.941,-138.685,-76.922,-101.941,-118.769
952,Cell Mounting Tape-1,structure,29.032,-4.880,-172.641,-138.298,6.350,4.000,1.143,-8.055,-174.641,-138.870,-1.705,-170.641,-137.727
953,LG INR18650 MJ1-1,cell,17259.578,-209.880,-134.441,-128.727,19.916,65.000,19.916,-219.838,-166.941,-138.685,-199.922,-101.941,-118.769
954,Tab Solder-1,busbar,62.918,-107.380,-167.941,-139.670,16.900,2.400,1.600,-115.830,-169.141,-140.470,-98.930,-166.741,-138.870
955,Tab Solder-1,busbar,62.918,-148.380,-101.541,-139.670,16.900,2.400,1.600,-156.830,-102.741,-140.470,-139.930,-100.341,-138.870
956,705510075-1__Imported1,other,710.957,-246.851,-179.372,-136.168,13.589,19.048,10.795,-254.130,-188.895,-142.680,-240.541,-169.848,-131.885
957,Tab Solder-1,busbar,62.918,-209.880,-234.341,-139.670,16.900,2.400,1.600,-218.330,-235.541,-140.470,-201.430,-233.141,-138.870
958,LG INR18650 MJ1-1,cell,17259.578,-45.880,-201.441,-128.727,19.916,65.000,19.916,-55.838,-233.941,-138.685,-35.922,-168.941,-118.769
959,Tab Solder-1,busbar,62.918,-25.380,-101.541,-139.670,16.900,2.400,1.600,-33.830,-102.741,-140.470,-16.930,-100.341,-138.870
960,Cell Mounting Tape-1,structure,29.032,-230.380,-229.941,-138.298,6.350,4.000,1.143,-233.555,-231.941,-138.870,-227.205,-227.941,-137.727
961,Cell Mounting Tape-1,structure,29.032,-168.880,-105.941,-138.298,6.350,4.000,1.143,-172.055,-107.941,-138.870,-165.705,-103.941,-137.727
962,LG INR18650 MJ1-1,cell,17259.578,-168.880,-134.441,-128.727,19.916,65.000,19.916,-178.838,-166.941,-138.685,-158.922,-101.941,-118.769
963,Module Spacer-1,structure,72657.225,-18.783,-167.987,-125.206,160.429,159.686,25.292,-117.650,-247.784,-138.889,42.780,-88.098,-113.597
964,Module Spacer-1,structure,65797.381,-209.552,-167.993,-125.058,165.275,159.671,179.703,-282.894,-247.777,-223.076,-117.619,-88.106,-43.373
965,Tab Solder-1,busbar,62.918,-25.380,-234.341,-139.670,16.900,2.400,1.600,-33.830,-235.541,-140.470,-16.930,-233.141,-138.870
966,Cell Mounting Tape-1,structure,29.032,-107.380,-172.641,-138.298,6.350,4.000,1.143,-110.555,-174.641,-138.870,-104.205,-170.641,-137.727
967,Cell Mounting Tape-1,structure,29.032,-168.880,-172.641,-138.298,6.350,4.000,1.143,-172.055,-174.641,-138.870,-165.705,-170.641,-137.727
968,Cell Mounting Tape-1,structure,29.032,-45.880,-105.941,-138.298,6.350,4.000,1.143,-49.055,-107.941,-138.870,-42.705,-103.941,-137.727
969,Cell Mounting Tape-1,structure,29.032,-4.880,-229.941,-138.298,6.350,4.000,1.143,-8.055,-231.941,-138.870,-1.705,-227.941,-137.727
970,Tab Solder-1,busbar,62.918,-4.880,-167.941,-139.670,16.900,2.400,1.600,-13.330,-169.141,-140.470,3.570,-166.741,-138.870
971,LG INR18650 MJ1-1,cell,17259.578,-107.380,-201.441,-128.727,19.916,65.000,19.916,-117.338,-233.941,-138.685,-97.422,-168.941,-118.769
972,90183A214_Washer for Blind Rivets-1,fastener,86.804,-252.556,-207.941,-129.870,1.651,9.525,9.525,-253.381,-212.704,-134.632,-251.730,-203.179,-125.107
973,7461111-1__1,other,762.098,-248.412,-207.941,-133.551,9.000,9.000,17.500,-251.730,-212.441,-142.370,-242.730,-203.441,-124.870
974,7792-1__NONE,other,206.066,-248.457,-207.941,-135.512,11.547,9.696,13.043,-253.600,-212.789,-143.969,-242.053,-203.094,-130.926
975,Tab Solder-1,busbar,62.918,-230.380,-101.541,-139.670,16.900,2.400,1.600,-238.830,-102.741,-140.470,-221.930,-100.341,-138.870
976,Tab Sheet-1,busbar,461.398,-113.149,-168.840,-135.394,258.758,0.203,10.000,-242.009,-168.941,-140.870,16.748,-168.738,-130.870
977,Tab Solder-1,busbar,62.918,-107.380,-234.341,-139.670,16.900,2.400,1.600,-115.830,-235.541,-140.470,-98.930,-233.141,-138.870
978,NCU18WB473D6SRB-1,other,0.969,-66.380,-134.441,-138.470,1.600,0.800,0.800,-67.180,-134.841,-138.870,-65.580,-134.041,-138.070
979,Cell Mounting Tape-1,structure,29.032,-148.380,-229.941,-138.298,6.350,4.000,1.143,-151.555,-231.941,-138.870,-145.205,-227.941,-137.727
980,LG INR18650 MJ1-1,cell,17259.578,-4.880,-134.441,-128.727,19.916,65.000,19.916,-14.838,-166.941,-138.685,5.078,-101.941,-118.769
981,LG INR18650 MJ1-1,cell,17259.578,-127.880,-201.441,-128.727,19.916,65.000,19.916,-137.838,-233.941,-138.685,-117.922,-168.941,-118.769
982,Cell Mounting Tape-1,structure,29.032,-86.880,-105.941,-138.298,6.350,4.000,1.143,-90.055,-107.941,-138.870,-83.705,-103.941,-137.727
983,Cell Mounting Tape-1,structure,29.032,-25.380,-229.941,-138.298,6.350,4.000,1.143,-28.555,-231.941,-138.870,-22.205,-227.941,-137.727
984,LG INR18650 MJ1-1,cell,17259.578,-148.380,-201.441,-128.727,19.916,65.000,19.916,-158.338,-233.941,-138.685,-138.422,-168.941,-118.769
985,Tab Solder-1,busbar,62.918,-127.880,-234.341,-139.670,16.900,2.400,1.600,-136.330,-235.541,-140.470,-119.430,-233.141,-138.870
986,LG INR18650 MJ1-1,cell,17259.578,-45.880,-134.441,-128.727,19.916,65.000,19.916,-55.838,-166.941,-138.685,-35.922,-101.941,-118.769
987,Cell Mounting Tape-1,structure,29.032,-189.380,-229.941,-138.298,6.350,4.000,1.143,-192.555,-231.941,-138.870,-186.205,-227.941,-137.727
988,Cell Mounting Tape-1,structure,29.032,-86.880,-163.241,-138.298,6.350,4.000,1.143,-90.055,-165.241,-138.870,-83.705,-161.241,-137.727
989,LG INR18650 MJ1-1,cell,17259.578,-230.380,-201.441,-128.727,19.916,65.000,19.916,-240.338,-233.941,-138.685,-220.422,-168.941,-118.769
990,Cell Mounting Tape-1,structure,29.032,-230.380,-163.241,-138.298,6.350,4.000,1.143,-233.555,-165.241,-138.870,-227.205,-161.241,-137.727
991,LG INR18650 MJ1-1,cell,17259.578,-189.380,-201.441,-128.727,19.916,65.000,19.916,-199.338,-233.941,-138.685,-179.422,-168.941,-118.769
992,Cell Mounting Tape-1,structure,29.032,-45.880,-163.241,-138.298,6.350,4.000,1.143,-49.055,-165.241,-138.870,-42.705,-161.241,-137.727
993,Cell Mounting Tape-1,structure,29.032,-127.880,-105.941,-138.298,6.350,4.000,1.143,-131.055,-107.941,-138.870,-124.705,-103.941,-137.727
994,LG INR18650 MJ1-1,cell,17259.578,-148.380,-134.441,-128.727,19.916,65.000,19.916,-158.338,-166.941,-138.685,-138.422,-101.941,-118.769
995,Cell Mounting Tape-1,structure,29.032,-66.380,-229.941,-138.298,6.350,4.000,1.143,-69.555,-231.941,-138.870,-63.205,-227.941,-137.727
996,Tab Solder-1,busbar,62.918,-4.880,-234.341,-139.670,16.900,2.400,1.600,-13.330,-235.541,-140.470,3.570,-233.141,-138.870
997,LG INR18650 MJ1-1,cell,17259.578,-127.880,-134.441,-128.727,19.916,65.000,19.916,-137.838,-166.941,-138.685,-117.922,-101.941,-118.769
998,LG INR18650 MJ1-1,cell,17259.578,-86.880,-201.441,-128.727,19.916,65.000,19.916,-96.838,-233.941,-138.685,-76.922,-168.941,-118.769
999,V_r Connection-1,busbar,19.101,-114.438,-166.010,-140.851,256.610,8.997,0.305,-240.993,-172.471,-141.003,15.617,-163.474,-140.698
1000,V_r Connection-1,busbar,99.053,-114.458,-165.987,-140.851,255.447,6.541,0.762,-240.799,-170.984,-141.232,14.648,-164.443,-140.470
1001,Tab Sheet-1,busbar,461.398,-113.149,-101.637,-135.394,258.758,0.203,10.000,-242.009,-101.738,-140.870,16.748,-101.535,-130.870
1002,LG INR18650 MJ1-1,cell,17259.578,-107.380,-134.441,-128.727,19.916,65.000,19.916,-117.338,-166.941,-138.685,-97.422,-101.941,-118.769
1003,Tab Solder-1,busbar,62.918,-148.380,-167.941,-139.670,16.900,2.400,1.600,-156.830,-169.141,-140.470,-139.930,-166.741,-138.870
1004,7461111-1__1,other,762.098,23.401,-127.941,-133.551,9.000,9.000,17.500,17.720,-132.441,-142.370,26.720,-123.441,-124.870
1005,7792-1__NONE,other,206.066,23.446,-127.941,-135.512,11.547,9.696,13.043,17.042,-132.789,-143.969,28.589,-123.094,-130.926
1006,90183A214_Washer for Blind Rivets-1,fastener,86.804,27.545,-127.941,-129.870,1.651,9.525,9.525,26.720,-132.704,-134.632,28.371,-123.179,-125.107
1007,Cell Mounting Tape-1,structure,29.032,-25.380,-172.641,-138.298,6.350,4.000,1.143,-28.555,-174.641,-138.870,-22.205,-170.641,-137.727
1008,Tab Solder-1,busbar,62.918,-189.380,-234.341,-139.670,16.900,2.400,1.600,-197.830,-235.541,-140.470,-180.930,-233.141,-138.870
1009,Cell Mounting Tape-1,structure,29.032,-86.880,-229.941,-138.298,6.350,4.000,1.143,-90.055,-231.941,-138.870,-83.705,-227.941,-137.727
1010,Tab Solder-1,busbar,62.918,-86.880,-167.941,-139.670,16.900,2.400,1.600,-95.330,-169.141,-140.470,-78.430,-166.741,-138.870
1011,Cell Mounting Tape-1,structure,29.032,-189.380,-163.241,-138.298,6.350,4.000,1.143,-192.555,-165.241,-138.870,-186.205,-161.241,-137.727
1012,705510075-1__Imported1,other,710.957,21.840,-156.511,-136.168,13.589,19.048,10.795,15.531,-166.035,-142.680,29.120,-146.988,-131.885
1013,Tab Sheet-1,busbar,461.398,-113.149,-101.840,-135.394,258.758,0.203,10.000,-242.009,-101.941,-140.870,16.748,-101.738,-130.870
1014,LG INR18650 MJ1-1,cell,17259.578,-66.380,-134.441,-128.727,19.916,65.000,19.916,-76.338,-166.941,-138.685,-56.422,-101.941,-118.769
1015,Cell Mounting Tape-1,structure,29.032,-66.380,-105.941,-138.298,6.350,4.000,1.143,-69.555,-107.941,-138.870,-63.205,-103.941,-137.727
1016,NCU18WB473D6SRB-1,other,0.969,-168.880,-134.441,-138.470,1.600,0.800,0.800,-169.680,-134.841,-138.870,-168.080,-134.041,-138.070
1017,Tab Solder-1,busbar,62.918,-66.380,-234.341,-139.670,16.900,2.400,1.600,-74.830,-235.541,-140.470,-57.930,-233.141,-138.870
1018,Tab Solder-1,busbar,62.918,-230.380,-167.941,-139.670,16.900,2.400,1.600,-238.830,-169.141,-140.470,-221.930,-166.741,-138.870
1019,Tab Sheet-1,busbar,461.398,-113.149,-234.043,-135.394,258.758,0.203,10.000,-242.009,-234.145,-140.870,16.748,-233.941,-130.870
1020,Cell Mounting Tape-1,structure,29.032,-230.380,-172.641,-138.298,6.350,4.000,1.143,-233.555,-174.641,-138.870,-227.205,-170.641,-137.727
1021,90183A214_Washer for Blind Rivets-1,fastener,86.804,27.545,-171.751,-129.870,1.651,9.525,9.525,26.720,-176.514,-134.632,28.371,-166.989,-125.107
1022,7461111-1__1,other,762.098,23.401,-171.751,-133.551,9.000,9.000,17.500,17.720,-176.251,-142.370,26.720,-167.251,-124.870
1023,7792-1__NONE,other,206.066,23.446,-171.751,-135.512,11.547,9.696,13.043,17.042,-176.599,-143.969,28.589,-166.904,-130.926
1024,Cell Mounting Tape-1,structure,29.032,-168.880,-163.241,-138.298,6.350,4.000,1.143,-172.055,-165.241,-138.870,-165.705,-161.241,-137.727
1025,90183A214_Washer for Blind Rivets-1,fastener,86.804,-252.556,-164.131,-129.870,1.651,9.525,9.525,-253.381,-168.894,-134.632,-251.730,-159.369,-125.107
1026,7792-1__NONE,other,206.066,-248.457,-164.131,-135.512,11.547,9.696,13.043,-253.600,-168.979,-143.969,-242.053,-159.284,-130.926
1027,7461111-1__1,other,762.098,-248.412,-164.131,-133.551,9.000,9.000,17.500,-251.730,-168.631,-142.370,-242.730,-159.631,-124.870
1028,Cell Mounting Tape-1,structure,29.032,-117.630,-105.941,-264.298,6.350,4.000,1.143,-120.805,-107.941,-264.870,-114.455,-103.941,-263.727
1029,Tab Solder-1,busbar,62.918,-158.630,-101.541,-265.670,16.900,2.400,1.600,-167.080,-102.741,-266.470,-150.180,-100.341,-264.870
1030,Tab Solder-1,busbar,62.918,-199.630,-167.941,-265.670,16.900,2.400,1.600,-208.080,-169.141,-266.470,-191.180,-166.741,-264.870
1031,Cell Mounting Tape-1,structure,29.032,-117.630,-172.641,-264.298,6.350,4.000,1.143,-120.805,-174.641,-264.870,-114.455,-170.641,-263.727
1032,Tab Solder-1,busbar,62.918,-117.630,-234.341,-265.670,16.900,2.400,1.600,-126.080,-235.541,-266.470,-109.180,-233.141,-264.870
1033,Tab Sheet-1,busbar,461.398,-111.861,-168.840,-261.394,258.758,0.203,10.000,-241.759,-168.941,-266.870,16.998,-168.738,-256.870
1034,LG INR18650 MJ1-1,cell,17259.578,-97.130,-201.441,-254.727,19.916,65.000,19.916,-107.088,-233.941,-264.685,-87.172,-168.941,-244.769
1035,Tab Solder-1,busbar,62.918,-138.130,-101.541,-265.670,16.900,2.400,1.600,-146.580,-102.741,-266.470,-129.680,-100.341,-264.870
1036,LG INR18650 MJ1-1,cell,17259.578,-56.130,-134.441,-254.727,19.916,65.000,19.916,-66.088,-166.941,-264.685,-46.172,-101.941,-244.769
1037,Tab Solder-1,busbar,62.918,-76.630,-167.941,-265.670,16.900,2.400,1.600,-85.080,-169.141,-266.470,-68.180,-166.741,-264.870
1038,Tab Solder-1,busbar,62.918,-179.130,-101.541,-265.670,16.900,2.400,1.600,-187.580,-102.741,-266.470,-170.680,-100.341,-264.870
1039,Cell Mounting Tape-1,structure,29.032,-15.130,-172.641,-264.298,6.350,4.000,1.143,-18.305,-174.641,-264.870,-11.955,-170.641,-263.727
1040,Cell Mounting Tape-1,structure,29.032,-35.630,-172.641,-264.298,6.350,4.000,1.143,-38.805,-174.641,-264.870,-32.455,-170.641,-263.727
1041,Tab Solder-1,busbar,62.918,-117.630,-167.941,-265.670,16.900,2.400,1.600,-126.080,-169.141,-266.470,-109.180,-166.741,-264.870
1042,Cell Mounting Tape-1,structure,29.032,-56.130,-163.241,-264.298,6.350,4.000,1.143,-59.305,-165.241,-264.870,-52.955,-161.241,-263.727
1043,Cell Mounting Tape-1,structure,29.032,-179.130,-172.641,-264.298,6.350,4.000,1.143,-182.305,-174.641,-264.870,-175.955,-170.641,-263.727
1044,Cell Mounting Tape-1,structure,29.032,-199.630,-105.941,-264.298,6.350,4.000,1.143,-202.805,-107.941,-264.870,-196.455,-103.941,-263.727
1045,Tab Solder-1,busbar,62.918,-97.130,-101.541,-265.670,16.900,2.400,1.600,-105.580,-102.741,-266.470,-88.680,-100.341,-264.870
1046,LG INR18650 MJ1-1,cell,17259.578,-76.630,-201.441,-254.727,19.916,65.000,19.916,-86.588,-233.941,-264.685,-66.672,-168.941,-244.769
1047,Cell Mounting Tape-1,structure,29.032,-97.130,-229.941,-264.298,6.350,4.000,1.143,-100.305,-231.941,-264.870,-93.955,-227.941,-263.727
1048,Tab Solder-1,busbar,62.918,-35.630,-234.341,-265.670,16.900,2.400,1.600,-44.080,-235.541,-266.470,-27.180,-233.141,-264.870
1049,Cell Mounting Tape-1,structure,29.032,-199.630,-172.641,-264.298,6.350,4.000,1.143,-202.805,-174.641,-264.870,-196.455,-170.641,-263.727
1050,Tab Sheet-1,busbar,461.398,-111.861,-234.246,-261.394,258.758,0.203,10.000,-241.759,-234.348,-266.870,16.998,-234.145,-256.870
1051,Cell Mounting Tape-1,structure,29.032,-138.130,-105.941,-264.298,6.350,4.000,1.143,-141.305,-107.941,-264.870,-134.955,-103.941,-263.727
1052,705510072-1__Imported1,other,440.432,-247.152,-152.669,-262.309,13.589,11.428,10.795,-254.130,-158.415,-268.680,-240.541,-146.988,-257.885
1053,Cell Mounting Tape-1,structure,29.032,-56.130,-229.941,-264.298,6.350,4.000,1.143,-59.305,-231.941,-264.870,-52.955,-227.941,-263.727
1054,Module Spacer-1,structure,72657.225,-206.228,-167.896,-251.206,160.429,159.686,25.292,-267.790,-247.784,-264.889,-107.361,-88.098,-239.597
1055,Module Spacer-1,structure,65797.381,-15.459,-167.889,-251.058,165.275,159.671,179.703,-107.392,-247.777,-349.076,57.883,-88.106,-169.373
1056,LG INR18650 MJ1-1,cell,17259.578,-199.630,-134.441,-254.727,19.916,65.000,19.916,-209.588,-166.941,-264.685,-189.672,-101.941,-244.769
1057,Tab Solder-1,busbar,62.918,-97.130,-167.941,-265.670,16.900,2.400,1.600,-105.580,-169.141,-266.470,-88.680,-166.741,-264.870
1058,Cell Mounting Tape-1,structure,29.032,-56.130,-105.941,-264.298,6.350,4.000,1.143,-59.305,-107.941,-264.870,-52.955,-103.941,-263.727
1059,LG INR18650 MJ1-1,cell,17259.578,-179.130,-201.441,-254.727,19.916,65.000,19.916,-189.088,-233.941,-264.685,-169.172,-168.941,-244.769
1060,Cell Mounting Tape-1,structure,29.032,-117.630,-163.241,-264.298,6.350,4.000,1.143,-120.805,-165.241,-264.870,-114.455,-161.241,-263.727
1061,LG INR18650 MJ1-1,cell,17259.578,-220.130,-134.441,-254.727,19.916,65.000,19.916,-230.088,-166.941,-264.685,-210.172,-101.941,-244.769
1062,Tab Solder-1,busbar,62.918,-199.630,-234.341,-265.670,16.900,2.400,1.600,-208.080,-235.541,-266.470,-191.180,-233.141,-264.870
1063,NCU18WB473D6SRB-1,other,0.969,-158.630,-134.441,-264.470,1.600,0.800,0.800,-159.430,-134.841,-264.870,-157.830,-134.041,-264.070
1064,Cell Mounting Tape-1,structure,29.032,-97.130,-163.241,-264.298,6.350,4.000,1.143,-100.305,-165.241,-264.870,-93.955,-161.241,-263.727
1065,Tab Sheet-1,busbar,461.398,-111.861,-167.043,-261.394,258.758,0.203,10.000,-241.759,-167.145,-266.870,16.998,-166.941,-256.870
1066,LG INR18650 MJ1-1,cell,17259.578,-76.630,-134.441,-254.727,19.916,65.000,19.916,-86.588,-166.941,-264.685,-66.672,-101.941,-244.769
1067,Cell Mounting Tape-1,structure,29.032,-15.130,-163.241,-264.298,6.350,4.000,1.143,-18.305,-165.241,-264.870,-11.955,-161.241,-263.727
1068,Tab Solder-1,busbar,62.918,-138.130,-167.941,-265.670,16.900,2.400,1.600,-146.580,-169.141,-266.470,-129.680,-166.741,-264.870
1069,Divider Board-1,structure,32215.758,-115.026,-166.887,-265.670,298.250,158.000,1.600,-261.630,-246.941,-266.470,36.620,-88.941,-264.870
1070,NCU18WB473D6SRB-1,other,0.969,-56.130,-134.441,-264.470,1.600,0.800,0.800,-56.930,-134.841,-264.870,-55.330,-134.041,-264.070
1071,Cell Mounting Tape-1,structure,29.032,-179.130,-229.941,-264.298,6.350,4.000,1.143,-182.305,-231.941,-264.870,-175.955,-227.941,-263.727
1072,Tab Solder-1,busbar,62.918,-117.630,-101.541,-265.670,16.900,2.400,1.600,-126.080,-102.741,-266.470,-109.180,-100.341,-264.870
1073,Tab Solder-1,busbar,62.918,-56.130,-101.541,-265.670,16.900,2.400,1.600,-64.580,-102.741,-266.470,-47.680,-100.341,-264.870
1074,Tab Sheet-1,busbar,461.398,-111.861,-167.246,-261.394,258.758,0.203,10.000,-241.759,-167.348,-266.870,16.998,-167.145,-256.870
1075,Tab Solder-1,busbar,62.918,-158.630,-167.941,-265.670,16.900,2.400,1.600,-167.080,-169.141,-266.470,-150.180,-166.741,-264.870
1076,Cell Mounting Tape-1,structure,29.032,-138.130,-229.941,-264.298,6.350,4.000,1.143,-141.305,-231.941,-264.870,-134.955,-227.941,-263.727
1077,Cell Mounting Tape-1,structure,29.032,-117.630,-229.941,-264.298,6.350,4.000,1.143,-120.805,-231.941,-264.870,-114.455,-227.941,-263.727
1078,705510075-1__Imported1,other,710.957,-246.851,-179.372,-262.168,13.589,19.048,10.795,-254.130,-188.895,-268.680,-240.541,-169.848,-257.885
1079,Tab Solder-1,busbar,62.918,-97.130,-234.341,-265.670,16.900,2.400,1.600,-105.580,-235.541,-266.470,-88.680,-233.141,-264.870
1080,Cell Mounting Tape-1,structure,29.032,-35.630,-229.941,-264.298,6.350,4.000,1.143,-38.805,-231.941,-264.870,-32.455,-227.941,-263.727
1081,LG INR18650 MJ1-1,cell,17259.578,5.370,-134.441,-254.727,19.916,65.000,19.916,-4.588,-166.941,-264.685,15.328,-101.941,-244.769
1082,Tab Solder-1,busbar,62.918,-220.130,-234.341,-265.670,16.900,2.400,1.600,-228.580,-235.541,-266.470,-211.680,-233.141,-264.870
1083,Cell Mounting Tape-1,structure,29.032,5.370,-105.941,-264.298,6.350,4.000,1.143,2.195,-107.941,-264.870,8.545,-103.941,-263.727
1084,NCU18WB473D6SRB-1,other,0.969,-158.630,-201.441,-264.470,1.600,0.800,0.800,-159.430,-201.841,-264.870,-157.830,-201.041,-264.070
1085,LG INR18650 MJ1-1,cell,17259.578,-117.630,-134.441,-254.727,19.916,65.000,19.916,-127.588,-166.941,-264.685,-107.672,-101.941,-244.769
1086,Cell Mounting Tape-1,structure,29.032,-76.630,-229.941,-264.298,6.350,4.000,1.143,-79.805,-231.941,-264.870,-73.455,-227.941,-263.727
1087,Tab Solder-1,busbar,62.918,-220.130,-167.941,-265.670,16.900,2.400,1.600,-228.580,-169.141,-266.470,-211.680,-166.741,-264.870
1088,Cell Mounting Tape-1,structure,29.032,-76.630,-163.241,-264.298,6.350,4.000,1.143,-79.805,-165.241,-264.870,-73.455,-161.241,-263.727
1089,Cell Mounting Tape-1,structure,29.032,-15.130,-229.941,-264.298,6.350,4.000,1.143,-18.305,-231.941,-264.870,-11.955,-227.941,-263.727
1090,LG INR18650 MJ1-1,cell,17259.578,-138.130,-134.441,-254.727,19.916,65.000,19.916,-148.088,-166.941,-264.685,-128.172,-101.941,-244.769
1091,Tab Solder-1,busbar,62.918,-179.130,-167.941,-265.670,16.900,2.400,1.600,-187.580,-169.141,-266.470,-170.680,-166.741,-264.870
1092,LG INR18650 MJ1-1,cell,17259.578,-35.630,-201.441,-254.727,19.916,65.000,19.916,-45.588,-233.941,-264.685,-25.672,-168.941,-244.769
1093,Cell Mounting Tape-1,structure,29.032,-158.630,-172.641,-264.298,6.350,4.000,1.143,-161.805,-174.641,-264.870,-155.455,-170.641,-263.727
1094,Cell Mounting Tape-1,structure,29.032,-56.130,-172.641,-264.298,6.350,4.000,1.143,-59.305,-174.641,-264.870,-52.955,-170.641,-263.727
1095,NCU18WB473D6SRB-1,other,0.969,-56.130,-201.441,-264.470,1.600,0.800,0.800,-56.930,-201.841,-264.870,-55.330,-201.041,-264.070
1096,Tab Solder-1,busbar,62.918,-15.130,-101.541,-265.670,16.900,2.400,1.600,-23.580,-102.741,-266.470,-6.680,-100.341,-264.870
1097,Tab Solder-1,busbar,62.918,5.370,-167.941,-265.670,16.900,2.400,1.600,-3.080,-169.141,-266.470,13.820,-166.741,-264.870
1098,Tab Solder-1,busbar,62.918,5.370,-234.341,-265.670,16.900,2.400,1.600,-3.080,-235.541,-266.470,13.820,-233.141,-264.870
1099,NCU18WB473D6SRB-1,other,0.969,-233.005,-159.441,-266.870,1.656,1.656,0.800,-233.833,-160.269,-267.270,-232.178,-158.614,-266.470
1100,Tab Solder-1,busbar,62.918,-15.130,-167.941,-265.670,16.900,2.400,1.600,-23.580,-169.141,-266.470,-6.680,-166.741,-264.870
1101,LG INR18650 MJ1-1,cell,17259.578,-220.130,-201.441,-254.727,19.916,65.000,19.916,-230.088,-233.941,-264.685,-210.172,-168.941,-244.769
1102,LG INR18650 MJ1-1,cell,17259.578,-138.130,-201.441,-254.727,19.916,65.000,19.916,-148.088,-233.941,-264.685,-128.172,-168.941,-244.769
1103,Tab Sheet-1,busbar,461.398,-111.861,-234.043,-261.394,258.758,0.203,10.000,-241.759,-234.145,-266.870,16.998,-233.941,-256.870
1104,7792-1__NONE,other,206.066,23.446,-171.751,-261.512,11.547,9.696,13.043,17.042,-176.599,-269.969,28.589,-166.904,-256.926
1105,7461111-1__1,other,762.098,23.401,-171.751,-259.551,9.000,9.000,17.500,17.720,-176.251,-268.370,26.720,-167.251,-250.870
1106,90183A214_Washer for Blind Rivets-1,fastener,86.804,27.545,-171.751,-255.870,1.651,9.525,9.525,26.720,-176.514,-260.632,28.371,-166.989,-251.107
1107,LG INR18650 MJ1-1,cell,17259.578,-179.130,-134.441,-254.727,19.916,65.000,19.916,-189.088,-166.941,-264.685,-169.172,-101.941,-244.769
1108,LG INR18650 MJ1-1,cell,17259.578,-15.130,-201.441,-254.727,19.916,65.000,19.916,-25.088,-233.941,-264.685,-5.172,-168.941,-244.769
1109,LG INR18650 MJ1-1,cell,17259.578,-158.630,-134.441,-254.727,19.916,65.000,19.916,-168.588,-166.941,-264.685,-148.672,-101.941,-244.769
1110,Cell Mounting Tape-1,structure,29.032,5.370,-172.641,-264.298,6.350,4.000,1.143,2.195,-174.641,-264.870,8.545,-170.641,-263.727
1111,Tab Solder-1,busbar,62.918,-35.630,-167.941,-265.670,16.900,2.400,1.600,-44.080,-169.141,-266.470,-27.180,-166.741,-264.870
1112,Tab Solder-1,busbar,62.918,-138.130,-234.341,-265.670,16.900,2.400,1.600,-146.580,-235.541,-266.470,-129.680,-233.141,-264.870
1113,Tab Solder-1,busbar,62.918,-76.630,-101.541,-265.670,16.900,2.400,1.600,-85.080,-102.741,-266.470,-68.180,-100.341,-264.870
1114,90183A214_Washer for Blind Rivets-1,fastener,86.804,-252.556,-164.131,-255.870,1.651,9.525,9.525,-253.381,-168.894,-260.632,-251.730,-159.369,-251.107
1115,7461111-1__1,other,762.098,-248.412,-164.131,-259.551,9.000,9.000,17.500,-251.730,-168.631,-268.370,-242.730,-159.631,-250.870
1116,7792-1__NONE,other,206.066,-248.457,-164.131,-261.512,11.547,9.696,13.043,-253.600,-168.979,-269.969,-242.053,-159.284,-256.926
1117,Cell Mounting Tape-1,structure,29.032,-97.130,-172.641,-264.298,6.350,4.000,1.143,-100.305,-174.641,-264.870,-93.955,-170.641,-263.727
1118,705510075-1__Imported1,other,710.957,21.840,-156.511,-262.168,13.589,19.048,10.795,15.531,-166.035,-268.680,29.120,-146.988,-257.885
1119,Cell Mounting Tape-1,structure,29.032,5.370,-229.941,-264.298,6.350,4.000,1.143,2.195,-231.941,-264.870,8.545,-227.941,-263.727
1120,Tab Solder-1,busbar,62.918,-158.630,-234.341,-265.670,16.900,2.400,1.600,-167.080,-235.541,-266.470,-150.180,-233.141,-264.870
1121,Tab Solder-1,busbar,62.918,-56.130,-167.941,-265.670,16.900,2.400,1.600,-64.580,-169.141,-266.470,-47.680,-166.741,-264.870
1122,Cell Mounting Tape-1,structure,29.032,-220.130,-172.641,-264.298,6.350,4.000,1.143,-223.305,-174.641,-264.870,-216.955,-170.641,-263.727
1123,Tab Sheet-1,busbar,461.398,-111.861,-101.637,-261.394,258.758,0.203,10.000,-241.759,-101.738,-266.870,16.998,-101.535,-256.870
1124,Cell Mounting Tape-1,structure,29.032,-199.630,-163.241,-264.298,6.350,4.000,1.143,-202.805,-165.241,-264.870,-196.455,-161.241,-263.727
1125,Cell Mounting Tape-1,structure,29.032,-220.130,-163.241,-264.298,6.350,4.000,1.143,-223.305,-165.241,-264.870,-216.955,-161.241,-263.727
1126,Cell Mounting Tape-1,structure,29.032,-179.130,-105.941,-264.298,6.350,4.000,1.143,-182.305,-107.941,-264.870,-175.955,-103.941,-263.727
1127,LG INR18650 MJ1-1,cell,17259.578,-158.630,-201.441,-254.727,19.916,65.000,19.916,-168.588,-233.941,-264.685,-148.672,-168.941,-244.769
1128,Tab Sheet-1,busbar,461.398,-111.861,-101.840,-261.394,258.758,0.203,10.000,-241.759,-101.941,-266.870,16.998,-101.738,-256.870
1129,Cell Mounting Tape-1,structure,29.032,-179.130,-163.241,-264.298,6.350,4.000,1.143,-182.305,-165.241,-264.870,-175.955,-161.241,-263.727
1130,Tab Solder-1,busbar,62.918,-15.130,-234.341,-265.670,16.900,2.400,1.600,-23.580,-235.541,-266.470,-6.680,-233.141,-264.870
1131,Tab Solder-1,busbar,62.918,-199.630,-101.541,-265.670,16.900,2.400,1.600,-208.080,-102.741,-266.470,-191.180,-100.341,-264.870
1132,Cell Mounting Tape-1,structure,29.032,-35.630,-163.241,-264.298,6.350,4.000,1.143,-38.805,-165.241,-264.870,-32.455,-161.241,-263.727
1133,Cell Mounting Tape-1,structure,29.032,-158.630,-105.941,-264.298,6.350,4.000,1.143,-161.805,-107.941,-264.870,-155.455,-103.941,-263.727
1134,90183A214_Washer for Blind Rivets-1,fastener,86.804,-252.556,-127.941,-255.870,1.651,9.525,9.525,-253.381,-132.704,-260.632,-251.730,-123.179,-251.107
1135,7461111-1__1,other,762.098,-248.412,-127.941,-259.551,9.000,9.000,17.500,-251.730,-132.441,-268.370,-242.730,-123.441,-250.870
1136,7792-1__NONE,other,206.066,-248.457,-127.941,-261.512,11.547,9.696,13.043,-253.600,-132.789,-269.969,-242.053,-123.094,-256.926
1137,Cell Mounting Tape-1,structure,29.032,-76.630,-105.941,-264.298,6.350,4.000,1.143,-79.805,-107.941,-264.870,-73.455,-103.941,-263.727
1138,LG INR18650 MJ1-1,cell,17259.578,-15.130,-134.441,-254.727,19.916,65.000,19.916,-25.088,-166.941,-264.685,-5.172,-101.941,-244.769
1139,Cell Mounting Tape-1,structure,29.032,-35.630,-105.941,-264.298,6.350,4.000,1.143,-38.805,-107.941,-264.870,-32.455,-103.941,-263.727
1140,Tab Solder-1,busbar,62.918,-35.630,-101.541,-265.670,16.900,2.400,1.600,-44.080,-102.741,-266.470,-27.180,-100.341,-264.870
1141,LG INR18650 MJ1-1,cell,17259.578,5.370,-201.441,-254.727,19.916,65.000,19.916,-4.588,-233.941,-264.685,15.328,-168.941,-244.769
1142,Cell Mounting Tape-1,structure,29.032,-158.630,-163.241,-264.298,6.350,4.000,1.143,-161.805,-165.241,-264.870,-155.455,-161.241,-263.727
1143,Cell Mounting Tape-1,structure,29.032,-220.130,-229.941,-264.298,6.350,4.000,1.143,-223.305,-231.941,-264.870,-216.955,-227.941,-263.727
1144,705510072-1__Imported1,other,440.432,22.141,-183.214,-262.309,13.589,11.428,10.795,15.531,-188.895,-268.680,29.120,-177.468,-257.885
1145,LG INR18650 MJ1-1,cell,17259.578,-97.130,-134.441,-254.727,19.916,65.000,19.916,-107.088,-166.941,-264.685,-87.172,-101.941,-244.769
1146,LG INR18650 MJ1-1,cell,17259.578,-35.630,-134.441,-254.727,19.916,65.000,19.916,-45.588,-166.941,-264.685,-25.672,-101.941,-244.769
1147,Cell Mounting Tape-1,structure,29.032,-199.630,-229.941,-264.298,6.350,4.000,1.143,-202.805,-231.941,-264.870,-196.455,-227.941,-263.727
1148,Tab Solder-1,busbar,62.918,-76.630,-234.341,-265.670,16.900,2.400,1.600,-85.080,-235.541,-266.470,-68.180,-233.141,-264.870
1149,Tab Solder-1,busbar,62.918,-179.130,-234.341,-265.670,16.900,2.400,1.600,-187.580,-235.541,-266.470,-170.680,-233.141,-264.870
1150,7792-1__NONE,other,206.066,23.446,-207.941,-261.512,11.547,9.696,13.043,17.042,-212.789,-269.969,28.589,-203.094,-256.926
1151,7461111-1__1,other,762.098,23.401,-207.941,-259.551,9.000,9.000,17.500,17.720,-212.441,-268.370,26.720,-203.441,-250.870
1152,90183A214_Washer for Blind Rivets-1,fastener,86.804,27.545,-207.941,-255.870,1.651,9.525,9.525,26.720,-212.704,-260.632,28.371,-203.179,-251.107
1153,V_r Connection-1,busbar,99.053,-110.553,-169.896,-266.851,255.447,6.541,0.762,-239.658,-171.439,-267.232,15.788,-164.898,-266.470
1154,V_r Connection-1,busbar,19.101,-110.572,-169.872,-266.851,256.610,8.997,0.305,-240.628,-172.409,-267.003,15.982,-163.412,-266.698
1155,Cell Mounting Tape-1,structure,29.032,-15.130,-105.941,-264.298,6.350,4.000,1.143,-18.305,-107.941,-264.870,-11.955,-103.941,-263.727
1156,LG INR18650 MJ1-1,cell,17259.578,-117.630,-201.441,-254.727,19.916,65.000,19.916,-127.588,-233.941,-264.685,-107.672,-168.941,-244.769
1157,Tab Solder-1,busbar,62.918,-220.130,-101.541,-265.670,16.900,2.400,1.600,-228.580,-102.741,-266.470,-211.680,-100.341,-264.870
1158,Cell Mounting Tape-1,structure,29.032,-220.130,-105.941,-264.298,6.350,4.000,1.143,-223.305,-107.941,-264.870,-216.955,-103.941,-263.727
1159,Tab Solder-1,busbar,62.918,-56.130,-234.341,-265.670,16.900,2.400,1.600,-64.580,-235.541,-266.470,-47.680,-233.141,-264.870
1160,Cell Mounting Tape-1,structure,29.032,-76.630,-172.641,-264.298,6.350,4.000,1.143,-79.805,-174.641,-264.870,-73.455,-170.641,-263.727
1161,Cell Mounting Tape-1,structure,29.032,-138.130,-172.641,-264.298,6.350,4.000,1.143,-141.305,-174.641,-264.870,-134.955,-170.641,-263.727
1162,Cell Mounting Tape-1,structure,29.032,-158.630,-229.941,-264.298,6.350,4.000,1.143,-161.805,-231.941,-264.870,-155.455,-227.941,-263.727
1163,LG INR18650 MJ1-1,cell,17259.578,-56.130,-201.441,-254.727,19.916,65.000,19.916,-66.088,-233.941,-264.685,-46.172,-168.941,-244.769
1164,Tab Solder-1,busbar,62.918,5.370,-101.541,-265.670,16.900,2.400,1.600,-3.080,-102.741,-266.470,13.820,-100.341,-264.870
1165,Tab Sheet-1,busbar,461.398,-111.861,-168.637,-261.394,258.758,0.203,10.000,-241.759,-168.738,-266.870,16.998,-168.535,-256.870
1166,7792-1__NONE,other,206.066,23.446,-127.941,-261.512,11.547,9.696,13.043,17.042,-132.789,-269.969,28.589,-123.094,-256.926
1167,7461111-1__1,other,762.098,23.401,-127.941,-259.551,9.000,9.000,17.500,17.720,-132.441,-268.370,26.720,-123.441,-250.870
1168,90183A214_Washer for Blind Rivets-1,fastener,86.804,27.545,-127.941,-255.870,1.651,9.525,9.525,26.720,-132.704,-260.632,28.371,-123.179,-251.107
1169,Cell Mounting Tape-1,structure,29.032,5.370,-163.241,-264.298,6.350,4.000,1.143,2.195,-165.241,-264.870,8.545,-161.241,-263.727
1170,90183A214_Washer for Blind Rivets-1,fastener,86.804,-252.556,-207.941,-255.870,1.651,9.525,9.525,-253.381,-212.704,-260.632,-251.730,-203.179,-251.107
1171,7461111-1__1,other,762.098,-248.412,-207.941,-259.551,9.000,9.000,17.500,-251.730,-212.441,-268.370,-242.730,-203.441,-250.870
1172,7792-1__NONE,other,206.066,-248.457,-207.941,-261.512,11.547,9.696,13.043,-253.600,-212.789,-269.969,-242.053,-203.094,-256.926
1173,Cell Mounting Tape-1,structure,29.032,-97.130,-105.941,-264.298,6.350,4.000,1.143,-100.305,-107.941,-264.870,-93.955,-103.941,-263.727
1174,Cell Mounting Tape-1,structure,29.032,-138.130,-163.241,-264.298,6.350,4.000,1.143,-141.305,-165.241,-264.870,-134.955,-161.241,-263.727
1175,LG INR18650 MJ1-1,cell,17259.578,-199.630,-201.441,-254.727,19.916,65.000,19.916,-209.588,-233.941,-264.685,-189.672,-168.941,-244.769
1176,Tab Sheet-1,busbar,461.398,-111.861,-234.043,-160.594,258.758,0.203,10.000,-241.759,-234.145,-166.070,16.998,-233.941,-156.070
1177,Cell Mounting Tape-1,structure,29.032,-220.130,-172.641,-163.498,6.350,4.000,1.143,-223.305,-174.641,-164.070,-216.955,-170.641,-162.927
1178,Tab Solder-1,busbar,62.918,5.370,-234.341,-164.870,16.900,2.400,1.600,-3.080,-235.541,-165.670,13.820,-233.141,-164.070
1179,LG INR18650 MJ1-1,cell,17259.578,5.370,-134.441,-153.927,19.916,65.000,19.916,-4.588,-166.941,-163.885,15.328,-101.941,-143.969
1180,Cell Mounting Tape-1,structure,29.032,-138.130,-163.241,-163.498,6.350,4.000,1.143,-141.305,-165.241,-164.070,-134.955,-161.241,-162.927
1181,Cell Mounting Tape-1,structure,29.032,-179.130,-229.941,-163.498,6.350,4.000,1.143,-182.305,-231.941,-164.070,-175.955,-227.941,-162.927
1182,Tab Solder-1,busbar,62.918,-97.130,-101.541,-164.870,16.900,2.400,1.600,-105.580,-102.741,-165.670,-88.680,-100.341,-164.070
1183,Cell Mounting Tape-1,structure,29.032,-199.630,-172.641,-163.498,6.350,4.000,1.143,-202.805,-174.641,-164.070,-196.455,-170.641,-162.927
1184,LG INR18650 MJ1-1,cell,17259.578,-15.130,-134.441,-153.927,19.916,65.000,19.916,-25.088,-166.941,-163.885,-5.172,-101.941,-143.969
1185,Cell Mounting Tape-1,structure,29.032,5.370,-105.941,-163.498,6.350,4.000,1.143,2.195,-107.941,-164.070,8.545,-103.941,-162.927
1186,705510075-1__Imported1,other,710.957,21.840,-156.511,-161.368,13.589,19.048,10.795,15.531,-166.035,-167.880,29.120,-146.988,-157.085
1187,Tab Solder-1,busbar,62.918,-35.630,-167.941,-164.870,16.900,2.400,1.600,-44.080,-169.141,-165.670,-27.180,-166.741,-164.070
1188,Cell Mounting Tape-1,structure,29.032,-56.130,-163.241,-163.498,6.350,4.000,1.143,-59.305,-165.241,-164.070,-52.955,-161.241,-162.927
1189,Cell Mounting Tape-1,structure,29.032,-158.630,-163.241,-163.498,6.350,4.000,1.143,-161.805,-165.241,-164.070,-155.455,-161.241,-162.927
1190,Cell Mounting Tape-1,structure,29.032,-199.630,-163.241,-163.498,6.350,4.000,1.143,-202.805,-165.241,-164.070,-196.455,-161.241,-162.927
1191,Tab Solder-1,busbar,62.918,-15.130,-167.941,-164.870,16.900,2.400,1.600,-23.580,-169.141,-165.670,-6.680,-166.741,-164.070
1192,Cell Mounting Tape-1,structure,29.032,-56.130,-172.641,-163.498,6.350,4.000,1.143,-59.305,-174.641,-164.070,-52.955,-170.641,-162.927
1193,NCU18WB473D6SRB-1,other,0.969,-56.130,-134.441,-163.670,1.600,0.800,0.800,-56.930,-134.841,-164.070,-55.330,-134.041,-163.270
1194,LG INR18650 MJ1-1,cell,17259.578,-35.630,-201.441,-153.927,19.916,65.000,19.916,-45.588,-233.941,-163.885,-25.672,-168.941,-143.969
1195,LG INR18650 MJ1-1,cell,17259.578,-56.130,-201.441,-153.927,19.916,65.000,19.916,-66.088,-233.941,-163.885,-46.172,-168.941,-143.969
1196,LG INR18650 MJ1-1,cell,17259.578,-220.130,-134.441,-153.927,19.916,65.000,19.916,-230.088,-166.941,-163.885,-210.172,-101.941,-143.969
1197,Tab Solder-1,busbar,62.918,-56.130,-234.341,-164.870,16.900,2.400,1.600,-64.580,-235.541,-165.670,-47.680,-233.141,-164.070
1198,Cell Mounting Tape-1,structure,29.032,-220.130,-163.241,-163.498,6.350,4.000,1.143,-223.305,-165.241,-164.070,-216.955,-161.241,-162.927
1199,Cell Mounting Tape-1,structure,29.032,-15.130,-105.941,-163.498,6.350,4.000,1.143,-18.305,-107.941,-164.070,-11.955,-103.941,-162.927
1200,Tab Solder-1,busbar,62.918,-158.630,-234.341,-164.870,16.900,2.400,1.600,-167.080,-235.541,-165.670,-150.180,-233.141,-164.070
1201,Cell Mounting Tape-1,structure,29.032,-179.130,-163.241,-163.498,6.350,4.000,1.143,-182.305,-165.241,-164.070,-175.955,-161.241,-162.927
1202,Cell Mounting Tape-1,structure,29.032,-199.630,-229.941,-163.498,6.350,4.000,1.143,-202.805,-231.941,-164.070,-196.455,-227.941,-162.927
1203,Tab Solder-1,busbar,62.918,-199.630,-234.341,-164.870,16.900,2.400,1.600,-208.080,-235.541,-165.670,-191.180,-233.141,-164.070
1204,Cell Mounting Tape-1,structure,29.032,-220.130,-229.941,-163.498,6.350,4.000,1.143,-223.305,-231.941,-164.070,-216.955,-227.941,-162.927
1205,Cell Mounting Tape-1,structure,29.032,-158.630,-172.641,-163.498,6.350,4.000,1.143,-161.805,-174.641,-164.070,-155.455,-170.641,-162.927
1206,Tab Solder-1,busbar,62.918,-158.630,-101.541,-164.870,16.900,2.400,1.600,-167.080,-102.741,-165.670,-150.180,-100.341,-164.070
1207,LG INR18650 MJ1-1,cell,17259.578,-97.130,-134.441,-153.927,19.916,65.000,19.916,-107.088,-166.941,-163.885,-87.172,-101.941,-143.969
1208,Cell Mounting Tape-1,structure,29.032,-15.130,-163.241,-163.498,6.350,4.000,1.143,-18.305,-165.241,-164.070,-11.955,-161.241,-162.927
1209,Tab Solder-1,busbar,62.918,-117.630,-167.941,-164.870,16.900,2.400,1.600,-126.080,-169.141,-165.670,-109.180,-166.741,-164.070
1210,Cell Mounting Tape-1,structure,29.032,5.370,-229.941,-163.498,6.350,4.000,1.143,2.195,-231.941,-164.070,8.545,-227.941,-162.927
1211,Tab Solder-1,busbar,62.918,-117.630,-101.541,-164.870,16.900,2.400,1.600,-126.080,-102.741,-165.670,-109.180,-100.341,-164.070
1212,Cell Mounting Tape-1,structure,29.032,-138.130,-229.941,-163.498,6.350,4.000,1.143,-141.305,-231.941,-164.070,-134.955,-227.941,-162.927
1213,Cell Mounting Tape-1,structure,29.032,-76.630,-172.641,-163.498,6.350,4.000,1.143,-79.805,-174.641,-164.070,-73.455,-170.641,-162.927
1214,Cell Mounting Tape-1,structure,29.032,-35.630,-172.641,-163.498,6.350,4.000,1.143,-38.805,-174.641,-164.070,-32.455,-170.641,-162.927
1215,Tab Solder-1,busbar,62.918,-220.130,-101.541,-164.870,16.900,2.400,1.600,-228.580,-102.741,-165.670,-211.680,-100.341,-164.070
1216,NCU18WB473D6SRB-1,other,0.969,-233.005,-159.441,-166.070,1.656,1.656,0.800,-233.833,-160.269,-166.470,-232.178,-158.614,-165.670
1217,Tab Solder-1,busbar,62.918,-97.130,-234.341,-164.870,16.900,2.400,1.600,-105.580,-235.541,-165.670,-88.680,-233.141,-164.070
1218,Tab Solder-1,busbar,62.918,-179.130,-101.541,-164.870,16.900,2.400,1.600,-187.580,-102.741,-165.670,-170.680,-100.341,-164.070
1219,LG INR18650 MJ1-1,cell,17259.578,-179.130,-201.441,-153.927,19.916,65.000,19.916,-189.088,-233.941,-163.885,-169.172,-168.941,-143.969
1220,Tab Solder-1,busbar,62.918,-199.630,-167.941,-164.870,16.900,2.400,1.600,-208.080,-169.141,-165.670,-191.180,-166.741,-164.070
1221,Cell Mounting Tape-1,structure,29.032,-76.630,-163.241,-163.498,6.350,4.000,1.143,-79.805,-165.241,-164.070,-73.455,-161.241,-162.927
1222,LG INR18650 MJ1-1,cell,17259.578,-220.130,-201.441,-153.927,19.916,65.000,19.916,-230.088,-233.941,-163.885,-210.172,-168.941,-143.969
1223,Tab Sheet-1,busbar,461.398,-111.861,-101.637,-160.594,258.758,0.203,10.000,-241.759,-101.738,-166.070,16.998,-101.535,-156.070
1224,Cell Mounting Tape-1,structure,29.032,-97.130,-163.241,-163.498,6.350,4.000,1.143,-100.305,-165.241,-164.070,-93.955,-161.241,-162.927
1225,Tab Solder-1,busbar,62.918,5.370,-101.541,-164.870,16.900,2.400,1.600,-3.080,-102.741,-165.670,13.820,-100.341,-164.070
1226,Cell Mounting Tape-1,structure,29.032,-158.630,-229.941,-163.498,6.350,4.000,1.143,-161.805,-231.941,-164.070,-155.455,-227.941,-162.927
1227,Tab Solder-1,busbar,62.918,-158.630,-167.941,-164.870,16.900,2.400,1.600,-167.080,-169.141,-165.670,-150.180,-166.741,-164.070
1228,Cell Mounting Tape-1,structure,29.032,-199.630,-105.941,-163.498,6.350,4.000,1.143,-202.805,-107.941,-164.070,-196.455,-103.941,-162.927
1229,Tab Solder-1,busbar,62.918,-76.630,-101.541,-164.870,16.900,2.400,1.600,-85.080,-102.741,-165.670,-68.180,-100.341,-164.070
1230,90183A214_Washer for Blind Rivets-1,fastener,86.804,-252.556,-164.131,-155.070,1.651,9.525,9.525,-253.381,-168.894,-159.832,-251.730,-159.369,-150.307
1231,7461111-1__1,other,762.098,-248.412,-164.131,-158.751,9.000,9.000,17.500,-251.730,-168.631,-167.570,-242.730,-159.631,-150.070
1232,7792-1__NONE,other,206.066,-248.457,-164.131,-160.712,11.547,9.696,13.043,-253.600,-168.979,-169.169,-242.053,-159.284,-156.126
1233,Cell Mounting Tape-1,structure,29.032,-117.630,-105.941,-163.498,6.350,4.000,1.143,-120.805,-107.941,-164.070,-114.455,-103.941,-162.927
1234,LG INR18650 MJ1-1,cell,17259.578,-158.630,-134.441,-153.927,19.916,65.000,19.916,-168.588,-166.941,-163.885,-148.672,-101.941,-143.969
1235,Cell Mounting Tape-1,structure,29.032,-97.130,-172.641,-163.498,6.350,4.000,1.143,-100.305,-174.641,-164.070,-93.955,-170.641,-162.927
1236,Cell Mounting Tape-1,structure,29.032,-179.130,-105.941,-163.498,6.350,4.000,1.143,-182.305,-107.941,-164.070,-175.955,-103.941,-162.927
1237,LG INR18650 MJ1-1,cell,17259.578,5.370,-201.441,-153.927,19.916,65.000,19.916,-4.588,-233.941,-163.885,15.328,-168.941,-143.969
1238,Tab Solder-1,busbar,62.918,-179.130,-234.341,-164.870,16.900,2.400,1.600,-187.580,-235.541,-165.670,-170.680,-233.141,-164.070
1239,Tab Solder-1,busbar,62.918,-56.130,-101.541,-164.870,16.900,2.400,1.600,-64.580,-102.741,-165.670,-47.680,-100.341,-164.070
1240,Tab Solder-1,busbar,62.918,-138.130,-101.541,-164.870,16.900,2.400,1.600,-146.580,-102.741,-165.670,-129.680,-100.341,-164.070
1241,Tab Sheet-1,busbar,461.398,-111.861,-101.840,-160.594,258.758,0.203,10.000,-241.759,-101.941,-166.070,16.998,-101.738,-156.070
1242,705510072-1__Imported1,other,440.432,-247.152,-152.669,-161.509,13.589,11.428,10.795,-254.130,-158.415,-167.880,-240.541,-146.988,-157.085
1243,7461111-1__1,other,762.098,23.401,-207.941,-158.751,9.000,9.000,17.500,17.720,-212.441,-167.570,26.720,-203.441,-150.070
1244,90183A214_Washer for Blind Rivets-1,fastener,86.804,27.545,-207.941,-155.070,1.651,9.525,9.525,26.720,-212.704,-159.832,28.371,-203.179,-150.307
1245,7792-1__NONE,other,206.066,23.446,-207.941,-160.712,11.547,9.696,13.043,17.042,-212.789,-169.169,28.589,-203.094,-156.126
1246,Tab Solder-1,busbar,62.918,-220.130,-167.941,-164.870,16.900,2.400,1.600,-228.580,-169.141,-165.670,-211.680,-166.741,-164.070
1247,Cell Mounting Tape-1,structure,29.032,-35.630,-105.941,-163.498,6.350,4.000,1.143,-38.805,-107.941,-164.070,-32.455,-103.941,-162.927
1248,Tab Solder-1,busbar,62.918,5.370,-167.941,-164.870,16.900,2.400,1.600,-3.080,-169.141,-165.670,13.820,-166.741,-164.070
1249,Cell Mounting Tape-1,structure,29.032,-15.130,-229.941,-163.498,6.350,4.000,1.143,-18.305,-231.941,-164.070,-11.955,-227.941,-162.927
1250,Tab Solder-1,busbar,62.918,-76.630,-167.941,-164.870,16.900,2.400,1.600,-85.080,-169.141,-165.670,-68.180,-166.741,-164.070
1251,LG INR18650 MJ1-1,cell,17259.578,-35.630,-134.441,-153.927,19.916,65.000,19.916,-45.588,-166.941,-163.885,-25.672,-101.941,-143.969
1252,LG INR18650 MJ1-1,cell,17259.578,-117.630,-201.441,-153.927,19.916,65.000,19.916,-127.588,-233.941,-163.885,-107.672,-168.941,-143.969
1253,Cell Mounting Tape-1,structure,29.032,-117.630,-163.241,-163.498,6.350,4.000,1.143,-120.805,-165.241,-164.070,-114.455,-161.241,-162.927
1254,Cell Mounting Tape-1,structure,29.032,-138.130,-105.941,-163.498,6.350,4.000,1.143,-141.305,-107.941,-164.070,-134.955,-103.941,-162.927
1255,Cell Mounting Tape-1,structure,29.032,-35.630,-163.241,-163.498,6.350,4.000,1.143,-38.805,-165.241,-164.070,-32.455,-161.241,-162.927
1256,Divider Board-1,structure,32215.758,-115.026,-166.887,-164.870,298.250,158.000,1.600,-261.630,-246.941,-165.670,36.620,-88.941,-164.070
1257,LG INR18650 MJ1-1,cell,17259.578,-15.130,-201.441,-153.927,19.916,65.000,19.916,-25.088,-233.941,-163.885,-5.172,-168.941,-143.969
1258,Tab Solder-1,busbar,62.918,-199.630,-101.541,-164.870,16.900,2.400,1.600,-208.080,-102.741,-165.670,-191.180,-100.341,-164.070
1259,Tab Solder-1,busbar,62.918,-35.630,-234.341,-164.870,16.900,2.400,1.600,-44.080,-235.541,-165.670,-27.180,-233.141,-164.070
1260,Tab Solder-1,busbar,62.918,-179.130,-167.941,-164.870,16.900,2.400,1.600,-187.580,-169.141,-165.670,-170.680,-166.741,-164.070
1261,LG INR18650 MJ1-1,cell,17259.578,-199.630,-134.441,-153.927,19.916,65.000,19.916,-209.588,-166.941,-163.885,-189.672,-101.941,-143.969
1262,Tab Solder-1,busbar,62.918,-220.130,-234.341,-164.870,16.900,2.400,1.600,-228.580,-235.541,-165.670,-211.680,-233.141,-164.070
1263,Cell Mounting Tape-1,structure,29.032,-220.130,-105.941,-163.498,6.350,4.000,1.143,-223.305,-107.941,-164.070,-216.955,-103.941,-162.927
1264,Tab Solder-1,busbar,62.918,-15.130,-101.541,-164.870,16.900,2.400,1.600,-23.580,-102.741,-165.670,-6.680,-100.341,-164.070
1265,Cell Mounting Tape-1,structure,29.032,-15.130,-172.641,-163.498,6.350,4.000,1.143,-18.305,-174.641,-164.070,-11.955,-170.641,-162.927
1266,Tab Solder-1,busbar,62.918,-76.630,-234.341,-164.870,16.900,2.400,1.600,-85.080,-235.541,-165.670,-68.180,-233.141,-164.070
1267,Tab Solder-1,busbar,62.918,-35.630,-101.541,-164.870,16.900,2.400,1.600,-44.080,-102.741,-165.670,-27.180,-100.341,-164.070
1268,NCU18WB473D6SRB-1,other,0.969,-56.130,-201.441,-163.670,1.600,0.800,0.800,-56.930,-201.841,-164.070,-55.330,-201.041,-163.270
1269,Cell Mounting Tape-1,structure,29.032,-35.630,-229.941,-163.498,6.350,4.000,1.143,-38.805,-231.941,-164.070,-32.455,-227.941,-162.927
1270,Tab Solder-1,busbar,62.918,-56.130,-167.941,-164.870,16.900,2.400,1.600,-64.580,-169.141,-165.670,-47.680,-166.741,-164.070
1271,Tab Sheet-1,busbar,461.398,-111.861,-234.246,-160.594,258.758,0.203,10.000,-241.759,-234.348,-166.070,16.998,-234.145,-156.070
1272,Cell Mounting Tape-1,structure,29.032,-56.130,-229.941,-163.498,6.350,4.000,1.143,-59.305,-231.941,-164.070,-52.955,-227.941,-162.927
1273,LG INR18650 MJ1-1,cell,17259.578,-158.630,-201.441,-153.927,19.916,65.000,19.916,-168.588,-233.941,-163.885,-148.672,-168.941,-143.969
1274,LG INR18650 MJ1-1,cell,17259.578,-138.130,-201.441,-153.927,19.916,65.000,19.916,-148.088,-233.941,-163.885,-128.172,-168.941,-143.969
1275,Tab Solder-1,busbar,62.918,-97.130,-167.941,-164.870,16.900,2.400,1.600,-105.580,-169.141,-165.670,-88.680,-166.741,-164.070
1276,Cell Mounting Tape-1,structure,29.032,-97.130,-105.941,-163.498,6.350,4.000,1.143,-100.305,-107.941,-164.070,-93.955,-103.941,-162.927
1277,Cell Mounting Tape-1,structure,29.032,5.370,-163.241,-163.498,6.350,4.000,1.143,2.195,-165.241,-164.070,8.545,-161.241,-162.927
1278,LG INR18650 MJ1-1,cell,17259.578,-76.630,-134.441,-153.927,19.916,65.000,19.916,-86.588,-166.941,-163.885,-66.672,-101.941,-143.969
1279,Cell Mounting Tape-1,structure,29.032,-117.630,-172.641,-163.498,6.350,4.000,1.143,-120.805,-174.641,-164.070,-114.455,-170.641,-162.927
1280,Cell Mounting Tape-1,structure,29.032,5.370,-172.641,-163.498,6.350,4.000,1.143,2.195,-174.641,-164.070,8.545,-170.641,-162.927
1281,Cell Mounting Tape-1,structure,29.032,-179.130,-172.641,-163.498,6.350,4.000,1.143,-182.305,-174.641,-164.070,-175.955,-170.641,-162.927
1282,90183A214_Washer for Blind Rivets-1,fastener,86.804,-252.556,-207.941,-155.070,1.651,9.525,9.525,-253.381,-212.704,-159.832,-251.730,-203.179,-150.307
1283,7792-1__NONE,other,206.066,-248.457,-207.941,-160.712,11.547,9.696,13.043,-253.600,-212.789,-169.169,-242.053,-203.094,-156.126
1284,7461111-1__1,other,762.098,-248.412,-207.941,-158.751,9.000,9.000,17.500,-251.730,-212.441,-167.570,-242.730,-203.441,-150.070
1285,Module Spacer-1,structure,65797.381,-15.459,-167.889,-150.258,165.275,159.671,179.703,-107.392,-247.777,-248.276,57.883,-88.106,-68.573
1286,Module Spacer-1,structure,72657.225,-206.228,-167.896,-150.406,160.429,159.686,25.292,-267.790,-247.784,-164.089,-107.361,-88.098,-138.797
1287,Tab Sheet-1,busbar,461.398,-111.861,-168.840,-160.594,258.758,0.203,10.000,-241.759,-168.941,-166.070,16.998,-168.738,-156.070
1288,Tab Solder-1,busbar,62.918,-117.630,-234.341,-164.870,16.900,2.400,1.600,-126.080,-235.541,-165.670,-109.180,-233.141,-164.070
1289,LG INR18650 MJ1-1,cell,17259.578,-138.130,-134.441,-153.927,19.916,65.000,19.916,-148.088,-166.941,-163.885,-128.172,-101.941,-143.969
1290,LG INR18650 MJ1-1,cell,17259.578,-199.630,-201.441,-153.927,19.916,65.000,19.916,-209.588,-233.941,-163.885,-189.672,-168.941,-143.969
1291,LG INR18650 MJ1-1,cell,17259.578,-179.130,-134.441,-153.927,19.916,65.000,19.916,-189.088,-166.941,-163.885,-169.172,-101.941,-143.969
1292,LG INR18650 MJ1-1,cell,17259.578,-76.630,-201.441,-153.927,19.916,65.000,19.916,-86.588,-233.941,-163.885,-66.672,-168.941,-143.969
1293,NCU18WB473D6SRB-1,other,0.969,-158.630,-201.441,-163.670,1.600,0.800,0.800,-159.430,-201.841,-164.070,-157.830,-201.041,-163.270
1294,Tab Sheet-1,busbar,461.398,-111.861,-167.246,-160.594,258.758,0.203,10.000,-241.759,-167.348,-166.070,16.998,-167.145,-156.070
1295,705510075-1__Imported1,other,710.957,-246.851,-179.372,-161.368,13.589,19.048,10.795,-254.130,-188.895,-167.880,-240.541,-169.848,-157.085
1296,Tab Solder-1,busbar,62.918,-15.130,-234.341,-164.870,16.900,2.400,1.600,-23.580,-235.541,-165.670,-6.680,-233.141,-164.070
1297,Cell Mounting Tape-1,structure,29.032,-158.630,-105.941,-163.498,6.350,4.000,1.143,-161.805,-107.941,-164.070,-155.455,-103.941,-162.927
1298,Tab Solder-1,busbar,62.918,-138.130,-234.341,-164.870,16.900,2.400,1.600,-146.580,-235.541,-165.670,-129.680,-233.141,-164.070
1299,Cell Mounting Tape-1,structure,29.032,-138.130,-172.641,-163.498,6.350,4.000,1.143,-141.305,-174.641,-164.070,-134.955,-170.641,-162.927
1300,Cell Mounting Tape-1,structure,29.032,-76.630,-105.941,-163.498,6.350,4.000,1.143,-79.805,-107.941,-164.070,-73.455,-103.941,-162.927
1301,Cell Mounting Tape-1,structure,29.032,-76.630,-229.941,-163.498,6.350,4.000,1.143,-79.805,-231.941,-164.070,-73.455,-227.941,-162.927
1302,LG INR18650 MJ1-1,cell,17259.578,-117.630,-134.441,-153.927,19.916,65.000,19.916,-127.588,-166.941,-163.885,-107.672,-101.941,-143.969
1303,Tab Solder-1,busbar,62.918,-138.130,-167.941,-164.870,16.900,2.400,1.600,-146.580,-169.141,-165.670,-129.680,-166.741,-164.070
1304,7792-1__NONE,other,206.066,23.446,-127.941,-160.712,11.547,9.696,13.043,17.042,-132.789,-169.169,28.589,-123.094,-156.126
1305,7461111-1__1,other,762.098,23.401,-127.941,-158.751,9.000,9.000,17.500,17.720,-132.441,-167.570,26.720,-123.441,-150.070
1306,90183A214_Washer for Blind Rivets-1,fastener,86.804,27.545,-127.941,-155.070,1.651,9.525,9.525,26.720,-132.704,-159.832,28.371,-123.179,-150.307
1307,LG INR18650 MJ1-1,cell,17259.578,-97.130,-201.441,-153.927,19.916,65.000,19.916,-107.088,-233.941,-163.885,-87.172,-168.941,-143.969
1308,LG INR18650 MJ1-1,cell,17259.578,-56.130,-134.441,-153.927,19.916,65.000,19.916,-66.088,-166.941,-163.885,-46.172,-101.941,-143.969
1309,Cell Mounting Tape-1,structure,29.032,-97.130,-229.941,-163.498,6.350,4.000,1.143,-100.305,-231.941,-164.070,-93.955,-227.941,-162.927
1310,Tab Sheet-1,busbar,461.398,-111.861,-168.637,-160.594,258.758,0.203,10.000,-241.759,-168.738,-166.070,16.998,-168.535,-156.070
1311,NCU18WB473D6SRB-1,other,0.969,-158.630,-134.441,-163.670,1.600,0.800,0.800,-159.430,-134.841,-164.070,-157.830,-134.041,-163.270
1312,90183A214_Washer for Blind Rivets-1,fastener,86.804,-252.556,-127.941,-155.070,1.651,9.525,9.525,-253.381,-132.704,-159.832,-251.730,-123.179,-150.307
1313,7792-1__NONE,other,206.066,-248.457,-127.941,-160.712,11.547,9.696,13.043,-253.600,-132.789,-169.169,-242.053,-123.094,-156.126
1314,7461111-1__1,other,762.098,-248.412,-127.941,-158.751,9.000,9.000,17.500,-251.730,-132.441,-167.570,-242.730,-123.441,-150.070
1315,Cell Mounting Tape-1,structure,29.032,-56.130,-105.941,-163.498,6.350,4.000,1.143,-59.305,-107.941,-164.070,-52.955,-103.941,-162.927
1316,705510072-1__Imported1,other,440.432,22.141,-183.214,-161.509,13.589,11.428,10.795,15.531,-188.895,-167.880,29.120,-177.468,-157.085
1317,7792-1__NONE,other,206.066,23.446,-171.751,-160.712,11.547,9.696,13.043,17.042,-176.599,-169.169,28.589,-166.904,-156.126
1318,90183A214_Washer for Blind Rivets-1,fastener,86.804,27.545,-171.751,-155.070,1.651,9.525,9.525,26.720,-176.514,-159.832,28.371,-166.989,-150.307
1319,7461111-1__1,other,762.098,23.401,-171.751,-158.751,9.000,9.000,17.500,17.720,-176.251,-167.570,26.720,-167.251,-150.070
1320,Cell Mounting Tape-1,structure,29.032,-117.630,-229.941,-163.498,6.350,4.000,1.143,-120.805,-231.941,-164.070,-114.455,-227.941,-162.927
1321,V_r Connection-1,busbar,19.101,-110.572,-169.872,-166.051,256.610,8.997,0.305,-240.628,-172.409,-166.203,15.982,-163.412,-165.898
1322,V_r Connection-1,busbar,99.053,-110.553,-169.896,-166.051,255.447,6.541,0.762,-239.658,-171.439,-166.432,15.788,-164.898,-165.670
1323,Tab Sheet-1,busbar,461.398,-111.861,-167.043,-160.594,258.758,0.203,10.000,-241.759,-167.145,-166.070,16.998,-166.941,-156.070
1324,Cell Mounting Tape-1,structure,29.032,-45.880,-105.941,-390.298,6.350,4.000,1.143,-49.055,-107.941,-390.870,-42.705,-103.941,-389.727
1325,Cell Mounting Tape-1,structure,29.032,-66.380,-172.641,-390.298,6.350,4.000,1.143,-69.555,-174.641,-390.870,-63.205,-170.641,-389.727
1326,LG INR18650 MJ1-1,cell,17259.578,-148.380,-134.441,-380.727,19.916,65.000,19.916,-158.338,-166.941,-390.685,-138.422,-101.941,-370.769
1327,Tab Solder-1,busbar,62.918,-86.880,-101.541,-391.670,16.900,2.400,1.600,-95.330,-102.741,-392.470,-78.430,-100.341,-390.870
1328,LG INR18650 MJ1-1,cell,17259.578,-230.380,-201.441,-380.727,19.916,65.000,19.916,-240.338,-233.941,-390.685,-220.422,-168.941,-370.769
1329,Tab Sheet-1,busbar,461.398,-113.149,-101.637,-387.394,258.758,0.203,10.000,-242.009,-101.738,-392.870,16.748,-101.535,-382.870
1330,Cell Mounting Tape-1,structure,29.032,-230.380,-105.941,-390.298,6.350,4.000,1.143,-233.555,-107.941,-390.870,-227.205,-103.941,-389.727
1331,Tab Sheet-1,busbar,461.398,-113.149,-167.043,-387.394,258.758,0.203,10.000,-242.009,-167.145,-392.870,16.748,-166.941,-382.870
1332,Cell Mounting Tape-1,structure,29.032,-127.880,-229.941,-390.298,6.350,4.000,1.143,-131.055,-231.941,-390.870,-124.705,-227.941,-389.727
1333,LG INR18650 MJ1-1,cell,17259.578,-209.880,-201.441,-380.727,19.916,65.000,19.916,-219.838,-233.941,-390.685,-199.922,-168.941,-370.769
1334,Tab Sheet-1,busbar,461.398,-113.149,-168.840,-387.394,258.758,0.203,10.000,-242.009,-168.941,-392.870,16.748,-168.738,-382.870
1335,LG INR18650 MJ1-1,cell,17259.578,-45.880,-134.441,-380.727,19.916,65.000,19.916,-55.838,-166.941,-390.685,-35.922,-101.941,-370.769
1336,Tab Solder-1,busbar,62.918,-66.380,-101.541,-391.670,16.900,2.400,1.600,-74.830,-102.741,-392.470,-57.930,-100.341,-390.870
1337,Cell Mounting Tape-1,structure,29.032,-86.880,-172.641,-390.298,6.350,4.000,1.143,-90.055,-174.641,-390.870,-83.705,-170.641,-389.727
1338,Cell Mounting Tape-1,structure,29.032,-107.380,-105.941,-390.298,6.350,4.000,1.143,-110.555,-107.941,-390.870,-104.205,-103.941,-389.727
1339,LG INR18650 MJ1-1,cell,17259.578,-86.880,-134.441,-380.727,19.916,65.000,19.916,-96.838,-166.941,-390.685,-76.922,-101.941,-370.769
1340,Tab Solder-1,busbar,62.918,-168.880,-167.941,-391.670,16.900,2.400,1.600,-177.330,-169.141,-392.470,-160.430,-166.741,-390.870
1341,Cell Mounting Tape-1,structure,29.032,-4.880,-163.241,-390.298,6.350,4.000,1.143,-8.055,-165.241,-390.870,-1.705,-161.241,-389.727
1342,Cell Mounting Tape-1,structure,29.032,-107.380,-163.241,-390.298,6.350,4.000,1.143,-110.555,-165.241,-390.870,-104.205,-161.241,-389.727
1343,Cell Mounting Tape-1,structure,29.032,-127.880,-163.241,-390.298,6.350,4.000,1.143,-131.055,-165.241,-390.870,-124.705,-161.241,-389.727
1344,Tab Solder-1,busbar,62.918,-25.380,-167.941,-391.670,16.900,2.400,1.600,-33.830,-169.141,-392.470,-16.930,-166.741,-390.870
1345,Tab Solder-1,busbar,62.918,-148.380,-101.541,-391.670,16.900,2.400,1.600,-156.830,-102.741,-392.470,-139.930,-100.341,-390.870
1346,Cell Mounting Tape-1,structure,29.032,-4.880,-229.941,-390.298,6.350,4.000,1.143,-8.055,-231.941,-390.870,-1.705,-227.941,-389.727
1347,Tab Solder-1,busbar,62.918,-189.380,-101.541,-391.670,16.900,2.400,1.600,-197.830,-102.741,-392.470,-180.930,-100.341,-390.870
1348,Cell Mounting Tape-1,structure,29.032,-107.380,-229.941,-390.298,6.350,4.000,1.143,-110.555,-231.941,-390.870,-104.205,-227.941,-389.727
1349,Cell Mounting Tape-1,structure,29.032,-25.380,-105.941,-390.298,6.350,4.000,1.143,-28.555,-107.941,-390.870,-22.205,-103.941,-389.727
1350,LG INR18650 MJ1-1,cell,17259.578,-189.380,-134.441,-380.727,19.916,65.000,19.916,-199.338,-166.941,-390.685,-179.422,-101.941,-370.769
1351,Tab Solder-1,busbar,62.918,-4.880,-101.541,-391.670,16.900,2.400,1.600,-13.330,-102.741,-392.470,3.570,-100.341,-390.870
1352,Tab Solder-1,busbar,62.918,-209.880,-167.941,-391.670,16.900,2.400,1.600,-218.330,-169.141,-392.470,-201.430,-166.741,-390.870
1353,NCU18WB473D6SRB-1,other,0.969,-66.380,-201.441,-390.470,1.600,0.800,0.800,-67.180,-201.841,-390.870,-65.580,-201.041,-390.070
1354,LG INR18650 MJ1-1,cell,17259.578,-66.380,-134.441,-380.727,19.916,65.000,19.916,-76.338,-166.941,-390.685,-56.422,-101.941,-370.769
1355,Tab Solder-1,busbar,62.918,-230.380,-234.341,-391.670,16.900,2.400,1.600,-238.830,-235.541,-392.470,-221.930,-233.141,-390.870
1356,LG INR18650 MJ1-1,cell,17259.578,-86.880,-201.441,-380.727,19.916,65.000,19.916,-96.838,-233.941,-390.685,-76.922,-168.941,-370.769
1357,705510075-1__Imported1,other,710.957,-246.851,-179.372,-388.168,13.589,19.048,10.795,-254.130,-188.895,-394.680,-240.541,-169.848,-383.885
1358,Tab Solder-1,busbar,62.918,-189.380,-234.341,-391.670,16.900,2.400,1.600,-197.830,-235.541,-392.470,-180.930,-233.141,-390.870
1359,Cell Mounting Tape-1,structure,29.032,-25.380,-172.641,-390.298,6.350,4.000,1.143,-28.555,-174.641,-390.870,-22.205,-170.641,-389.727
1360,Tab Sheet-1,busbar,461.398,-113.149,-101.840,-387.394,258.758,0.203,10.000,-242.009,-101.941,-392.870,16.748,-101.738,-382.870
1361,Tab Solder-1,busbar,62.918,-189.380,-167.941,-391.670,16.900,2.400,1.600,-197.830,-169.141,-392.470,-180.930,-166.741,-390.870
1362,Cell Mounting Tape-1,structure,29.032,-148.380,-172.641,-390.298,6.350,4.000,1.143,-151.555,-174.641,-390.870,-145.205,-170.641,-389.727
1363,Tab Solder-1,busbar,62.918,-86.880,-167.941,-391.670,16.900,2.400,1.600,-95.330,-169.141,-392.470,-78.430,-166.741,-390.870
1364,Tab Solder-1,busbar,62.918,-66.380,-234.341,-391.670,16.900,2.400,1.600,-74.830,-235.541,-392.470,-57.930,-233.141,-390.870
1365,Cell Mounting Tape-1,structure,29.032,-230.380,-229.941,-390.298,6.350,4.000,1.143,-233.555,-231.941,-390.870,-227.205,-227.941,-389.727
1366,Tab Sheet-1,busbar,461.398,-113.149,-234.246,-387.394,258.758,0.203,10.000,-242.009,-234.348,-392.870,16.748,-234.145,-382.870
1367,Tab Solder-1,busbar,62.918,-4.880,-167.941,-391.670,16.900,2.400,1.600,-13.330,-169.141,-392.470,3.570,-166.741,-390.870
1368,LG INR18650 MJ1-1,cell,17259.578,-168.880,-134.441,-380.727,19.916,65.000,19.916,-178.838,-166.941,-390.685,-158.922,-101.941,-370.769
1369,Tab Solder-1,busbar,62.918,-25.380,-101.541,-391.670,16.900,2.400,1.600,-33.830,-102.741,-392.470,-16.930,-100.341,-390.870
1370,Cell Mounting Tape-1,structure,29.032,-209.880,-229.941,-390.298,6.350,4.000,1.143,-213.055,-231.941,-390.870,-206.705,-227.941,-389.727
1371,90183A214_Washer for Blind Rivets-1,fastener,86.804,-252.556,-207.941,-381.870,1.651,9.525,9.525,-253.381,-212.704,-386.632,-251.730,-203.179,-377.107
1372,7792-1__NONE,other,206.066,-248.457,-207.941,-387.512,11.547,9.696,13.043,-253.600,-212.789,-395.969,-242.053,-203.094,-382.926
1373,7461111-1__1,other,762.098,-248.412,-207.941,-385.551,9.000,9.000,17.500,-251.730,-212.441,-394.370,-242.730,-203.441,-376.870
1374,Cell Mounting Tape-1,structure,29.032,-25.380,-163.241,-390.298,6.350,4.000,1.143,-28.555,-165.241,-390.870,-22.205,-161.241,-389.727
1375,LG INR18650 MJ1-1,cell,17259.578,-230.380,-134.441,-380.727,19.916,65.000,19.916,-240.338,-166.941,-390.685,-220.422,-101.941,-370.769
1376,LG INR18650 MJ1-1,cell,17259.578,-209.880,-134.441,-380.727,19.916,65.000,19.916,-219.838,-166.941,-390.685,-199.922,-101.941,-370.769
1377,Cell Mounting Tape-1,structure,29.032,-168.880,-172.641,-390.298,6.350,4.000,1.143,-172.055,-174.641,-390.870,-165.705,-170.641,-389.727
1378,Tab Solder-1,busbar,62.918,-230.380,-101.541,-391.670,16.900,2.400,1.600,-238.830,-102.741,-392.470,-221.930,-100.341,-390.870
1379,Cell Mounting Tape-1,structure,29.032,-127.880,-105.941,-390.298,6.350,4.000,1.143,-131.055,-107.941,-390.870,-124.705,-103.941,-389.727
1380,Tab Solder-1,busbar,62.918,-127.880,-234.341,-391.670,16.900,2.400,1.600,-136.330,-235.541,-392.470,-119.430,-233.141,-390.870
1381,705510072-1__Imported1,other,440.432,22.141,-183.214,-388.309,13.589,11.428,10.795,15.531,-188.895,-394.680,29.120,-177.468,-383.885
1382,LG INR18650 MJ1-1,cell,17259.578,-148.380,-201.441,-380.727,19.916,65.000,19.916,-158.338,-233.941,-390.685,-138.422,-168.941,-370.769
1383,Tab Solder-1,busbar,62.918,-148.380,-167.941,-391.670,16.900,2.400,1.600,-156.830,-169.141,-392.470,-139.930,-166.741,-390.870
1384,NCU18WB473D6SRB-1,other,0.969,-66.380,-134.441,-390.470,1.600,0.800,0.800,-67.180,-134.841,-390.870,-65.580,-134.041,-390.070
1385,Cell Mounting Tape-1,structure,29.032,-230.380,-172.641,-390.298,6.350,4.000,1.143,-233.555,-174.641,-390.870,-227.205,-170.641,-389.727
1386,Tab Sheet-1,busbar,461.398,-113.149,-167.246,-387.394,258.758,0.203,10.000,-242.009,-167.348,-392.870,16.748,-167.145,-382.870
1387,Cell Mounting Tape-1,structure,29.032,-25.380,-229.941,-390.298,6.350,4.000,1.143,-28.555,-231.941,-390.870,-22.205,-227.941,-389.727
1388,Cell Mounting Tape-1,structure,29.032,-209.880,-163.241,-390.298,6.350,4.000,1.143,-213.055,-165.241,-390.870,-206.705,-161.241,-389.727
1389,Cell Mounting Tape-1,structure,29.032,-107.380,-172.641,-390.298,6.350,4.000,1.143,-110.555,-174.641,-390.870,-104.205,-170.641,-389.727
1390,Tab Solder-1,busbar,62.918,-127.880,-101.541,-391.670,16.900,2.400,1.600,-136.330,-102.741,-392.470,-119.430,-100.341,-390.870
1391,90183A214_Washer for Blind Rivets-1,fastener,86.804,27.545,-207.941,-381.870,1.651,9.525,9.525,26.720,-212.704,-386.632,28.371,-203.179,-377.107
1392,7461111-1__1,other,762.098,23.401,-207.941,-385.551,9.000,9.000,17.500,17.720,-212.441,-394.370,26.720,-203.441,-376.870
1393,7792-1__NONE,other,206.066,23.446,-207.941,-387.512,11.547,9.696,13.043,17.042,-212.789,-395.969,28.589,-203.094,-382.926
1394,LG INR18650 MJ1-1,cell,17259.578,-4.880,-134.441,-380.727,19.916,65.000,19.916,-14.838,-166.941,-390.685,5.078,-101.941,-370.769
1395,Tab Solder-1,busbar,62.918,-148.380,-234.341,-391.670,16.900,2.400,1.600,-156.830,-235.541,-392.470,-139.930,-233.141,-390.870
1396,LG INR18650 MJ1-1,cell,17259.578,-25.380,-201.441,-380.727,19.916,65.000,19.916,-35.338,-233.941,-390.685,-15.422,-168.941,-370.769
1397,Tab Solder-1,busbar,62.918,-107.380,-167.941,-391.670,16.900,2.400,1.600,-115.830,-169.141,-392.470,-98.930,-166.741,-390.870
1398,LG INR18650 MJ1-1,cell,17259.578,-168.880,-201.441,-380.727,19.916,65.000,19.916,-178.838,-233.941,-390.685,-158.922,-168.941,-370.769
1399,Cell Mounting Tape-1,structure,29.032,-168.880,-229.941,-390.298,6.350,4.000,1.143,-172.055,-231.941,-390.870,-165.705,-227.941,-389.727
1400,705510075-1__Imported1,other,710.957,21.840,-156.511,-388.168,13.589,19.048,10.795,15.531,-166.035,-394.680,29.120,-146.988,-383.885
1401,Cell Mounting Tape-1,structure,29.032,-66.380,-163.241,-390.298,6.350,4.000,1.143,-69.555,-165.241,-390.870,-63.205,-161.241,-389.727
1402,Cell Mounting Tape-1,structure,29.032,-168.880,-163.241,-390.298,6.350,4.000,1.143,-172.055,-165.241,-390.870,-165.705,-161.241,-389.727
1403,Tab Solder-1,busbar,62.918,-168.880,-101.541,-391.670,16.900,2.400,1.600,-177.330,-102.741,-392.470,-160.430,-100.341,-390.870
1404,Cell Mounting Tape-1,structure,29.032,-209.880,-105.941,-390.298,6.350,4.000,1.143,-213.055,-107.941,-390.870,-206.705,-103.941,-389.727
1405,LG INR18650 MJ1-1,cell,17259.578,-107.380,-134.441,-380.727,19.916,65.000,19.916,-117.338,-166.941,-390.685,-97.422,-101.941,-370.769
1406,Cell Mounting Tape-1,structure,29.032,-189.380,-163.241,-390.298,6.350,4.000,1.143,-192.555,-165.241,-390.870,-186.205,-161.241,-389.727
1407,Cell Mounting Tape-1,structure,29.032,-86.880,-229.941,-390.298,6.350,4.000,1.143,-90.055,-231.941,-390.870,-83.705,-227.941,-389.727
1408,Tab Solder-1,busbar,62.918,-45.880,-167.941,-391.670,16.900,2.400,1.600,-54.330,-169.141,-392.470,-37.430,-166.741,-390.870
1409,Divider Board-1,structure,32215.758,-109.985,-168.996,-391.670,298.250,158.000,1.600,-261.630,-246.941,-392.470,36.620,-88.941,-390.870
1410,Tab Solder-1,busbar,62.918,-86.880,-234.341,-391.670,16.900,2.400,1.600,-95.330,-235.541,-392.470,-78.430,-233.141,-390.870
1411,Tab Sheet-1,busbar,461.398,-113.149,-234.043,-387.394,258.758,0.203,10.000,-242.009,-234.145,-392.870,16.748,-233.941,-382.870
1412,Cell Mounting Tape-1,structure,29.032,-86.880,-105.941,-390.298,6.350,4.000,1.143,-90.055,-107.941,-390.870,-83.705,-103.941,-389.727
1413,Cell Mounting Tape-1,structure,29.032,-45.880,-172.641,-390.298,6.350,4.000,1.143,-49.055,-174.641,-390.870,-42.705,-170.641,-389.727
1414,LG INR18650 MJ1-1,cell,17259.578,-127.880,-201.441,-380.727,19.916,65.000,19.916,-137.838,-233.941,-390.685,-117.922,-168.941,-370.769
1415,90183A214_Washer for Blind Rivets-1,fastener,86.804,-252.556,-164.131,-381.870,1.651,9.525,9.525,-253.381,-168.894,-386.632,-251.730,-159.369,-377.107
1416,7461111-1__1,other,762.098,-248.412,-164.131,-385.551,9.000,9.000,17.500,-251.730,-168.631,-394.370,-242.730,-159.631,-376.870
1417,7792-1__NONE,other,206.066,-248.457,-164.131,-387.512,11.547,9.696,13.043,-253.600,-168.979,-395.969,-242.053,-159.284,-382.926
1418,LG INR18650 MJ1-1,cell,17259.578,-25.380,-134.441,-380.727,19.916,65.000,19.916,-35.338,-166.941,-390.685,-15.422,-101.941,-370.769
1419,Tab Solder-1,busbar,62.918,-45.880,-234.341,-391.670,16.900,2.400,1.600,-54.330,-235.541,-392.470,-37.430,-233.141,-390.870
1420,Cell Mounting Tape-1,structure,29.032,-209.880,-172.641,-390.298,6.350,4.000,1.143,-213.055,-174.641,-390.870,-206.705,-170.641,-389.727
1421,LG INR18650 MJ1-1,cell,17259.578,-4.880,-201.441,-380.727,19.916,65.000,19.916,-14.838,-233.941,-390.685,5.078,-168.941,-370.769
1422,Tab Solder-1,busbar,62.918,-66.380,-167.941,-391.670,16.900,2.400,1.600,-74.830,-169.141,-392.470,-57.930,-166.741,-390.870
1423,Cell Mounting Tape-1,structure,29.032,-45.880,-229.941,-390.298,6.350,4.000,1.143,-49.055,-231.941,-390.870,-42.705,-227.941,-389.727
1424,Module Spacer-1,structure,72657.225,-18.783,-167.987,-377.206,160.429,159.686,25.292,-117.650,-247.784,-390.889,42.780,-88.098,-365.597
1425,Module Spacer-1,structure,65797.381,-209.552,-167.993,-377.058,165.275,159.671,179.703,-282.894,-247.777,-475.076,-117.619,-88.106,-295.373
1426,Cell Mounting Tape-1,structure,29.032,-127.880,-172.641,-390.298,6.350,4.000,1.143,-131.055,-174.641,-390.870,-124.705,-170.641,-389.727
1427,Cell Mounting Tape-1,structure,29.032,-230.380,-163.241,-390.298,6.350,4.000,1.143,-233.555,-165.241,-390.870,-227.205,-161.241,-389.727
1428,Cell Mounting Tape-1,structure,29.032,-45.880,-163.241,-390.298,6.350,4.000,1.143,-49.055,-165.241,-390.870,-42.705,-161.241,-389.727
1429,705510072-1__Imported1,other,440.432,-247.152,-152.669,-388.309,13.589,11.428,10.795,-254.130,-158.415,-394.680,-240.541,-146.988,-383.885
1430,90183A214_Washer for Blind Rivets-1,fastener,86.804,27.545,-127.941,-381.870,1.651,9.525,9.525,26.720,-132.704,-386.632,28.371,-123.179,-377.107
1431,7792-1__NONE,other,206.066,23.446,-127.941,-387.512,11.547,9.696,13.043,17.042,-132.789,-395.969,28.589,-123.094,-382.926
1432,7461111-1__1,other,762.098,23.401,-127.941,-385.551,9.000,9.000,17.500,17.720,-132.441,-394.370,26.720,-123.441,-376.870
1433,LG INR18650 MJ1-1,cell,17259.578,-66.380,-201.441,-380.727,19.916,65.000,19.916,-76.338,-233.941,-390.685,-56.422,-168.941,-370.769
1434,Tab Sheet-1,busbar,461.398,-113.149,-168.637,-387.394,258.758,0.203,10.000,-242.009,-168.738,-392.870,16.748,-168.535,-382.870
1435,Cell Mounting Tape-1,structure,29.032,-4.880,-105.941,-390.298,6.350,4.000,1.143,-8.055,-107.941,-390.870,-1.705,-103.941,-389.727
1436,LG INR18650 MJ1-1,cell,17259.578,-189.380,-201.441,-380.727,19.916,65.000,19.916,-199.338,-233.941,-390.685,-179.422,-168.941,-370.769
1437,Cell Mounting Tape-1,structure,29.032,-4.880,-172.641,-390.298,6.350,4.000,1.143,-8.055,-174.641,-390.870,-1.705,-170.641,-389.727
1438,NCU18WB473D6SRB-1,other,0.969,-168.880,-134.441,-390.470,1.600,0.800,0.800,-169.680,-134.841,-390.870,-168.080,-134.041,-390.070
1439,Tab Solder-1,busbar,62.918,-127.880,-167.941,-391.670,16.900,2.400,1.600,-136.330,-169.141,-392.470,-119.430,-166.741,-390.870
1440,Tab Solder-1,busbar,62.918,-209.880,-101.541,-391.670,16.900,2.400,1.600,-218.330,-102.741,-392.470,-201.430,-100.341,-390.870
1441,Cell Mounting Tape-1,structure,29.032,-189.380,-172.641,-390.298,6.350,4.000,1.143,-192.555,-174.641,-390.870,-186.205,-170.641,-389.727
1442,Cell Mounting Tape-1,structure,29.032,-189.380,-105.941,-390.298,6.350,4.000,1.143,-192.555,-107.941,-390.870,-186.205,-103.941,-389.727
1443,Cell Mounting Tape-1,structure,29.032,-168.880,-105.941,-390.298,6.350,4.000,1.143,-172.055,-107.941,-390.870,-165.705,-103.941,-389.727
1444,Cell Mounting Tape-1,structure,29.032,-66.380,-105.941,-390.298,6.350,4.000,1.143,-69.555,-107.941,-390.870,-63.205,-103.941,-389.727
1445,Tab Solder-1,busbar,62.918,-25.380,-234.341,-391.670,16.900,2.400,1.600,-33.830,-235.541,-392.470,-16.930,-233.141,-390.870
1446,Tab Solder-1,busbar,62.918,-209.880,-234.341,-391.670,16.900,2.400,1.600,-218.330,-235.541,-392.470,-201.430,-233.141,-390.870
1447,Cell Mounting Tape-1,structure,29.032,-86.880,-163.241,-390.298,6.350,4.000,1.143,-90.055,-165.241,-390.870,-83.705,-161.241,-389.727
1448,Tab Solder-1,busbar,62.918,-107.380,-234.341,-391.670,16.900,2.400,1.600,-115.830,-235.541,-392.470,-98.930,-233.141,-390.870
1449,LG INR18650 MJ1-1,cell,17259.578,-45.880,-201.441,-380.727,19.916,65.000,19.916,-55.838,-233.941,-390.685,-35.922,-168.941,-370.769
1450,LG INR18650 MJ1-1,cell,17259.578,-107.380,-201.441,-380.727,19.916,65.000,19.916,-117.338,-233.941,-390.685,-97.422,-168.941,-370.769
1451,NCU18WB473D6SRB-1,other,0.969,7.995,-176.441,-392.870,1.656,1.656,0.800,7.167,-177.269,-393.270,8.822,-175.614,-392.470
1452,NCU18WB473D6SRB-1,other,0.969,-168.880,-201.441,-390.470,1.600,0.800,0.800,-169.680,-201.841,-390.870,-168.080,-201.041,-390.070
1453,V_r Connection-1,busbar,19.101,-114.438,-166.010,-392.851,256.610,8.997,0.305,-240.993,-172.471,-393.003,15.617,-163.474,-392.698
1454,V_r Connection-1,busbar,99.053,-114.458,-165.987,-392.851,255.447,6.541,0.762,-240.799,-170.984,-393.232,14.648,-164.443,-392.470
1455,Cell Mounting Tape-1,structure,29.032,-189.380,-229.941,-390.298,6.350,4.000,1.143,-192.555,-231.941,-390.870,-186.205,-227.941,-389.727
1456,Cell Mounting Tape-1,structure,29.032,-148.380,-105.941,-390.298,6.350,4.000,1.143,-151.555,-107.941,-390.870,-145.205,-103.941,-389.727
1457,Cell Mounting Tape-1,structure,29.032,-148.380,-163.241,-390.298,6.350,4.000,1.143,-151.555,-165.241,-390.870,-145.205,-161.241,-389.727
1458,Cell Mounting Tape-1,structure,29.032,-148.380,-229.941,-390.298,6.350,4.000,1.143,-151.555,-231.941,-390.870,-145.205,-227.941,-389.727
1459,Tab Solder-1,busbar,62.918,-4.880,-234.341,-391.670,16.900,2.400,1.600,-13.330,-235.541,-392.470,3.570,-233.141,-390.870
1460,7792-1__NONE,other,206.066,23.446,-171.751,-387.512,11.547,9.696,13.043,17.042,-176.599,-395.969,28.589,-166.904,-382.926
1461,7461111-1__1,other,762.098,23.401,-171.751,-385.551,9.000,9.000,17.500,17.720,-176.251,-394.370,26.720,-167.251,-376.870
1462,90183A214_Washer for Blind Rivets-1,fastener,86.804,27.545,-171.751,-381.870,1.651,9.525,9.525,26.720,-176.514,-386.632,28.371,-166.989,-377.107
1463,Tab Solder-1,busbar,62.918,-45.880,-101.541,-391.670,16.900,2.400,1.600,-54.330,-102.741,-392.470,-37.430,-100.341,-390.870
1464,Tab Solder-1,busbar,62.918,-230.380,-167.941,-391.670,16.900,2.400,1.600,-238.830,-169.141,-392.470,-221.930,-166.741,-390.870
1465,7792-1__NONE,other,206.066,-248.457,-127.941,-387.512,11.547,9.696,13.043,-253.600,-132.789,-395.969,-242.053,-123.094,-382.926
1466,7461111-1__1,other,762.098,-248.412,-127.941,-385.551,9.000,9.000,17.500,-251.730,-132.441,-394.370,-242.730,-123.441,-376.870
1467,90183A214_Washer for Blind Rivets-1,fastener,86.804,-252.556,-127.941,-381.870,1.651,9.525,9.525,-253.381,-132.704,-386.632,-251.730,-123.179,-377.107
1468,Cell Mounting Tape-1,structure,29.032,-66.380,-229.941,-390.298,6.350,4.000,1.143,-69.555,-231.941,-390.870,-63.205,-227.941,-389.727
1469,Tab Solder-1,busbar,62.918,-168.880,-234.341,-391.670,16.900,2.400,1.600,-177.330,-235.541,-392.470,-160.430,-233.141,-390.870
1470,LG INR18650 MJ1-1,cell,17259.578,-127.880,-134.441,-380.727,19.916,65.000,19.916,-137.838,-166.941,-390.685,-117.922,-101.941,-370.769
1471,Tab Solder-1,busbar,62.918,-107.380,-101.541,-391.670,16.900,2.400,1.600,-115.830,-102.741,-392.470,-98.930,-100.341,-390.870
1472,Cell Mounting Tape-1,structure,29.032,-158.630,-163.241,-365.098,6.350,4.000,1.143,-161.805,-165.241,-365.670,-155.455,-161.241,-364.527
1473,LG INR18650 MJ1-1,cell,17259.578,-138.130,-134.441,-355.527,19.916,65.000,19.916,-148.088,-166.941,-365.485,-128.172,-101.941,-345.569
1474,Cell Mounting Tape-1,structure,29.032,-117.630,-229.941,-365.098,6.350,4.000,1.143,-120.805,-231.941,-365.670,-114.455,-227.941,-364.527
1475,Cell Mounting Tape-1,structure,29.032,-15.130,-105.941,-365.098,6.350,4.000,1.143,-18.305,-107.941,-365.670,-11.955,-103.941,-364.527
1476,Cell Mounting Tape-1,structure,29.032,-15.130,-229.941,-365.098,6.350,4.000,1.143,-18.305,-231.941,-365.670,-11.955,-227.941,-364.527
1477,LG INR18650 MJ1-1,cell,17259.578,5.370,-201.441,-355.527,19.916,65.000,19.916,-4.588,-233.941,-365.485,15.328,-168.941,-345.569
1478,Cell Mounting Tape-1,structure,29.032,-158.630,-105.941,-365.098,6.350,4.000,1.143,-161.805,-107.941,-365.670,-155.455,-103.941,-364.527
1479,LG INR18650 MJ1-1,cell,17259.578,-199.630,-201.441,-355.527,19.916,65.000,19.916,-209.588,-233.941,-365.485,-189.672,-168.941,-345.569
1480,Cell Mounting Tape-1,structure,29.032,5.370,-163.241,-365.098,6.350,4.000,1.143,2.195,-165.241,-365.670,8.545,-161.241,-364.527
1481,LG INR18650 MJ1-1,cell,17259.578,-15.130,-134.441,-355.527,19.916,65.000,19.916,-25.088,-166.941,-365.485,-5.172,-101.941,-345.569
1482,Tab Solder-1,busbar,62.918,-179.130,-101.541,-366.470,16.900,2.400,1.600,-187.580,-102.741,-367.270,-170.680,-100.341,-365.670
1483,Tab Solder-1,busbar,62.918,-56.130,-167.941,-366.470,16.900,2.400,1.600,-64.580,-169.141,-367.270,-47.680,-166.741,-365.670
1484,Tab Sheet-1,busbar,461.398,-111.861,-101.637,-362.194,258.758,0.203,10.000,-241.759,-101.738,-367.670,16.998,-101.535,-357.670
1485,LG INR18650 MJ1-1,cell,17259.578,-76.630,-201.441,-355.527,19.916,65.000,19.916,-86.588,-233.941,-365.485,-66.672,-168.941,-345.569
1486,Tab Sheet-1,busbar,461.398,-111.861,-167.043,-362.194,258.758,0.203,10.000,-241.759,-167.145,-367.670,16.998,-166.941,-357.670
1487,LG INR18650 MJ1-1,cell,17259.578,-117.630,-201.441,-355.527,19.916,65.000,19.916,-127.588,-233.941,-365.485,-107.672,-168.941,-345.569
1488,Cell Mounting Tape-1,structure,29.032,-220.130,-163.241,-365.098,6.350,4.000,1.143,-223.305,-165.241,-365.670,-216.955,-161.241,-364.527
1489,Tab Solder-1,busbar,62.918,-220.130,-234.341,-366.470,16.900,2.400,1.600,-228.580,-235.541,-367.270,-211.680,-233.141,-365.670
1490,Cell Mounting Tape-1,structure,29.032,-179.130,-105.941,-365.098,6.350,4.000,1.143,-182.305,-107.941,-365.670,-175.955,-103.941,-364.527
1491,Cell Mounting Tape-1,structure,29.032,-76.630,-172.641,-365.098,6.350,4.000,1.143,-79.805,-174.641,-365.670,-73.455,-170.641,-364.527
1492,Cell Mounting Tape-1,structure,29.032,-199.630,-172.641,-365.098,6.350,4.000,1.143,-202.805,-174.641,-365.670,-196.455,-170.641,-364.527
1493,Tab Solder-1,busbar,62.918,-56.130,-234.341,-366.470,16.900,2.400,1.600,-64.580,-235.541,-367.270,-47.680,-233.141,-365.670
1494,Cell Mounting Tape-1,structure,29.032,-158.630,-229.941,-365.098,6.350,4.000,1.143,-161.805,-231.941,-365.670,-155.455,-227.941,-364.527
1495,Cell Mounting Tape-1,structure,29.032,-138.130,-163.241,-365.098,6.350,4.000,1.143,-141.305,-165.241,-365.670,-134.955,-161.241,-364.527
1496,Tab Solder-1,busbar,62.918,-76.630,-167.941,-366.470,16.900,2.400,1.600,-85.080,-169.141,-367.270,-68.180,-166.741,-365.670
1497,Tab Solder-1,busbar,62.918,-35.630,-167.941,-366.470,16.900,2.400,1.600,-44.080,-169.141,-367.270,-27.180,-166.741,-365.670
1498,Cell Mounting Tape-1,structure,29.032,-56.130,-229.941,-365.098,6.350,4.000,1.143,-59.305,-231.941,-365.670,-52.955,-227.941,-364.527
1499,Tab Solder-1,busbar,62.918,5.370,-234.341,-366.470,16.900,2.400,1.600,-3.080,-235.541,-367.270,13.820,-233.141,-365.670
1500,LG INR18650 MJ1-1,cell,17259.578,-97.130,-201.441,-355.527,19.916,65.000,19.916,-107.088,-233.941,-365.485,-87.172,-168.941,-345.569
1501,Tab Solder-1,busbar,62.918,-179.130,-167.941,-366.470,16.900,2.400,1.600,-187.580,-169.141,-367.270,-170.680,-166.741,-365.670
1502,Tab Solder-1,busbar,62.918,-97.130,-101.541,-366.470,16.900,2.400,1.600,-105.580,-102.741,-367.270,-88.680,-100.341,-365.670
1503,Cell Mounting Tape-1,structure,29.032,-97.130,-229.941,-365.098,6.350,4.000,1.143,-100.305,-231.941,-365.670,-93.955,-227.941,-364.527
1504,Cell Mounting Tape-1,structure,29.032,-179.130,-172.641,-365.098,6.350,4.000,1.143,-182.305,-174.641,-365.670,-175.955,-170.641,-364.527
1505,Tab Solder-1,busbar,62.918,-35.630,-234.341,-366.470,16.900,2.400,1.600,-44.080,-235.541,-367.270,-27.180,-233.141,-365.670
1506,705510072-1__Imported1,other,440.432,-247.152,-152.669,-363.109,13.589,11.428,10.795,-254.130,-158.415,-369.480,-240.541,-146.988,-358.685
1507,LG INR18650 MJ1-1,cell,17259.578,-56.130,-201.441,-355.527,19.916,65.000,19.916,-66.088,-233.941,-365.485,-46.172,-168.941,-345.569
1508,Tab Solder-1,busbar,62.918,-138.130,-234.341,-366.470,16.900,2.400,1.600,-146.580,-235.541,-367.270,-129.680,-233.141,-365.670
1509,NCU18WB473D6SRB-1,other,0.969,-56.130,-134.441,-365.270,1.600,0.800,0.800,-56.930,-134.841,-365.670,-55.330,-134.041,-364.870
1510,Cell Mounting Tape-1,structure,29.032,-179.130,-229.941,-365.098,6.350,4.000,1.143,-182.305,-231.941,-365.670,-175.955,-227.941,-364.527
1511,LG INR18650 MJ1-1,cell,17259.578,-220.130,-134.441,-355.527,19.916,65.000,19.916,-230.088,-166.941,-365.485,-210.172,-101.941,-345.569
1512,Cell Mounting Tape-1,structure,29.032,-35.630,-172.641,-365.098,6.350,4.000,1.143,-38.805,-174.641,-365.670,-32.455,-170.641,-364.527
1513,Tab Solder-1,busbar,62.918,-117.630,-167.941,-366.470,16.900,2.400,1.600,-126.080,-169.141,-367.270,-109.180,-166.741,-365.670
1514,Cell Mounting Tape-1,structure,29.032,-15.130,-172.641,-365.098,6.350,4.000,1.143,-18.305,-174.641,-365.670,-11.955,-170.641,-364.527
1515,LG INR18650 MJ1-1,cell,17259.578,-158.630,-201.441,-355.527,19.916,65.000,19.916,-168.588,-233.941,-365.485,-148.672,-168.941,-345.569
1516,Tab Solder-1,busbar,62.918,-76.630,-101.541,-366.470,16.900,2.400,1.600,-85.080,-102.741,-367.270,-68.180,-100.341,-365.670
1517,Tab Solder-1,busbar,62.918,-97.130,-167.941,-366.470,16.900,2.400,1.600,-105.580,-169.141,-367.270,-88.680,-166.741,-365.670
1518,Cell Mounting Tape-1,structure,29.032,-15.130,-163.241,-365.098,6.350,4.000,1.143,-18.305,-165.241,-365.670,-11.955,-161.241,-364.527
1519,Cell Mounting Tape-1,structure,29.032,-97.130,-163.241,-365.098,6.350,4.000,1.143,-100.305,-165.241,-365.670,-93.955,-161.241,-364.527
1520,LG INR18650 MJ1-1,cell,17259.578,5.370,-134.441,-355.527,19.916,65.000,19.916,-4.588,-166.941,-365.485,15.328,-101.941,-345.569
1521,Tab Solder-1,busbar,62.918,-220.130,-101.541,-366.470,16.900,2.400,1.600,-228.580,-102.741,-367.270,-211.680,-100.341,-365.670
1522,Tab Sheet-1,busbar,461.398,-111.861,-234.246,-362.194,258.758,0.203,10.000,-241.759,-234.348,-367.670,16.998,-234.145,-357.670
1523,NCU18WB473D6SRB-1,other,0.969,-158.630,-201.441,-365.270,1.600,0.800,0.800,-159.430,-201.841,-365.670,-157.830,-201.041,-364.870
1524,Cell Mounting Tape-1,structure,29.032,-97.130,-172.641,-365.098,6.350,4.000,1.143,-100.305,-174.641,-365.670,-93.955,-170.641,-364.527
1525,Tab Solder-1,busbar,62.918,-138.130,-101.541,-366.470,16.900,2.400,1.600,-146.580,-102.741,-367.270,-129.680,-100.341,-365.670
1526,Tab Solder-1,busbar,62.918,5.370,-167.941,-366.470,16.900,2.400,1.600,-3.080,-169.141,-367.270,13.820,-166.741,-365.670
1527,Tab Solder-1,busbar,62.918,-117.630,-101.541,-366.470,16.900,2.400,1.600,-126.080,-102.741,-367.270,-109.180,-100.341,-365.670
1528,Cell Mounting Tape-1,structure,29.032,-56.130,-172.641,-365.098,6.350,4.000,1.143,-59.305,-174.641,-365.670,-52.955,-170.641,-364.527
1529,Tab Solder-1,busbar,62.918,-56.130,-101.541,-366.470,16.900,2.400,1.600,-64.580,-102.741,-367.270,-47.680,-100.341,-365.670
1530,Cell Mounting Tape-1,structure,29.032,-158.630,-172.641,-365.098,6.350,4.000,1.143,-161.805,-174.641,-365.670,-155.455,-170.641,-364.527
1531,Tab Sheet-1,busbar,461.398,-111.861,-234.043,-362.194,258.758,0.203,10.000,-241.759,-234.145,-367.670,16.998,-233.941,-357.670
1532,Cell Mounting Tape-1,structure,29.032,5.370,-229.941,-365.098,6.350,4.000,1.143,2.195,-231.941,-365.670,8.545,-227.941,-364.527
1533,Cell Mounting Tape-1,structure,29.032,5.370,-172.641,-365.098,6.350,4.000,1.143,2.195,-174.641,-365.670,8.545,-170.641,-364.527
1534,LG INR18650 MJ1-1,cell,17259.578,-15.130,-201.441,-355.527,19.916,65.000,19.916,-25.088,-233.941,-365.485,-5.172,-168.941,-345.569
1535,Tab Solder-1,busbar,62.918,-179.130,-234.341,-366.470,16.900,2.400,1.600,-187.580,-235.541,-367.270,-170.680,-233.141,-365.670
1536,NCU18WB473D6SRB-1,other,0.969,-233.005,-159.441,-367.670,1.656,1.656,0.800,-233.833,-160.269,-368.070,-232.178,-158.614,-367.270
1537,LG INR18650 MJ1-1,cell,17259.578,-117.630,-134.441,-355.527,19.916,65.000,19.916,-127.588,-166.941,-365.485,-107.672,-101.941,-345.569
1538,Cell Mounting Tape-1,structure,29.032,-76.630,-229.941,-365.098,6.350,4.000,1.143,-79.805,-231.941,-365.670,-73.455,-227.941,-364.527
1539,LG INR18650 MJ1-1,cell,17259.578,-199.630,-134.441,-355.527,19.916,65.000,19.916,-209.588,-166.941,-365.485,-189.672,-101.941,-345.569
1540,LG INR18650 MJ1-1,cell,17259.578,-179.130,-201.441,-355.527,19.916,65.000,19.916,-189.088,-233.941,-365.485,-169.172,-168.941,-345.569
1541,Tab Solder-1,busbar,62.918,-35.630,-101.541,-366.470,16.900,2.400,1.600,-44.080,-102.741,-367.270,-27.180,-100.341,-365.670
1542,Tab Sheet-1,busbar,461.398,-111.861,-167.246,-362.194,258.758,0.203,10.000,-241.759,-167.348,-367.670,16.998,-167.145,-357.670
1543,NCU18WB473D6SRB-1,other,0.969,-56.130,-201.441,-365.270,1.600,0.800,0.800,-56.930,-201.841,-365.670,-55.330,-201.041,-364.870
1544,Tab Sheet-1,busbar,461.398,-111.861,-168.840,-362.194,258.758,0.203,10.000,-241.759,-168.941,-367.670,16.998,-168.738,-357.670
1545,Tab Solder-1,busbar,62.918,-199.630,-167.941,-366.470,16.900,2.400,1.600,-208.080,-169.141,-367.270,-191.180,-166.741,-365.670
1546,Cell Mounting Tape-1,structure,29.032,-199.630,-163.241,-365.098,6.350,4.000,1.143,-202.805,-165.241,-365.670,-196.455,-161.241,-364.527
1547,Divider Board-1,structure,32215.758,-115.026,-166.887,-366.470,298.250,158.000,1.600,-261.630,-246.941,-367.270,36.620,-88.941,-365.670
1548,LG INR18650 MJ1-1,cell,17259.578,-158.630,-134.441,-355.527,19.916,65.000,19.916,-168.588,-166.941,-365.485,-148.672,-101.941,-345.569
1549,Cell Mounting Tape-1,structure,29.032,-56.130,-105.941,-365.098,6.350,4.000,1.143,-59.305,-107.941,-365.670,-52.955,-103.941,-364.527
1550,Tab Solder-1,busbar,62.918,-158.630,-234.341,-366.470,16.900,2.400,1.600,-167.080,-235.541,-367.270,-150.180,-233.141,-365.670
1551,Cell Mounting Tape-1,structure,29.032,-199.630,-105.941,-365.098,6.350,4.000,1.143,-202.805,-107.941,-365.670,-196.455,-103.941,-364.527
1552,705510072-1__Imported1,other,440.432,22.141,-183.214,-363.109,13.589,11.428,10.795,15.531,-188.895,-369.480,29.120,-177.468,-358.685
1553,Cell Mounting Tape-1,structure,29.032,-56.130,-163.241,-365.098,6.350,4.000,1.143,-59.305,-165.241,-365.670,-52.955,-161.241,-364.527
1554,7792-1__NONE,other,206.066,23.446,-127.941,-362.312,11.547,9.696,13.043,17.042,-132.789,-370.769,28.589,-123.094,-357.726
1555,7461111-1__1,other,762.098,23.401,-127.941,-360.351,9.000,9.000,17.500,17.720,-132.441,-369.170,26.720,-123.441,-351.670
1556,90183A214_Washer for Blind Rivets-1,fastener,86.804,27.545,-127.941,-356.670,1.651,9.525,9.525,26.720,-132.704,-361.432,28.371,-123.179,-351.907
1557,Cell Mounting Tape-1,structure,29.032,-220.130,-229.941,-365.098,6.350,4.000,1.143,-223.305,-231.941,-365.670,-216.955,-227.941,-364.527
1558,705510075-1__Imported1,other,710.957,-246.851,-179.372,-362.968,13.589,19.048,10.795,-254.130,-188.895,-369.480,-240.541,-169.848,-358.685
1559,7792-1__NONE,other,206.066,-248.457,-207.941,-362.312,11.547,9.696,13.043,-253.600,-212.789,-370.769,-242.053,-203.094,-357.726
1560,90183A214_Washer for Blind Rivets-1,fastener,86.804,-252.556,-207.941,-356.670,1.651,9.525,9.525,-253.381,-212.704,-361.432,-251.730,-203.179,-351.907
1561,7461111-1__1,other,762.098,-248.412,-207.941,-360.351,9.000,9.000,17.500,-251.730,-212.441,-369.170,-242.730,-203.441,-351.670
1562,Cell Mounting Tape-1,structure,29.032,5.370,-105.941,-365.098,6.350,4.000,1.143,2.195,-107.941,-365.670,8.545,-103.941,-364.527
1563,Cell Mounting Tape-1,structure,29.032,-220.130,-105.941,-365.098,6.350,4.000,1.143,-223.305,-107.941,-365.670,-216.955,-103.941,-364.527
1564,90183A214_Washer for Blind Rivets-1,fastener,86.804,27.545,-207.941,-356.670,1.651,9.525,9.525,26.720,-212.704,-361.432,28.371,-203.179,-351.907
1565,7461111-1__1,other,762.098,23.401,-207.941,-360.351,9.000,9.000,17.500,17.720,-212.441,-369.170,26.720,-203.441,-351.670
1566,7792-1__NONE,other,206.066,23.446,-207.941,-362.312,11.547,9.696,13.043,17.042,-212.789,-370.769,28.589,-203.094,-357.726
1567,7792-1__NONE,other,206.066,23.446,-171.751,-362.312,11.547,9.696,13.043,17.042,-176.599,-370.769,28.589,-166.904,-357.726
1568,90183A214_Washer for Blind Rivets-1,fastener,86.804,27.545,-171.751,-356.670,1.651,9.525,9.525,26.720,-176.514,-361.432,28.371,-166.989,-351.907
1569,7461111-1__1,other,762.098,23.401,-171.751,-360.351,9.000,9.000,17.500,17.720,-176.251,-369.170,26.720,-167.251,-351.670
1570,Tab Solder-1,busbar,62.918,-15.130,-234.341,-366.470,16.900,2.400,1.600,-23.580,-235.541,-367.270,-6.680,-233.141,-365.670
1571,LG INR18650 MJ1-1,cell,17259.578,-138.130,-201.441,-355.527,19.916,65.000,19.916,-148.088,-233.941,-365.485,-128.172,-168.941,-345.569
1572,Tab Solder-1,busbar,62.918,-15.130,-167.941,-366.470,16.900,2.400,1.600,-23.580,-169.141,-367.270,-6.680,-166.741,-365.670
1573,Tab Solder-1,busbar,62.918,-220.130,-167.941,-366.470,16.900,2.400,1.600,-228.580,-169.141,-367.270,-211.680,-166.741,-365.670
1574,Cell Mounting Tape-1,structure,29.032,-35.630,-163.241,-365.098,6.350,4.000,1.143,-38.805,-165.241,-365.670,-32.455,-161.241,-364.527
1575,705510075-1__Imported1,other,710.957,21.840,-156.511,-362.968,13.589,19.048,10.795,15.531,-166.035,-369.480,29.120,-146.988,-358.685
1576,LG INR18650 MJ1-1,cell,17259.578,-220.130,-201.441,-355.527,19.916,65.000,19.916,-230.088,-233.941,-365.485,-210.172,-168.941,-345.569
1577,Cell Mounting Tape-1,structure,29.032,-138.130,-229.941,-365.098,6.350,4.000,1.143,-141.305,-231.941,-365.670,-134.955,-227.941,-364.527
1578,Cell Mounting Tape-1,structure,29.032,-220.130,-172.641,-365.098,6.350,4.000,1.143,-223.305,-174.641,-365.670,-216.955,-170.641,-364.527
1579,LG INR18650 MJ1-1,cell,17259.578,-179.130,-134.441,-355.527,19.916,65.000,19.916,-189.088,-166.941,-365.485,-169.172,-101.941,-345.569
1580,V_r Connection-1,busbar,99.053,-110.553,-169.896,-367.651,255.447,6.541,0.762,-239.658,-171.439,-368.032,15.788,-164.898,-367.270
1581,V_r Connection-1,busbar,19.101,-110.572,-169.872,-367.651,256.610,8.997,0.305,-240.628,-172.409,-367.803,15.982,-163.412,-367.498
1582,Tab Solder-1,busbar,62.918,-76.630,-234.341,-366.470,16.900,2.400,1.600,-85.080,-235.541,-367.270,-68.180,-233.141,-365.670
1583,Cell Mounting Tape-1,structure,29.032,-97.130,-105.941,-365.098,6.350,4.000,1.143,-100.305,-107.941,-365.670,-93.955,-103.941,-364.527
1584,Tab Sheet-1,busbar,461.398,-111.861,-168.637,-362.194,258.758,0.203,10.000,-241.759,-168.738,-367.670,16.998,-168.535,-357.670
1585,Tab Solder-1,busbar,62.918,-158.630,-101.541,-366.470,16.900,2.400,1.600,-167.080,-102.741,-367.270,-150.180,-100.341,-365.670
1586,7461111-1__1,other,762.098,-248.412,-127.941,-360.351,9.000,9.000,17.500,-251.730,-132.441,-369.170,-242.730,-123.441,-351.670
1587,90183A214_Washer for Blind Rivets-1,fastener,86.804,-252.556,-127.941,-356.670,1.651,9.525,9.525,-253.381,-132.704,-361.432,-251.730,-123.179,-351.907
1588,7792-1__NONE,other,206.066,-248.457,-127.941,-362.312,11.547,9.696,13.043,-253.600,-132.789,-370.769,-242.053,-123.094,-357.726
1589,Cell Mounting Tape-1,structure,29.032,-117.630,-105.941,-365.098,6.350,4.000,1.143,-120.805,-107.941,-365.670,-114.455,-103.941,-364.527
1590,NCU18WB473D6SRB-1,other,0.969,-158.630,-134.441,-365.270,1.600,0.800,0.800,-159.430,-134.841,-365.670,-157.830,-134.041,-364.870
1591,Cell Mounting Tape-1,structure,29.032,-117.630,-163.241,-365.098,6.350,4.000,1.143,-120.805,-165.241,-365.670,-114.455,-161.241,-364.527
1592,Cell Mounting Tape-1,structure,29.032,-35.630,-105.941,-365.098,6.350,4.000,1.143,-38.805,-107.941,-365.670,-32.455,-103.941,-364.527
1593,Cell Mounting Tape-1,structure,29.032,-76.630,-163.241,-365.098,6.350,4.000,1.143,-79.805,-165.241,-365.670,-73.455,-161.241,-364.527
1594,LG INR18650 MJ1-1,cell,17259.578,-35.630,-201.441,-355.527,19.916,65.000,19.916,-45.588,-233.941,-365.485,-25.672,-168.941,-345.569
1595,LG INR18650 MJ1-1,cell,17259.578,-56.130,-134.441,-355.527,19.916,65.000,19.916,-66.088,-166.941,-365.485,-46.172,-101.941,-345.569
1596,Module Spacer-1,structure,65797.381,-15.459,-167.889,-351.858,165.275,159.671,179.703,-107.392,-247.777,-449.876,57.883,-88.106,-270.173
1597,Module Spacer-1,structure,72657.225,-206.228,-167.896,-352.006,160.429,159.686,25.292,-267.790,-247.784,-365.689,-107.361,-88.098,-340.397
1598,Tab Sheet-1,busbar,461.398,-111.861,-101.840,-362.194,258.758,0.203,10.000,-241.759,-101.941,-367.670,16.998,-101.738,-357.670
1599,LG INR18650 MJ1-1,cell,17259.578,-97.130,-134.441,-355.527,19.916,65.000,19.916,-107.088,-166.941,-365.485,-87.172,-101.941,-345.569
1600,Cell Mounting Tape-1,structure,29.032,-179.130,-163.241,-365.098,6.350,4.000,1.143,-182.305,-165.241,-365.670,-175.955,-161.241,-364.527
1601,Cell Mounting Tape-1,structure,29.032,-138.130,-105.941,-365.098,6.350,4.000,1.143,-141.305,-107.941,-365.670,-134.955,-103.941,-364.527
1602,Tab Solder-1,busbar,62.918,-97.130,-234.341,-366.470,16.900,2.400,1.600,-105.580,-235.541,-367.270,-88.680,-233.141,-365.670
1603,Tab Solder-1,busbar,62.918,5.370,-101.541,-366.470,16.900,2.400,1.600,-3.080,-102.741,-367.270,13.820,-100.341,-365.670
1604,Tab Solder-1,busbar,62.918,-138.130,-167.941,-366.470,16.900,2.400,1.600,-146.580,-169.141,-367.270,-129.680,-166.741,-365.670
1605,LG INR18650 MJ1-1,cell,17259.578,-76.630,-134.441,-355.527,19.916,65.000,19.916,-86.588,-166.941,-365.485,-66.672,-101.941,-345.569
1606,Tab Solder-1,busbar,62.918,-199.630,-234.341,-366.470,16.900,2.400,1.600,-208.080,-235.541,-367.270,-191.180,-233.141,-365.670
1607,90183A214_Washer for Blind Rivets-1,fastener,86.804,-252.556,-164.131,-356.670,1.651,9.525,9.525,-253.381,-168.894,-361.432,-251.730,-159.369,-351.907
1608,7461111-1__1,other,762.098,-248.412,-164.131,-360.351,9.000,9.000,17.500,-251.730,-168.631,-369.170,-242.730,-159.631,-351.670
1609,7792-1__NONE,other,206.066,-248.457,-164.131,-362.312,11.547,9.696,13.043,-253.600,-168.979,-370.769,-242.053,-159.284,-357.726
1610,LG INR18650 MJ1-1,cell,17259.578,-35.630,-134.441,-355.527,19.916,65.000,19.916,-45.588,-166.941,-365.485,-25.672,-101.941,-345.569
1611,Cell Mounting Tape-1,structure,29.032,-76.630,-105.941,-365.098,6.350,4.000,1.143,-79.805,-107.941,-365.670,-73.455,-103.941,-364.527
1612,Tab Solder-1,busbar,62.918,-199.630,-101.541,-366.470,16.900,2.400,1.600,-208.080,-102.741,-367.270,-191.180,-100.341,-365.670
1613,Cell Mounting Tape-1,structure,29.032,-199.630,-229.941,-365.098,6.350,4.000,1.143,-202.805,-231.941,-365.670,-196.455,-227.941,-364.527
1614,Tab Solder-1,busbar,62.918,-117.630,-234.341,-366.470,16.900,2.400,1.600,-126.080,-235.541,-367.270,-109.180,-233.141,-365.670
1615,Cell Mounting Tape-1,structure,29.032,-35.630,-229.941,-365.098,6.350,4.000,1.143,-38.805,-231.941,-365.670,-32.455,-227.941,-364.527
1616,Cell Mounting Tape-1,structure,29.032,-138.130,-172.641,-365.098,6.350,4.000,1.143,-141.305,-174.641,-365.670,-134.955,-170.641,-364.527
1617,Tab Solder-1,busbar,62.918,-158.630,-167.941,-366.470,16.900,2.400,1.600,-167.080,-169.141,-367.270,-150.180,-166.741,-365.670
1618,Tab Solder-1,busbar,62.918,-15.130,-101.541,-366.470,16.900,2.400,1.600,-23.580,-102.741,-367.270,-6.680,-100.341,-365.670
1619,Cell Mounting Tape-1,structure,29.032,-117.630,-172.641,-365.098,6.350,4.000,1.143,-120.805,-174.641,-365.670,-114.455,-170.641,-364.527
1620,Tab Solder-1,busbar,62.918,-107.380,-101.541,-89.270,16.900,2.400,1.600,-115.830,-102.741,-90.070,-98.930,-100.341,-88.470
1621,Tab Solder-1,busbar,62.918,-189.380,-234.341,-89.270,16.900,2.400,1.600,-197.830,-235.541,-90.070,-180.930,-233.141,-88.470
1622,Tab Sheet-1,busbar,461.398,-113.149,-234.043,-84.994,258.758,0.203,10.000,-242.009,-234.145,-90.470,16.748,-233.941,-80.470
1623,Tab Sheet-1,busbar,461.398,-113.149,-101.637,-84.994,258.758,0.203,10.000,-242.009,-101.738,-90.470,16.748,-101.535,-80.470
1624,LG INR18650 MJ1-1,cell,17259.578,-168.880,-201.441,-78.327,19.916,65.000,19.916,-178.838,-233.941,-88.285,-158.922,-168.941,-68.369
1625,NCU18WB473D6SRB-1,other,0.969,7.995,-176.441,-90.470,1.656,1.656,0.800,7.167,-177.269,-90.870,8.822,-175.614,-90.070
1626,LG INR18650 MJ1-1,cell,17259.578,-4.880,-134.441,-78.327,19.916,65.000,19.916,-14.838,-166.941,-88.285,5.078,-101.941,-68.369
1627,Cell Mounting Tape-1,structure,29.032,-86.880,-172.641,-87.898,6.350,4.000,1.143,-90.055,-174.641,-88.470,-83.705,-170.641,-87.327
1628,Tab Solder-1,busbar,62.918,-189.380,-101.541,-89.270,16.900,2.400,1.600,-197.830,-102.741,-90.070,-180.930,-100.341,-88.470
1629,Tab Sheet-1,busbar,461.398,-113.149,-167.246,-84.994,258.758,0.203,10.000,-242.009,-167.348,-90.470,16.748,-167.145,-80.470
1630,Cell Mounting Tape-1,structure,29.032,-4.880,-172.641,-87.898,6.350,4.000,1.143,-8.055,-174.641,-88.470,-1.705,-170.641,-87.327
1631,Tab Solder-1,busbar,62.918,-86.880,-167.941,-89.270,16.900,2.400,1.600,-95.330,-169.141,-90.070,-78.430,-166.741,-88.470
1632,LG INR18650 MJ1-1,cell,17259.578,-189.380,-201.441,-78.327,19.916,65.000,19.916,-199.338,-233.941,-88.285,-179.422,-168.941,-68.369
1633,Cell Mounting Tape-1,structure,29.032,-148.380,-172.641,-87.898,6.350,4.000,1.143,-151.555,-174.641,-88.470,-145.205,-170.641,-87.327
1634,Tab Solder-1,busbar,62.918,-230.380,-101.541,-89.270,16.900,2.400,1.600,-238.830,-102.741,-90.070,-221.930,-100.341,-88.470
1635,Tab Solder-1,busbar,62.918,-148.380,-101.541,-89.270,16.900,2.400,1.600,-156.830,-102.741,-90.070,-139.930,-100.341,-88.470
1636,705510072-1__Imported1,other,440.432,22.141,-183.214,-85.909,13.589,11.428,10.795,15.531,-188.895,-92.280,29.120,-177.468,-81.485
1637,Cell Mounting Tape-1,structure,29.032,-148.380,-229.941,-87.898,6.350,4.000,1.143,-151.555,-231.941,-88.470,-145.205,-227.941,-87.327
1638,Cell Mounting Tape-1,structure,29.032,-45.880,-229.941,-87.898,6.350,4.000,1.143,-49.055,-231.941,-88.470,-42.705,-227.941,-87.327
1639,Cell Mounting Tape-1,structure,29.032,-25.380,-172.641,-87.898,6.350,4.000,1.143,-28.555,-174.641,-88.470,-22.205,-170.641,-87.327
1640,Tab Solder-1,busbar,62.918,-230.380,-234.341,-89.270,16.900,2.400,1.600,-238.830,-235.541,-90.070,-221.930,-233.141,-88.470
1641,Cell Mounting Tape-1,structure,29.032,-148.380,-105.941,-87.898,6.350,4.000,1.143,-151.555,-107.941,-88.470,-145.205,-103.941,-87.327
1642,Cell Mounting Tape-1,structure,29.032,-4.880,-105.941,-87.898,6.350,4.000,1.143,-8.055,-107.941,-88.470,-1.705,-103.941,-87.327
1643,NCU18WB473D6SRB-1,other,0.969,-66.380,-201.441,-88.070,1.600,0.800,0.800,-67.180,-201.841,-88.470,-65.580,-201.041,-87.670
1644,Tab Sheet-1,busbar,461.398,-113.149,-168.637,-84.994,258.758,0.203,10.000,-242.009,-168.738,-90.470,16.748,-168.535,-80.470
1645,LG INR18650 MJ1-1,cell,17259.578,-127.880,-134.441,-78.327,19.916,65.000,19.916,-137.838,-166.941,-88.285,-117.922,-101.941,-68.369
1646,Cell Mounting Tape-1,structure,29.032,-66.380,-172.641,-87.898,6.350,4.000,1.143,-69.555,-174.641,-88.470,-63.205,-170.641,-87.327
1647,Cell Mounting Tape-1,structure,29.032,-230.380,-163.241,-87.898,6.350,4.000,1.143,-233.555,-165.241,-88.470,-227.205,-161.241,-87.327
1648,Cell Mounting Tape-1,structure,29.032,-230.380,-172.641,-87.898,6.350,4.000,1.143,-233.555,-174.641,-88.470,-227.205,-170.641,-87.327
1649,LG INR18650 MJ1-1,cell,17259.578,-66.380,-201.441,-78.327,19.916,65.000,19.916,-76.338,-233.941,-88.285,-56.422,-168.941,-68.369
1650,Cell Mounting Tape-1,structure,29.032,-168.880,-172.641,-87.898,6.350,4.000,1.143,-172.055,-174.641,-88.470,-165.705,-170.641,-87.327
1651,Cell Mounting Tape-1,structure,29.032,-148.380,-163.241,-87.898,6.350,4.000,1.143,-151.555,-165.241,-88.470,-145.205,-161.241,-87.327
1652,705510075-1__Imported1,other,710.957,-246.851,-179.372,-85.768,13.589,19.048,10.795,-254.130,-188.895,-92.280,-240.541,-169.848,-81.485
1653,NCU18WB473D6SRB-1,other,0.969,-66.380,-134.441,-88.070,1.600,0.800,0.800,-67.180,-134.841,-88.470,-65.580,-134.041,-87.670
1654,Tab Solder-1,busbar,62.918,-127.880,-167.941,-89.270,16.900,2.400,1.600,-136.330,-169.141,-90.070,-119.430,-166.741,-88.470
1655,LG INR18650 MJ1-1,cell,17259.578,-45.880,-201.441,-78.327,19.916,65.000,19.916,-55.838,-233.941,-88.285,-35.922,-168.941,-68.369
1656,Tab Solder-1,busbar,62.918,-148.380,-234.341,-89.270,16.900,2.400,1.600,-156.830,-235.541,-90.070,-139.930,-233.141,-88.470
1657,Cell Mounting Tape-1,structure,29.032,-127.880,-163.241,-87.898,6.350,4.000,1.143,-131.055,-165.241,-88.470,-124.705,-161.241,-87.327
1658,Cell Mounting Tape-1,structure,29.032,-25.380,-163.241,-87.898,6.350,4.000,1.143,-28.555,-165.241,-88.470,-22.205,-161.241,-87.327
1659,LG INR18650 MJ1-1,cell,17259.578,-209.880,-201.441,-78.327,19.916,65.000,19.916,-219.838,-233.941,-88.285,-199.922,-168.941,-68.369
1660,Tab Solder-1,busbar,62.918,-189.380,-167.941,-89.270,16.900,2.400,1.600,-197.830,-169.141,-90.070,-180.930,-166.741,-88.470
1661,Tab Solder-1,busbar,62.918,-148.380,-167.941,-89.270,16.900,2.400,1.600,-156.830,-169.141,-90.070,-139.930,-166.741,-88.470
1662,Cell Mounting Tape-1,structure,29.032,-107.380,-105.941,-87.898,6.350,4.000,1.143,-110.555,-107.941,-88.470,-104.205,-103.941,-87.327
1663,Tab Solder-1,busbar,62.918,-209.880,-167.941,-89.270,16.900,2.400,1.600,-218.330,-169.141,-90.070,-201.430,-166.741,-88.470
1664,Tab Solder-1,busbar,62.918,-168.880,-167.941,-89.270,16.900,2.400,1.600,-177.330,-169.141,-90.070,-160.430,-166.741,-88.470
1665,Tab Solder-1,busbar,62.918,-230.380,-167.941,-89.270,16.900,2.400,1.600,-238.830,-169.141,-90.070,-221.930,-166.741,-88.470
1666,Tab Solder-1,busbar,62.918,-168.880,-101.541,-89.270,16.900,2.400,1.600,-177.330,-102.741,-90.070,-160.430,-100.341,-88.470
1667,Cell Mounting Tape-1,structure,29.032,-66.380,-163.241,-87.898,6.350,4.000,1.143,-69.555,-165.241,-88.470,-63.205,-161.241,-87.327
1668,Cell Mounting Tape-1,structure,29.032,-189.380,-172.641,-87.898,6.350,4.000,1.143,-192.555,-174.641,-88.470,-186.205,-170.641,-87.327
1669,Cell Mounting Tape-1,structure,29.032,-168.880,-163.241,-87.898,6.350,4.000,1.143,-172.055,-165.241,-88.470,-165.705,-161.241,-87.327
1670,Tab Solder-1,busbar,62.918,-107.380,-167.941,-89.270,16.900,2.400,1.600,-115.830,-169.141,-90.070,-98.930,-166.741,-88.470
1671,LG INR18650 MJ1-1,cell,17259.578,-107.380,-201.441,-78.327,19.916,65.000,19.916,-117.338,-233.941,-88.285,-97.422,-168.941,-68.369
1672,90183A214_Washer for Blind Rivets-1,fastener,86.804,27.545,-127.941,-79.470,1.651,9.525,9.525,26.720,-132.704,-84.232,28.371,-123.179,-74.707
1673,7792-1__NONE,other,206.066,23.446,-127.941,-85.112,11.547,9.696,13.043,17.042,-132.789,-93.569,28.589,-123.094,-80.526
1674,7461111-1__1,other,762.098,23.401,-127.941,-83.151,9.000,9.000,17.500,17.720,-132.441,-91.970,26.720,-123.441,-74.470
1675,Cell Mounting Tape-1,structure,29.032,-86.880,-163.241,-87.898,6.350,4.000,1.143,-90.055,-165.241,-88.470,-83.705,-161.241,-87.327
1676,LG INR18650 MJ1-1,cell,17259.578,-66.380,-134.441,-78.327,19.916,65.000,19.916,-76.338,-166.941,-88.285,-56.422,-101.941,-68.369
1677,Cell Mounting Tape-1,structure,29.032,-45.880,-163.241,-87.898,6.350,4.000,1.143,-49.055,-165.241,-88.470,-42.705,-161.241,-87.327
1678,Tab Solder-1,busbar,62.918,-86.880,-234.341,-89.270,16.900,2.400,1.600,-95.330,-235.541,-90.070,-78.430,-233.141,-88.470
1679,LG INR18650 MJ1-1,cell,17259.578,-168.880,-134.441,-78.327,19.916,65.000,19.916,-178.838,-166.941,-88.285,-158.922,-101.941,-68.369
1680,Cell Mounting Tape-1,structure,29.032,-127.880,-172.641,-87.898,6.350,4.000,1.143,-131.055,-174.641,-88.470,-124.705,-170.641,-87.327
1681,LG INR18650 MJ1-1,cell,17259.578,-86.880,-201.441,-78.327,19.916,65.000,19.916,-96.838,-233.941,-88.285,-76.922,-168.941,-68.369
1682,Cell Mounting Tape-1,structure,29.032,-45.880,-105.941,-87.898,6.350,4.000,1.143,-49.055,-107.941,-88.470,-42.705,-103.941,-87.327
1683,Cell Mounting Tape-1,structure,29.032,-209.880,-105.941,-87.898,6.350,4.000,1.143,-213.055,-107.941,-88.470,-206.705,-103.941,-87.327
1684,Tab Solder-1,busbar,62.918,-66.380,-167.941,-89.270,16.900,2.400,1.600,-74.830,-169.141,-90.070,-57.930,-166.741,-88.470
1685,Cell Mounting Tape-1,structure,29.032,-107.380,-172.641,-87.898,6.350,4.000,1.143,-110.555,-174.641,-88.470,-104.205,-170.641,-87.327
1686,Cell Mounting Tape-1,structure,29.032,-209.880,-229.941,-87.898,6.350,4.000,1.143,-213.055,-231.941,-88.470,-206.705,-227.941,-87.327
1687,Cell Mounting Tape-1,structure,29.032,-4.880,-163.241,-87.898,6.350,4.000,1.143,-8.055,-165.241,-88.470,-1.705,-161.241,-87.327
1688,Tab Solder-1,busbar,62.918,-127.880,-234.341,-89.270,16.900,2.400,1.600,-136.330,-235.541,-90.070,-119.430,-233.141,-88.470
1689,LG INR18650 MJ1-1,cell,17259.578,-45.880,-134.441,-78.327,19.916,65.000,19.916,-55.838,-166.941,-88.285,-35.922,-101.941,-68.369
1690,LG INR18650 MJ1-1,cell,17259.578,-86.880,-134.441,-78.327,19.916,65.000,19.916,-96.838,-166.941,-88.285,-76.922,-101.941,-68.369
1691,V_r Connection-1,busbar,99.053,-114.458,-165.987,-90.451,255.447,6.541,0.762,-240.799,-170.984,-90.832,14.648,-164.443,-90.070
1692,V_r Connection-1,busbar,19.101,-114.438,-166.010,-90.451,256.610,8.997,0.305,-240.993,-172.471,-90.603,15.617,-163.474,-90.298
1693,Tab Solder-1,busbar,62.918,-25.380,-101.541,-89.270,16.900,2.400,1.600,-33.830,-102.741,-90.070,-16.930,-100.341,-88.470
1694,Tab Solder-1,busbar,62.918,-168.880,-234.341,-89.270,16.900,2.400,1.600,-177.330,-235.541,-90.070,-160.430,-233.141,-88.470
1695,Tab Solder-1,busbar,62.918,-4.880,-167.941,-89.270,16.900,2.400,1.600,-13.330,-169.141,-90.070,3.570,-166.741,-88.470
1696,7461111-1__1,other,762.098,-248.412,-207.941,-83.151,9.000,9.000,17.500,-251.730,-212.441,-91.970,-242.730,-203.441,-74.470
1697,90183A214_Washer for Blind Rivets-1,fastener,86.804,-252.556,-207.941,-79.470,1.651,9.525,9.525,-253.381,-212.704,-84.232,-251.730,-203.179,-74.707
1698,7792-1__NONE,other,206.066,-248.457,-207.941,-85.112,11.547,9.696,13.043,-253.600,-212.789,-93.569,-242.053,-203.094,-80.526
1699,LG INR18650 MJ1-1,cell,17259.578,-127.880,-201.441,-78.327,19.916,65.000,19.916,-137.838,-233.941,-88.285,-117.922,-168.941,-68.369
1700,90183A214_Washer for Blind Rivets-1,fastener,86.804,27.545,-171.751,-79.470,1.651,9.525,9.525,26.720,-176.514,-84.232,28.371,-166.989,-74.707
1701,7461111-1__1,other,762.098,23.401,-171.751,-83.151,9.000,9.000,17.500,17.720,-176.251,-91.970,26.720,-167.251,-74.470
1702,7792-1__NONE,other,206.066,23.446,-171.751,-85.112,11.547,9.696,13.043,17.042,-176.599,-93.569,28.589,-166.904,-80.526
1703,LG INR18650 MJ1-1,cell,17259.578,-209.880,-134.441,-78.327,19.916,65.000,19.916,-219.838,-166.941,-88.285,-199.922,-101.941,-68.369
1704,Tab Solder-1,busbar,62.918,-209.880,-101.541,-89.270,16.900,2.400,1.600,-218.330,-102.741,-90.070,-201.430,-100.341,-88.470
1705,705510075-1__Imported1,other,710.957,21.840,-156.511,-85.768,13.589,19.048,10.795,15.531,-166.035,-92.280,29.120,-146.988,-81.485
1706,Cell Mounting Tape-1,structure,29.032,-25.380,-105.941,-87.898,6.350,4.000,1.143,-28.555,-107.941,-88.470,-22.205,-103.941,-87.327
1707,LG INR18650 MJ1-1,cell,17259.578,-148.380,-134.441,-78.327,19.916,65.000,19.916,-158.338,-166.941,-88.285,-138.422,-101.941,-68.369
1708,NCU18WB473D6SRB-1,other,0.969,-168.880,-201.441,-88.070,1.600,0.800,0.800,-169.680,-201.841,-88.470,-168.080,-201.041,-87.670
1709,7461111-1__1,other,762.098,-248.412,-127.941,-83.151,9.000,9.000,17.500,-251.730,-132.441,-91.970,-242.730,-123.441,-74.470
1710,90183A214_Washer for Blind Rivets-1,fastener,86.804,-252.556,-127.941,-79.470,1.651,9.525,9.525,-253.381,-132.704,-84.232,-251.730,-123.179,-74.707
1711,7792-1__NONE,other,206.066,-248.457,-127.941,-85.112,11.547,9.696,13.043,-253.600,-132.789,-93.569,-242.053,-123.094,-80.526
1712,Cell Mounting Tape-1,structure,29.032,-25.380,-229.941,-87.898,6.350,4.000,1.143,-28.555,-231.941,-88.470,-22.205,-227.941,-87.327
1713,Cell Mounting Tape-1,structure,29.032,-189.380,-229.941,-87.898,6.350,4.000,1.143,-192.555,-231.941,-88.470,-186.205,-227.941,-87.327
1714,Tab Solder-1,busbar,62.918,-45.880,-167.941,-89.270,16.900,2.400,1.600,-54.330,-169.141,-90.070,-37.430,-166.741,-88.470
1715,Cell Mounting Tape-1,structure,29.032,-66.380,-105.941,-87.898,6.350,4.000,1.143,-69.555,-107.941,-88.470,-63.205,-103.941,-87.327
1716,LG INR18650 MJ1-1,cell,17259.578,-25.380,-134.441,-78.327,19.916,65.000,19.916,-35.338,-166.941,-88.285,-15.422,-101.941,-68.369
1717,Cell Mounting Tape-1,structure,29.032,-127.880,-105.941,-87.898,6.350,4.000,1.143,-131.055,-107.941,-88.470,-124.705,-103.941,-87.327
1718,Tab Sheet-1,busbar,461.398,-113.149,-167.043,-84.994,258.758,0.203,10.000,-242.009,-167.145,-90.470,16.748,-166.941,-80.470
1719,LG INR18650 MJ1-1,cell,17259.578,-4.880,-201.441,-78.327,19.916,65.000,19.916,-14.838,-233.941,-88.285,5.078,-168.941,-68.369
1720,Cell Mounting Tape-1,structure,29.032,-189.380,-163.241,-87.898,6.350,4.000,1.143,-192.555,-165.241,-88.470,-186.205,-161.241,-87.327
1721,Cell Mounting Tape-1,structure,29.032,-168.880,-105.941,-87.898,6.350,4.000,1.143,-172.055,-107.941,-88.470,-165.705,-103.941,-87.327
1722,LG INR18650 MJ1-1,cell,17259.578,-148.380,-201.441,-78.327,19.916,65.000,19.916,-158.338,-233.941,-88.285,-138.422,-168.941,-68.369
1723,Cell Mounting Tape-1,structure,29.032,-107.380,-229.941,-87.898,6.350,4.000,1.143,-110.555,-231.941,-88.470,-104.205,-227.941,-87.327
1724,Tab Solder-1,busbar,62.918,-45.880,-234.341,-89.270,16.900,2.400,1.600,-54.330,-235.541,-90.070,-37.430,-233.141,-88.470
1725,Cell Mounting Tape-1,structure,29.032,-45.880,-172.641,-87.898,6.350,4.000,1.143,-49.055,-174.641,-88.470,-42.705,-170.641,-87.327
1726,Cell Mounting Tape-1,structure,29.032,-230.380,-105.941,-87.898,6.350,4.000,1.143,-233.555,-107.941,-88.470,-227.205,-103.941,-87.327
1727,Cell Mounting Tape-1,structure,29.032,-230.380,-229.941,-87.898,6.350,4.000,1.143,-233.555,-231.941,-88.470,-227.205,-227.941,-87.327
1728,LG INR18650 MJ1-1,cell,17259.578,-189.380,-134.441,-78.327,19.916,65.000,19.916,-199.338,-166.941,-88.285,-179.422,-101.941,-68.369
1729,Tab Solder-1,busbar,62.918,-66.380,-101.541,-89.270,16.900,2.400,1.600,-74.830,-102.741,-90.070,-57.930,-100.341,-88.470
1730,LG INR18650 MJ1-1,cell,17259.578,-230.380,-201.441,-78.327,19.916,65.000,19.916,-240.338,-233.941,-88.285,-220.422,-168.941,-68.369
1731,Tab Sheet-1,busbar,461.398,-113.149,-234.246,-84.994,258.758,0.203,10.000,-242.009,-234.348,-90.470,16.748,-234.145,-80.470
1732,LG INR18650 MJ1-1,cell,17259.578,-25.380,-201.441,-78.327,19.916,65.000,19.916,-35.338,-233.941,-88.285,-15.422,-168.941,-68.369
1733,Cell Mounting Tape-1,structure,29.032,-168.880,-229.941,-87.898,6.350,4.000,1.143,-172.055,-231.941,-88.470,-165.705,-227.941,-87.327
1734,Tab Solder-1,busbar,62.918,-209.880,-234.341,-89.270,16.900,2.400,1.600,-218.330,-235.541,-90.070,-201.430,-233.141,-88.470
1735,Cell Mounting Tape-1,structure,29.032,-107.380,-163.241,-87.898,6.350,4.000,1.143,-110.555,-165.241,-88.470,-104.205,-161.241,-87.327
1736,Cell Mounting Tape-1,structure,29.032,-86.880,-105.941,-87.898,6.350,4.000,1.143,-90.055,-107.941,-88.470,-83.705,-103.941,-87.327
1737,Tab Sheet-1,busbar,461.398,-113.149,-101.840,-84.994,258.758,0.203,10.000,-242.009,-101.941,-90.470,16.748,-101.738,-80.470
1738,Tab Solder-1,busbar,62.918,-45.880,-101.541,-89.270,16.900,2.400,1.600,-54.330,-102.741,-90.070,-37.430,-100.341,-88.470
1739,Tab Sheet-1,busbar,461.398,-113.149,-168.840,-84.994,258.758,0.203,10.000,-242.009,-168.941,-90.470,16.748,-168.738,-80.470
1740,7792-1__NONE,other,206.066,-248.457,-164.131,-85.112,11.547,9.696,13.043,-253.600,-168.979,-93.569,-242.053,-159.284,-80.526
1741,90183A214_Washer for Blind Rivets-1,fastener,86.804,-252.556,-164.131,-79.470,1.651,9.525,9.525,-253.381,-168.894,-84.232,-251.730,-159.369,-74.707
1742,7461111-1__1,other,762.098,-248.412,-164.131,-83.151,9.000,9.000,17.500,-251.730,-168.631,-91.970,-242.730,-159.631,-74.470
1743,Cell Mounting Tape-1,structure,29.032,-66.380,-229.941,-87.898,6.350,4.000,1.143,-69.555,-231.941,-88.470,-63.205,-227.941,-87.327
1744,Tab Solder-1,busbar,62.918,-25.380,-167.941,-89.270,16.900,2.400,1.600,-33.830,-169.141,-90.070,-16.930,-166.741,-88.470
1745,Cell Mounting Tape-1,structure,29.032,-86.880,-229.941,-87.898,6.350,4.000,1.143,-90.055,-231.941,-88.470,-83.705,-227.941,-87.327
1746,Tab Solder-1,busbar,62.918,-107.380,-234.341,-89.270,16.900,2.400,1.600,-115.830,-235.541,-90.070,-98.930,-233.141,-88.470
1747,Tab Solder-1,busbar,62.918,-4.880,-234.341,-89.270,16.900,2.400,1.600,-13.330,-235.541,-90.070,3.570,-233.141,-88.470
1748,705510072-1__Imported1,other,440.432,-247.152,-152.669,-85.909,13.589,11.428,10.795,-254.130,-158.415,-92.280,-240.541,-146.988,-81.485
1749,Tab Solder-1,busbar,62.918,-4.880,-101.541,-89.270,16.900,2.400,1.600,-13.330,-102.741,-90.070,3.570,-100.341,-88.470
1750,Tab Solder-1,busbar,62.918,-66.380,-234.341,-89.270,16.900,2.400,1.600,-74.830,-235.541,-90.070,-57.930,-233.141,-88.470
1751,Tab Solder-1,busbar,62.918,-25.380,-234.341,-89.270,16.900,2.400,1.600,-33.830,-235.541,-90.070,-16.930,-233.141,-88.470
1752,Cell Mounting Tape-1,structure,29.032,-4.880,-229.941,-87.898,6.350,4.000,1.143,-8.055,-231.941,-88.470,-1.705,-227.941,-87.327
1753,90183A214_Washer for Blind Rivets-1,fastener,86.804,27.545,-207.941,-79.470,1.651,9.525,9.525,26.720,-212.704,-84.232,28.371,-203.179,-74.707
1754,7461111-1__1,other,762.098,23.401,-207.941,-83.151,9.000,9.000,17.500,17.720,-212.441,-91.970,26.720,-203.441,-74.470
1755,7792-1__NONE,other,206.066,23.446,-207.941,-85.112,11.547,9.696,13.043,17.042,-212.789,-93.569,28.589,-203.094,-80.526
1756,LG INR18650 MJ1-1,cell,17259.578,-107.380,-134.441,-78.327,19.916,65.000,19.916,-117.338,-166.941,-88.285,-97.422,-101.941,-68.369
1757,Module Spacer-1,structure,72657.225,-18.783,-167.987,-74.806,160.429,159.686,25.292,-117.650,-247.784,-88.489,42.780,-88.098,-63.197
1758,Module Spacer-1,structure,65797.381,-209.552,-167.993,-74.658,165.275,159.671,179.703,-282.894,-247.777,-172.676,-117.619,-88.106,7.027
1759,Cell Mounting Tape-1,structure,29.032,-189.380,-105.941,-87.898,6.350,4.000,1.143,-192.555,-107.941,-88.470,-186.205,-103.941,-87.327
1760,Tab Solder-1,busbar,62.918,-86.880,-101.541,-89.270,16.900,2.400,1.600,-95.330,-102.741,-90.070,-78.430,-100.341,-88.470
1761,Cell Mounting Tape-1,structure,29.032,-209.880,-172.641,-87.898,6.350,4.000,1.143,-213.055,-174.641,-88.470,-206.705,-170.641,-87.327
1762,LG INR18650 MJ1-1,cell,17259.578,-230.380,-134.441,-78.327,19.916,65.000,19.916,-240.338,-166.941,-88.285,-220.422,-101.941,-68.369
1763,Cell Mounting Tape-1,structure,29.032,-127.880,-229.941,-87.898,6.350,4.000,1.143,-131.055,-231.941,-88.470,-124.705,-227.941,-87.327
1764,Cell Mounting Tape-1,structure,29.032,-209.880,-163.241,-87.898,6.350,4.000,1.143,-213.055,-165.241,-88.470,-206.705,-161.241,-87.327
1765,Divider Board-1,structure,32215.758,-109.985,-168.996,-89.270,298.250,158.000,1.600,-261.630,-246.941,-90.070,36.620,-88.941,-88.470
1766,NCU18WB473D6SRB-1,other,0.969,-168.880,-134.441,-88.070,1.600,0.800,0.800,-169.680,-134.841,-88.470,-168.080,-134.041,-87.670
1767,Tab Solder-1,busbar,62.918,-127.880,-101.541,-89.270,16.900,2.400,1.600,-136.330,-102.741,-90.070,-119.430,-100.341,-88.470
1768,Cell Mounting Tape-1,structure,29.032,-56.130,-163.241,-314.698,6.350,4.000,1.143,-59.305,-165.241,-315.270,-52.955,-161.241,-314.127
1769,LG INR18650 MJ1-1,cell,17259.578,-138.130,-201.441,-305.127,19.916,65.000,19.916,-148.088,-233.941,-315.085,-128.172,-168.941,-295.169
1770,Tab Solder-1,busbar,62.918,5.370,-234.341,-316.070,16.900,2.400,1.600,-3.080,-235.541,-316.870,13.820,-233.141,-315.270
1771,Cell Mounting Tape-1,structure,29.032,5.370,-229.941,-314.698,6.350,4.000,1.143,2.195,-231.941,-315.270,8.545,-227.941,-314.127
1772,705510075-1__Imported1,other,710.957,-246.851,-179.372,-312.568,13.589,19.048,10.795,-254.130,-188.895,-319.080,-240.541,-169.848,-308.285
1773,Cell Mounting Tape-1,structure,29.032,-199.630,-163.241,-314.698,6.350,4.000,1.143,-202.805,-165.241,-315.270,-196.455,-161.241,-314.127
1774,Tab Solder-1,busbar,62.918,-138.130,-101.541,-316.070,16.900,2.400,1.600,-146.580,-102.741,-316.870,-129.680,-100.341,-315.270
1775,LG INR18650 MJ1-1,cell,17259.578,-76.630,-201.441,-305.127,19.916,65.000,19.916,-86.588,-233.941,-315.085,-66.672,-168.941,-295.169
1776,LG INR18650 MJ1-1,cell,17259.578,-199.630,-134.441,-305.127,19.916,65.000,19.916,-209.588,-166.941,-315.085,-189.672,-101.941,-295.169
1777,Cell Mounting Tape-1,structure,29.032,-179.130,-229.941,-314.698,6.350,4.000,1.143,-182.305,-231.941,-315.270,-175.955,-227.941,-314.127
1778,Tab Sheet-1,busbar,461.398,-111.861,-168.637,-311.794,258.758,0.203,10.000,-241.759,-168.738,-317.270,16.998,-168.535,-307.270
1779,LG INR18650 MJ1-1,cell,17259.578,-199.630,-201.441,-305.127,19.916,65.000,19.916,-209.588,-233.941,-315.085,-189.672,-168.941,-295.169
1780,Tab Solder-1,busbar,62.918,-15.130,-101.541,-316.070,16.900,2.400,1.600,-23.580,-102.741,-316.870,-6.680,-100.341,-315.270
1781,Tab Sheet-1,busbar,461.398,-111.861,-234.246,-311.794,258.758,0.203,10.000,-241.759,-234.348,-317.270,16.998,-234.145,-307.270
1782,Cell Mounting Tape-1,structure,29.032,-15.130,-172.641,-314.698,6.350,4.000,1.143,-18.305,-174.641,-315.270,-11.955,-170.641,-314.127
1783,Tab Solder-1,busbar,62.918,-15.130,-167.941,-316.070,16.900,2.400,1.600,-23.580,-169.141,-316.870,-6.680,-166.741,-315.270
1784,LG INR18650 MJ1-1,cell,17259.578,-220.130,-201.441,-305.127,19.916,65.000,19.916,-230.088,-233.941,-315.085,-210.172,-168.941,-295.169
1785,Cell Mounting Tape-1,structure,29.032,5.370,-163.241,-314.698,6.350,4.000,1.143,2.195,-165.241,-315.270,8.545,-161.241,-314.127
1786,LG INR18650 MJ1-1,cell,17259.578,-15.130,-201.441,-305.127,19.916,65.000,19.916,-25.088,-233.941,-315.085,-5.172,-168.941,-295.169
1787,Tab Sheet-1,busbar,461.398,-111.861,-167.246,-311.794,258.758,0.203,10.000,-241.759,-167.348,-317.270,16.998,-167.145,-307.270
1788,Cell Mounting Tape-1,structure,29.032,-138.130,-229.941,-314.698,6.350,4.000,1.143,-141.305,-231.941,-315.270,-134.955,-227.941,-314.127
1789,Cell Mounting Tape-1,structure,29.032,-76.630,-172.641,-314.698,6.350,4.000,1.143,-79.805,-174.641,-315.270,-73.455,-170.641,-314.127
1790,Cell Mounting Tape-1,structure,29.032,-117.630,-105.941,-314.698,6.350,4.000,1.143,-120.805,-107.941,-315.270,-114.455,-103.941,-314.127
1791,705510072-1__Imported1,other,440.432,22.141,-183.214,-312.709,13.589,11.428,10.795,15.531,-188.895,-319.080,29.120,-177.468,-308.285
1792,Tab Solder-1,busbar,62.918,-199.630,-167.941,-316.070,16.900,2.400,1.600,-208.080,-169.141,-316.870,-191.180,-166.741,-315.270
1793,Tab Solder-1,busbar,62.918,-138.130,-234.341,-316.070,16.900,2.400,1.600,-146.580,-235.541,-316.870,-129.680,-233.141,-315.270
1794,Tab Solder-1,busbar,62.918,-35.630,-167.941,-316.070,16.900,2.400,1.600,-44.080,-169.141,-316.870,-27.180,-166.741,-315.270
1795,Cell Mounting Tape-1,structure,29.032,-138.130,-172.641,-314.698,6.350,4.000,1.143,-141.305,-174.641,-315.270,-134.955,-170.641,-314.127
1796,Cell Mounting Tape-1,structure,29.032,-158.630,-229.941,-314.698,6.350,4.000,1.143,-161.805,-231.941,-315.270,-155.455,-227.941,-314.127
1797,LG INR18650 MJ1-1,cell,17259.578,-179.130,-134.441,-305.127,19.916,65.000,19.916,-189.088,-166.941,-315.085,-169.172,-101.941,-295.169
1798,Tab Solder-1,busbar,62.918,-15.130,-234.341,-316.070,16.900,2.400,1.600,-23.580,-235.541,-316.870,-6.680,-233.141,-315.270
1799,LG INR18650 MJ1-1,cell,17259.578,-56.130,-134.441,-305.127,19.916,65.000,19.916,-66.088,-166.941,-315.085,-46.172,-101.941,-295.169
1800,Cell Mounting Tape-1,structure,29.032,-97.130,-105.941,-314.698,6.350,4.000,1.143,-100.305,-107.941,-315.270,-93.955,-103.941,-314.127
1801,Cell Mounting Tape-1,structure,29.032,-97.130,-163.241,-314.698,6.350,4.000,1.143,-100.305,-165.241,-315.270,-93.955,-161.241,-314.127
1802,Cell Mounting Tape-1,structure,29.032,-76.630,-163.241,-314.698,6.350,4.000,1.143,-79.805,-165.241,-315.270,-73.455,-161.241,-314.127
1803,Tab Solder-1,busbar,62.918,-76.630,-234.341,-316.070,16.900,2.400,1.600,-85.080,-235.541,-316.870,-68.180,-233.141,-315.270
1804,Tab Solder-1,busbar,62.918,-199.630,-234.341,-316.070,16.900,2.400,1.600,-208.080,-235.541,-316.870,-191.180,-233.141,-315.270
1805,Cell Mounting Tape-1,structure,29.032,-220.130,-229.941,-314.698,6.350,4.000,1.143,-223.305,-231.941,-315.270,-216.955,-227.941,-314.127
1806,Cell Mounting Tape-1,structure,29.032,-76.630,-229.941,-314.698,6.350,4.000,1.143,-79.805,-231.941,-315.270,-73.455,-227.941,-314.127
1807,LG INR18650 MJ1-1,cell,17259.578,-97.130,-134.441,-305.127,19.916,65.000,19.916,-107.088,-166.941,-315.085,-87.172,-101.941,-295.169
1808,Tab Solder-1,busbar,62.918,-35.630,-101.541,-316.070,16.900,2.400,1.600,-44.080,-102.741,-316.870,-27.180,-100.341,-315.270
1809,90183A214_Washer for Blind Rivets-1,fastener,86.804,27.545,-207.941,-306.270,1.651,9.525,9.525,26.720,-212.704,-311.032,28.371,-203.179,-301.507
1810,7461111-1__1,other,762.098,23.401,-207.941,-309.951,9.000,9.000,17.500,17.720,-212.441,-318.770,26.720,-203.441,-301.270
1811,7792-1__NONE,other,206.066,23.446,-207.941,-311.912,11.547,9.696,13.043,17.042,-212.789,-320.369,28.589,-203.094,-307.326
1812,NCU18WB473D6SRB-1,other,0.969,-233.005,-159.441,-317.270,1.656,1.656,0.800,-233.833,-160.269,-317.670,-232.178,-158.614,-316.870
1813,7461111-1__1,other,762.098,23.401,-127.941,-309.951,9.000,9.000,17.500,17.720,-132.441,-318.770,26.720,-123.441,-301.270
1814,90183A214_Washer for Blind Rivets-1,fastener,86.804,27.545,-127.941,-306.270,1.651,9.525,9.525,26.720,-132.704,-311.032,28.371,-123.179,-301.507
1815,7792-1__NONE,other,206.066,23.446,-127.941,-311.912,11.547,9.696,13.043,17.042,-132.789,-320.369,28.589,-123.094,-307.326
1816,Module Spacer-1,structure,72657.225,-206.228,-167.896,-301.606,160.429,159.686,25.292,-267.790,-247.784,-315.289,-107.361,-88.098,-289.997
1817,Module Spacer-1,structure,65797.381,-15.459,-167.889,-301.458,165.275,159.671,179.703,-107.392,-247.777,-399.476,57.883,-88.106,-219.773
1818,Cell Mounting Tape-1,structure,29.032,-179.130,-172.641,-314.698,6.350,4.000,1.143,-182.305,-174.641,-315.270,-175.955,-170.641,-314.127
1819,Cell Mounting Tape-1,structure,29.032,-220.130,-172.641,-314.698,6.350,4.000,1.143,-223.305,-174.641,-315.270,-216.955,-170.641,-314.127
1820,Tab Solder-1,busbar,62.918,-117.630,-101.541,-316.070,16.900,2.400,1.600,-126.080,-102.741,-316.870,-109.180,-100.341,-315.270
1821,LG INR18650 MJ1-1,cell,17259.578,-179.130,-201.441,-305.127,19.916,65.000,19.916,-189.088,-233.941,-315.085,-169.172,-168.941,-295.169
1822,Tab Solder-1,busbar,62.918,-179.130,-234.341,-316.070,16.900,2.400,1.600,-187.580,-235.541,-316.870,-170.680,-233.141,-315.270
1823,Tab Solder-1,busbar,62.918,-179.130,-167.941,-316.070,16.900,2.400,1.600,-187.580,-169.141,-316.870,-170.680,-166.741,-315.270
1824,Tab Solder-1,busbar,62.918,-97.130,-234.341,-316.070,16.900,2.400,1.600,-105.580,-235.541,-316.870,-88.680,-233.141,-315.270
1825,Cell Mounting Tape-1,structure,29.032,-35.630,-172.641,-314.698,6.350,4.000,1.143,-38.805,-174.641,-315.270,-32.455,-170.641,-314.127
1826,Tab Solder-1,busbar,62.918,-117.630,-234.341,-316.070,16.900,2.400,1.600,-126.080,-235.541,-316.870,-109.180,-233.141,-315.270
1827,Cell Mounting Tape-1,structure,29.032,-220.130,-105.941,-314.698,6.350,4.000,1.143,-223.305,-107.941,-315.270,-216.955,-103.941,-314.127
1828,Cell Mounting Tape-1,structure,29.032,-15.130,-163.241,-314.698,6.350,4.000,1.143,-18.305,-165.241,-315.270,-11.955,-161.241,-314.127
1829,LG INR18650 MJ1-1,cell,17259.578,-158.630,-201.441,-305.127,19.916,65.000,19.916,-168.588,-233.941,-315.085,-148.672,-168.941,-295.169
1830,Cell Mounting Tape-1,structure,29.032,5.370,-172.641,-314.698,6.350,4.000,1.143,2.195,-174.641,-315.270,8.545,-170.641,-314.127
1831,LG INR18650 MJ1-1,cell,17259.578,-117.630,-134.441,-305.127,19.916,65.000,19.916,-127.588,-166.941,-315.085,-107.672,-101.941,-295.169
1832,Tab Solder-1,busbar,62.918,-76.630,-167.941,-316.070,16.900,2.400,1.600,-85.080,-169.141,-316.870,-68.180,-166.741,-315.270
1833,Tab Solder-1,busbar,62.918,-56.130,-101.541,-316.070,16.900,2.400,1.600,-64.580,-102.741,-316.870,-47.680,-100.341,-315.270
1834,LG INR18650 MJ1-1,cell,17259.578,-220.130,-134.441,-305.127,19.916,65.000,19.916,-230.088,-166.941,-315.085,-210.172,-101.941,-295.169
1835,Tab Sheet-1,busbar,461.398,-111.861,-234.043,-311.794,258.758,0.203,10.000,-241.759,-234.145,-317.270,16.998,-233.941,-307.270
1836,Tab Solder-1,busbar,62.918,-117.630,-167.941,-316.070,16.900,2.400,1.600,-126.080,-169.141,-316.870,-109.180,-166.741,-315.270
1837,NCU18WB473D6SRB-1,other,0.969,-56.130,-201.441,-314.870,1.600,0.800,0.800,-56.930,-201.841,-315.270,-55.330,-201.041,-314.470
1838,LG INR18650 MJ1-1,cell,17259.578,-56.130,-201.441,-305.127,19.916,65.000,19.916,-66.088,-233.941,-315.085,-46.172,-168.941,-295.169
1839,Tab Solder-1,busbar,62.918,-97.130,-167.941,-316.070,16.900,2.400,1.600,-105.580,-169.141,-316.870,-88.680,-166.741,-315.270
1840,Cell Mounting Tape-1,structure,29.032,-117.630,-163.241,-314.698,6.350,4.000,1.143,-120.805,-165.241,-315.270,-114.455,-161.241,-314.127
1841,Tab Solder-1,busbar,62.918,-179.130,-101.541,-316.070,16.900,2.400,1.600,-187.580,-102.741,-316.870,-170.680,-100.341,-315.270
1842,LG INR18650 MJ1-1,cell,17259.578,-76.630,-134.441,-305.127,19.916,65.000,19.916,-86.588,-166.941,-315.085,-66.672,-101.941,-295.169
1843,LG INR18650 MJ1-1,cell,17259.578,-117.630,-201.441,-305.127,19.916,65.000,19.916,-127.588,-233.941,-315.085,-107.672,-168.941,-295.169
1844,Tab Solder-1,busbar,62.918,-220.130,-101.541,-316.070,16.900,2.400,1.600,-228.580,-102.741,-316.870,-211.680,-100.341,-315.270
1845,Tab Solder-1,busbar,62.918,-158.630,-167.941,-316.070,16.900,2.400,1.600,-167.080,-169.141,-316.870,-150.180,-166.741,-315.270
1846,Cell Mounting Tape-1,structure,29.032,-35.630,-105.941,-314.698,6.350,4.000,1.143,-38.805,-107.941,-315.270,-32.455,-103.941,-314.127
1847,Cell Mounting Tape-1,structure,29.032,-15.130,-105.941,-314.698,6.350,4.000,1.143,-18.305,-107.941,-315.270,-11.955,-103.941,-314.127
1848,Tab Solder-1,busbar,62.918,-35.630,-234.341,-316.070,16.900,2.400,1.600,-44.080,-235.541,-316.870,-27.180,-233.141,-315.270
1849,Cell Mounting Tape-1,structure,29.032,-158.630,-172.641,-314.698,6.350,4.000,1.143,-161.805,-174.641,-315.270,-155.455,-170.641,-314.127
1850,Tab Sheet-1,busbar,461.398,-111.861,-101.637,-311.794,258.758,0.203,10.000,-241.759,-101.738,-317.270,16.998,-101.535,-307.270
1851,Tab Solder-1,busbar,62.918,-76.630,-101.541,-316.070,16.900,2.400,1.600,-85.080,-102.741,-316.870,-68.180,-100.341,-315.270
1852,Tab Solder-1,busbar,62.918,-199.630,-101.541,-316.070,16.900,2.400,1.600,-208.080,-102.741,-316.870,-191.180,-100.341,-315.270
1853,Cell Mounting Tape-1,structure,29.032,-158.630,-105.941,-314.698,6.350,4.000,1.143,-161.805,-107.941,-315.270,-155.455,-103.941,-314.127
1854,Cell Mounting Tape-1,structure,29.032,-56.130,-105.941,-314.698,6.350,4.000,1.143,-59.305,-107.941,-315.270,-52.955,-103.941,-314.127
1855,Tab Sheet-1,busbar,461.398,-111.861,-167.043,-311.794,258.758,0.203,10.000,-241.759,-167.145,-317.270,16.998,-166.941,-307.270
1856,705510072-1__Imported1,other,440.432,-247.152,-152.669,-312.709,13.589,11.428,10.795,-254.130,-158.415,-319.080,-240.541,-146.988,-308.285
1857,Tab Solder-1,busbar,62.918,-158.630,-234.341,-316.070,16.900,2.400,1.600,-167.080,-235.541,-316.870,-150.180,-233.141,-315.270
1858,Cell Mounting Tape-1,structure,29.032,-35.630,-163.241,-314.698,6.350,4.000,1.143,-38.805,-165.241,-315.270,-32.455,-161.241,-314.127
1859,LG INR18650 MJ1-1,cell,17259.578,5.370,-134.441,-305.127,19.916,65.000,19.916,-4.588,-166.941,-315.085,15.328,-101.941,-295.169
1860,7792-1__NONE,other,206.066,-248.457,-127.941,-311.912,11.547,9.696,13.043,-253.600,-132.789,-320.369,-242.053,-123.094,-307.326
1861,7461111-1__1,other,762.098,-248.412,-127.941,-309.951,9.000,9.000,17.500,-251.730,-132.441,-318.770,-242.730,-123.441,-301.270
1862,90183A214_Washer for Blind Rivets-1,fastener,86.804,-252.556,-127.941,-306.270,1.651,9.525,9.525,-253.381,-132.704,-311.032,-251.730,-123.179,-301.507
1863,Tab Solder-1,busbar,62.918,-56.130,-167.941,-316.070,16.900,2.400,1.600,-64.580,-169.141,-316.870,-47.680,-166.741,-315.270
1864,LG INR18650 MJ1-1,cell,17259.578,-35.630,-201.441,-305.127,19.916,65.000,19.916,-45.588,-233.941,-315.085,-25.672,-168.941,-295.169
1865,Cell Mounting Tape-1,structure,29.032,-35.630,-229.941,-314.698,6.350,4.000,1.143,-38.805,-231.941,-315.270,-32.455,-227.941,-314.127
1866,V_r Connection-1,busbar,99.053,-110.553,-169.896,-317.251,255.447,6.541,0.762,-239.658,-171.439,-317.632,15.788,-164.898,-316.870
1867,V_r Connection-1,busbar,19.101,-110.572,-169.872,-317.251,256.610,8.997,0.305,-240.628,-172.409,-317.403,15.982,-163.412,-317.098
1868,Tab Solder-1,busbar,62.918,-158.630,-101.541,-316.070,16.900,2.400,1.600,-167.080,-102.741,-316.870,-150.180,-100.341,-315.270
1869,705510075-1__Imported1,other,710.957,21.840,-156.511,-312.568,13.589,19.048,10.795,15.531,-166.035,-319.080,29.120,-146.988,-308.285
1870,Cell Mounting Tape-1,structure,29.032,-138.130,-163.241,-314.698,6.350,4.000,1.143,-141.305,-165.241,-315.270,-134.955,-161.241,-314.127
1871,Divider Board-1,structure,32215.758,-115.026,-166.887,-316.070,298.250,158.000,1.600,-261.630,-246.941,-316.870,36.620,-88.941,-315.270
1872,Cell Mounting Tape-1,structure,29.032,-179.130,-163.241,-314.698,6.350,4.000,1.143,-182.305,-165.241,-315.270,-175.955,-161.241,-314.127
1873,Tab Solder-1,busbar,62.918,-97.130,-101.541,-316.070,16.900,2.400,1.600,-105.580,-102.741,-316.870,-88.680,-100.341,-315.270
1874,7792-1__NONE,other,206.066,-248.457,-164.131,-311.912,11.547,9.696,13.043,-253.600,-168.979,-320.369,-242.053,-159.284,-307.326
1875,7461111-1__1,other,762.098,-248.412,-164.131,-309.951,9.000,9.000,17.500,-251.730,-168.631,-318.770,-242.730,-159.631,-301.270
1876,90183A214_Washer for Blind Rivets-1,fastener,86.804,-252.556,-164.131,-306.270,1.651,9.525,9.525,-253.381,-168.894,-311.032,-251.730,-159.369,-301.507
1877,Cell Mounting Tape-1,structure,29.032,-97.130,-172.641,-314.698,6.350,4.000,1.143,-100.305,-174.641,-315.270,-93.955,-170.641,-314.127
1878,Cell Mounting Tape-1,structure,29.032,5.370,-105.941,-314.698,6.350,4.000,1.143,2.195,-107.941,-315.270,8.545,-103.941,-314.127
1879,Cell Mounting Tape-1,structure,29.032,-56.130,-229.941,-314.698,6.350,4.000,1.143,-59.305,-231.941,-315.270,-52.955,-227.941,-314.127
1880,LG INR18650 MJ1-1,cell,17259.578,-35.630,-134.441,-305.127,19.916,65.000,19.916,-45.588,-166.941,-315.085,-25.672,-101.941,-295.169
1881,NCU18WB473D6SRB-1,other,0.969,-158.630,-201.441,-314.870,1.600,0.800,0.800,-159.430,-201.841,-315.270,-157.830,-201.041,-314.470
1882,LG INR18650 MJ1-1,cell,17259.578,-97.130,-201.441,-305.127,19.916,65.000,19.916,-107.088,-233.941,-315.085,-87.172,-168.941,-295.169
1883,Tab Solder-1,busbar,62.918,-138.130,-167.941,-316.070,16.900,2.400,1.600,-146.580,-169.141,-316.870,-129.680,-166.741,-315.270
1884,Tab Sheet-1,busbar,461.398,-111.861,-101.840,-311.794,258.758,0.203,10.000,-241.759,-101.941,-317.270,16.998,-101.738,-307.270
1885,Cell Mounting Tape-1,structure,29.032,-56.130,-172.641,-314.698,6.350,4.000,1.143,-59.305,-174.641,-315.270,-52.955,-170.641,-314.127
1886,Cell Mounting Tape-1,structure,29.032,-220.130,-163.241,-314.698,6.350,4.000,1.143,-223.305,-165.241,-315.270,-216.955,-161.241,-314.127
1887,NCU18WB473D6SRB-1,other,0.969,-158.630,-134.441,-314.870,1.600,0.800,0.800,-159.430,-134.841,-315.270,-157.830,-134.041,-314.470
1888,7792-1__NONE,other,206.066,-248.457,-207.941,-311.912,11.547,9.696,13.043,-253.600,-212.789,-320.369,-242.053,-203.094,-307.326
1889,7461111-1__1,other,762.098,-248.412,-207.941,-309.951,9.000,9.000,17.500,-251.730,-212.441,-318.770,-242.730,-203.441,-301.270
1890,90183A214_Washer for Blind Rivets-1,fastener,86.804,-252.556,-207.941,-306.270,1.651,9.525,9.525,-253.381,-212.704,-311.032,-251.730,-203.179,-301.507
1891,Cell Mounting Tape-1,structure,29.032,-199.630,-172.641,-314.698,6.350,4.000,1.143,-202.805,-174.641,-315.270,-196.455,-170.641,-314.127
1892,Cell Mounting Tape-1,structure,29.032,-76.630,-105.941,-314.698,6.350,4.000,1.143,-79.805,-107.941,-315.270,-73.455,-103.941,-314.127
1893,Tab Solder-1,busbar,62.918,5.370,-167.941,-316.070,16.900,2.400,1.600,-3.080,-169.141,-316.870,13.820,-166.741,-315.270
1894,Cell Mounting Tape-1,structure,29.032,-199.630,-105.941,-314.698,6.350,4.000,1.143,-202.805,-107.941,-315.270,-196.455,-103.941,-314.127
1895,LG INR18650 MJ1-1,cell,17259.578,-158.630,-134.441,-305.127,19.916,65.000,19.916,-168.588,-166.941,-315.085,-148.672,-101.941,-295.169
1896,Cell Mounting Tape-1,structure,29.032,-117.630,-172.641,-314.698,6.350,4.000,1.143,-120.805,-174.641,-315.270,-114.455,-170.641,-314.127
1897,LG INR18650 MJ1-1,cell,17259.578,-138.130,-134.441,-305.127,19.916,65.000,19.916,-148.088,-166.941,-315.085,-128.172,-101.941,-295.169
1898,90183A214_Washer for Blind Rivets-1,fastener,86.804,27.545,-171.751,-306.270,1.651,9.525,9.525,26.720,-176.514,-311.032,28.371,-166.989,-301.507
1899,7792-1__NONE,other,206.066,23.446,-171.751,-311.912,11.547,9.696,13.043,17.042,-176.599,-320.369,28.589,-166.904,-307.326
1900,7461111-1__1,other,762.098,23.401,-171.751,-309.951,9.000,9.000,17.500,17.720,-176.251,-318.770,26.720,-167.251,-301.270
1901,Tab Sheet-1,busbar,461.398,-111.861,-168.840,-311.794,258.758,0.203,10.000,-241.759,-168.941,-317.270,16.998,-168.738,-307.270
1902,Cell Mounting Tape-1,structure,29.032,-97.130,-229.941,-314.698,6.350,4.000,1.143,-100.305,-231.941,-315.270,-93.955,-227.941,-314.127
1903,Cell Mounting Tape-1,structure,29.032,-138.130,-105.941,-314.698,6.350,4.000,1.143,-141.305,-107.941,-315.270,-134.955,-103.941,-314.127
1904,Tab Solder-1,busbar,62.918,-220.130,-167.941,-316.070,16.900,2.400,1.600,-228.580,-169.141,-316.870,-211.680,-166.741,-315.270
1905,Cell Mounting Tape-1,structure,29.032,-158.630,-163.241,-314.698,6.350,4.000,1.143,-161.805,-165.241,-315.270,-155.455,-161.241,-314.127
1906,Cell Mounting Tape-1,structure,29.032,-179.130,-105.941,-314.698,6.350,4.000,1.143,-182.305,-107.941,-315.270,-175.955,-103.941,-314.127
1907,Cell Mounting Tape-1,structure,29.032,-15.130,-229.941,-314.698,6.350,4.000,1.143,-18.305,-231.941,-315.270,-11.955,-227.941,-314.127
1908,LG INR18650 MJ1-1,cell,17259.578,-15.130,-134.441,-305.127,19.916,65.000,19.916,-25.088,-166.941,-315.085,-5.172,-101.941,-295.169
1909,Tab Solder-1,busbar,62.918,-56.130,-234.341,-316.070,16.900,2.400,1.600,-64.580,-235.541,-316.870,-47.680,-233.141,-315.270
1910,Cell Mounting Tape-1,structure,29.032,-117.630,-229.941,-314.698,6.350,4.000,1.143,-120.805,-231.941,-315.270,-114.455,-227.941,-314.127
1911,Tab Solder-1,busbar,62.918,5.370,-101.541,-316.070,16.900,2.400,1.600,-3.080,-102.741,-316.870,13.820,-100.341,-315.270
1912,Cell Mounting Tape-1,structure,29.032,-199.630,-229.941,-314.698,6.350,4.000,1.143,-202.805,-231.941,-315.270,-196.455,-227.941,-314.127
1913,Tab Solder-1,busbar,62.918,-220.130,-234.341,-316.070,16.900,2.400,1.600,-228.580,-235.541,-316.870,-211.680,-233.141,-315.270
1914,NCU18WB473D6SRB-1,other,0.969,-56.130,-134.441,-314.870,1.600,0.800,0.800,-56.930,-134.841,-315.270,-55.330,-134.041,-314.470
1915,LG INR18650 MJ1-1,cell,17259.578,5.370,-201.441,-305.127,19.916,65.000,19.916,-4.588,-233.941,-315.085,15.328,-168.941,-295.169
1916,Tab Solder-1,busbar,62.918,-107.380,-234.341,-492.470,16.900,2.400,1.600,-115.830,-235.541,-493.270,-98.930,-233.141,-491.670
1917,LG INR18650 MJ1-1,cell,17259.578,-66.380,-134.441,-481.527,19.916,65.000,19.916,-76.338,-166.941,-491.485,-56.422,-101.941,-471.569
1918,LG INR18650 MJ1-1,cell,17259.578,-4.880,-134.441,-481.527,19.916,65.000,19.916,-14.838,-166.941,-491.485,5.078,-101.941,-471.569
1919,LG INR18650 MJ1-1,cell,17259.578,-45.880,-134.441,-481.527,19.916,65.000,19.916,-55.838,-166.941,-491.485,-35.922,-101.941,-471.569
1920,Cell Mounting Tape-1,structure,29.032,-66.380,-172.641,-491.098,6.350,4.000,1.143,-69.555,-174.641,-491.670,-63.205,-170.641,-490.527
1921,Cell Mounting Tape-1,structure,29.032,-209.880,-163.241,-491.098,6.350,4.000,1.143,-213.055,-165.241,-491.670,-206.705,-161.241,-490.527
1922,Cell Mounting Tape-1,structure,29.032,-189.380,-105.941,-491.098,6.350,4.000,1.143,-192.555,-107.941,-491.670,-186.205,-103.941,-490.527
1923,Tab Sheet-1,busbar,461.398,-113.149,-168.840,-488.194,258.758,0.203,10.000,-242.009,-168.941,-493.670,16.748,-168.738,-483.670
1924,Cell Mounting Tape-1,structure,29.032,-107.380,-163.241,-491.098,6.350,4.000,1.143,-110.555,-165.241,-491.670,-104.205,-161.241,-490.527
1925,Cell Mounting Tape-1,structure,29.032,-127.880,-172.641,-491.098,6.350,4.000,1.143,-131.055,-174.641,-491.670,-124.705,-170.641,-490.527
1926,LG INR18650 MJ1-1,cell,17259.578,-209.880,-201.441,-481.527,19.916,65.000,19.916,-219.838,-233.941,-491.485,-199.922,-168.941,-471.569
1927,Cell Mounting Tape-1,structure,29.032,-107.380,-172.641,-491.098,6.350,4.000,1.143,-110.555,-174.641,-491.670,-104.205,-170.641,-490.527
1928,Cell Mounting Tape-1,structure,29.032,-168.880,-229.941,-491.098,6.350,4.000,1.143,-172.055,-231.941,-491.670,-165.705,-227.941,-490.527
1929,LG INR18650 MJ1-1,cell,17259.578,-189.380,-134.441,-481.527,19.916,65.000,19.916,-199.338,-166.941,-491.485,-179.422,-101.941,-471.569
1930,Tab Sheet-1,busbar,461.398,-113.149,-234.246,-488.194,258.758,0.203,10.000,-242.009,-234.348,-493.670,16.748,-234.145,-483.670
1931,Tab Solder-1,busbar,62.918,-209.880,-167.941,-492.470,16.900,2.400,1.600,-218.330,-169.141,-493.270,-201.430,-166.741,-491.670
1932,Tab Sheet-1,busbar,461.398,-113.149,-234.043,-488.194,258.758,0.203,10.000,-242.009,-234.145,-493.670,16.748,-233.941,-483.670
1933,Tab Sheet-1,busbar,461.398,-113.149,-167.043,-488.194,258.758,0.203,10.000,-242.009,-167.145,-493.670,16.748,-166.941,-483.670
1934,Tab Solder-1,busbar,62.918,-230.380,-234.341,-492.470,16.900,2.400,1.600,-238.830,-235.541,-493.270,-221.930,-233.141,-491.670
1935,Cell Mounting Tape-1,structure,29.032,-45.880,-172.641,-491.098,6.350,4.000,1.143,-49.055,-174.641,-491.670,-42.705,-170.641,-490.527
1936,Tab Solder-1,busbar,62.918,-148.380,-167.941,-492.470,16.900,2.400,1.600,-156.830,-169.141,-493.270,-139.930,-166.741,-491.670
1937,Divider Board-1,structure,32215.758,-109.985,-168.996,-492.470,298.250,158.000,1.600,-261.630,-246.941,-493.270,36.620,-88.941,-491.670
1938,Cell Mounting Tape-1,structure,29.032,-127.880,-105.941,-491.098,6.350,4.000,1.143,-131.055,-107.941,-491.670,-124.705,-103.941,-490.527
1939,Tab Solder-1,busbar,62.918,-209.880,-101.541,-492.470,16.900,2.400,1.600,-218.330,-102.741,-493.270,-201.430,-100.341,-491.670
1940,Cell Mounting Tape-1,structure,29.032,-25.380,-172.641,-491.098,6.350,4.000,1.143,-28.555,-174.641,-491.670,-22.205,-170.641,-490.527
1941,NCU18WB473D6SRB-1,other,0.969,-66.380,-201.441,-491.270,1.600,0.800,0.800,-67.180,-201.841,-491.670,-65.580,-201.041,-490.870
1942,Cell Mounting Tape-1,structure,29.032,-168.880,-172.641,-491.098,6.350,4.000,1.143,-172.055,-174.641,-491.670,-165.705,-170.641,-490.527
1943,Tab Solder-1,busbar,62.918,-148.380,-101.541,-492.470,16.900,2.400,1.600,-156.830,-102.741,-493.270,-139.930,-100.341,-491.670
1944,LG INR18650 MJ1-1,cell,17259.578,-189.380,-201.441,-481.527,19.916,65.000,19.916,-199.338,-233.941,-491.485,-179.422,-168.941,-471.569
1945,Cell Mounting Tape-1,structure,29.032,-230.380,-229.941,-491.098,6.350,4.000,1.143,-233.555,-231.941,-491.670,-227.205,-227.941,-490.527
1946,LG INR18650 MJ1-1,cell,17259.578,-107.380,-134.441,-481.527,19.916,65.000,19.916,-117.338,-166.941,-491.485,-97.422,-101.941,-471.569
1947,Module Spacer-1,structure,72657.225,-18.783,-167.987,-478.006,160.429,159.686,25.292,-117.650,-247.784,-491.689,42.780,-88.098,-466.397
1948,Module Spacer-1,structure,65797.381,-209.552,-167.993,-477.858,165.275,159.671,179.703,-282.894,-247.777,-575.876,-117.619,-88.106,-396.173
1949,Tab Solder-1,busbar,62.918,-66.380,-234.341,-492.470,16.900,2.400,1.600,-74.830,-235.541,-493.270,-57.930,-233.141,-491.670
1950,Cell Mounting Tape-1,structure,29.032,-86.880,-229.941,-491.098,6.350,4.000,1.143,-90.055,-231.941,-491.670,-83.705,-227.941,-490.527
1951,NCU18WB473D6SRB-1,other,0.969,-168.880,-201.441,-491.270,1.600,0.800,0.800,-169.680,-201.841,-491.670,-168.080,-201.041,-490.870
1952,Tab Solder-1,busbar,62.918,-66.380,-167.941,-492.470,16.900,2.400,1.600,-74.830,-169.141,-493.270,-57.930,-166.741,-491.670
1953,Cell Mounting Tape-1,structure,29.032,-66.380,-229.941,-491.098,6.350,4.000,1.143,-69.555,-231.941,-491.670,-63.205,-227.941,-490.527
1954,Cell Mounting Tape-1,structure,29.032,-45.880,-105.941,-491.098,6.350,4.000,1.143,-49.055,-107.941,-491.670,-42.705,-103.941,-490.527
1955,Cell Mounting Tape-1,structure,29.032,-4.880,-163.241,-491.098,6.350,4.000,1.143,-8.055,-165.241,-491.670,-1.705,-161.241,-490.527
1956,NCU18WB473D6SRB-1,other,0.969,-66.380,-134.441,-491.270,1.600,0.800,0.800,-67.180,-134.841,-491.670,-65.580,-134.041,-490.870
1957,Cell Mounting Tape-1,structure,29.032,-25.380,-163.241,-491.098,6.350,4.000,1.143,-28.555,-165.241,-491.670,-22.205,-161.241,-490.527
1958,Cell Mounting Tape-1,structure,29.032,-189.380,-229.941,-491.098,6.350,4.000,1.143,-192.555,-231.941,-491.670,-186.205,-227.941,-490.527
1959,90183A214_Washer for Blind Rivets-1,fastener,86.804,27.545,-171.751,-482.670,1.651,9.525,9.525,26.720,-176.514,-487.432,28.371,-166.989,-477.907
1960,7461111-1__1,other,762.098,23.401,-171.751,-486.351,9.000,9.000,17.500,17.720,-176.251,-495.170,26.720,-167.251,-477.670
1961,7792-1__NONE,other,206.066,23.446,-171.751,-488.312,11.547,9.696,13.043,17.042,-176.599,-496.769,28.589,-166.904,-483.726
1962,LG INR18650 MJ1-1,cell,17259.578,-25.380,-134.441,-481.527,19.916,65.000,19.916,-35.338,-166.941,-491.485,-15.422,-101.941,-471.569
1963,Tab Solder-1,busbar,62.918,-25.380,-101.541,-492.470,16.900,2.400,1.600,-33.830,-102.741,-493.270,-16.930,-100.341,-491.670
1964,Cell Mounting Tape-1,structure,29.032,-189.380,-172.641,-491.098,6.350,4.000,1.143,-192.555,-174.641,-491.670,-186.205,-170.641,-490.527
1965,Cell Mounting Tape-1,structure,29.032,-86.880,-172.641,-491.098,6.350,4.000,1.143,-90.055,-174.641,-491.670,-83.705,-170.641,-490.527
1966,Tab Sheet-1,busbar,461.398,-113.149,-167.246,-488.194,258.758,0.203,10.000,-242.009,-167.348,-493.670,16.748,-167.145,-483.670
1967,Tab Solder-1,busbar,62.918,-127.880,-234.341,-492.470,16.900,2.400,1.600,-136.330,-235.541,-493.270,-119.430,-233.141,-491.670
1968,Tab Solder-1,busbar,62.918,-189.380,-234.341,-492.470,16.900,2.400,1.600,-197.830,-235.541,-493.270,-180.930,-233.141,-491.670
1969,Cell Mounting Tape-1,structure,29.032,-209.880,-229.941,-491.098,6.350,4.000,1.143,-213.055,-231.941,-491.670,-206.705,-227.941,-490.527
1970,Tab Solder-1,busbar,62.918,-4.880,-101.541,-492.470,16.900,2.400,1.600,-13.330,-102.741,-493.270,3.570,-100.341,-491.670
1971,7792-1__NONE,other,206.066,-248.457,-127.941,-488.312,11.547,9.696,13.043,-253.600,-132.789,-496.769,-242.053,-123.094,-483.726
1972,90183A214_Washer for Blind Rivets-1,fastener,86.804,-252.556,-127.941,-482.670,1.651,9.525,9.525,-253.381,-132.704,-487.432,-251.730,-123.179,-477.907
1973,7461111-1__1,other,762.098,-248.412,-127.941,-486.351,9.000,9.000,17.500,-251.730,-132.441,-495.170,-242.730,-123.441,-477.670
1974,LG INR18650 MJ1-1,cell,17259.578,-86.880,-201.441,-481.527,19.916,65.000,19.916,-96.838,-233.941,-491.485,-76.922,-168.941,-471.569
1975,LG INR18650 MJ1-1,cell,17259.578,-86.880,-134.441,-481.527,19.916,65.000,19.916,-96.838,-166.941,-491.485,-76.922,-101.941,-471.569
1976,LG INR18650 MJ1-1,cell,17259.578,-4.880,-201.441,-481.527,19.916,65.000,19.916,-14.838,-233.941,-491.485,5.078,-168.941,-471.569
1977,Cell Mounting Tape-1,structure,29.032,-168.880,-105.941,-491.098,6.350,4.000,1.143,-172.055,-107.941,-491.670,-165.705,-103.941,-490.527
1978,Cell Mounting Tape-1,structure,29.032,-66.380,-105.941,-491.098,6.350,4.000,1.143,-69.555,-107.941,-491.670,-63.205,-103.941,-490.527
1979,NCU18WB473D6SRB-1,other,0.969,7.995,-176.441,-493.670,1.656,1.656,0.800,7.167,-177.269,-494.070,8.822,-175.614,-493.270
1980,Tab Sheet-1,busbar,461.398,-113.149,-168.637,-488.194,258.758,0.203,10.000,-242.009,-168.738,-493.670,16.748,-168.535,-483.670
1981,Cell Mounting Tape-1,structure,29.032,-25.380,-105.941,-491.098,6.350,4.000,1.143,-28.555,-107.941,-491.670,-22.205,-103.941,-490.527
1982,Tab Solder-1,busbar,62.918,-168.880,-167.941,-492.470,16.900,2.400,1.600,-177.330,-169.141,-493.270,-160.430,-166.741,-491.670
1983,Cell Mounting Tape-1,structure,29.032,-4.880,-172.641,-491.098,6.350,4.000,1.143,-8.055,-174.641,-491.670,-1.705,-170.641,-490.527
1984,Cell Mounting Tape-1,structure,29.032,-189.380,-163.241,-491.098,6.350,4.000,1.143,-192.555,-165.241,-491.670,-186.205,-161.241,-490.527
1985,Cell Mounting Tape-1,structure,29.032,-148.380,-105.941,-491.098,6.350,4.000,1.143,-151.555,-107.941,-491.670,-145.205,-103.941,-490.527
1986,705510072-1__Imported1,other,440.432,-247.152,-152.669,-489.109,13.589,11.428,10.795,-254.130,-158.415,-495.480,-240.541,-146.988,-484.685
1987,Tab Solder-1,busbar,62.918,-86.880,-101.541,-492.470,16.900,2.400,1.600,-95.330,-102.741,-493.270,-78.430,-100.341,-491.670
1988,LG INR18650 MJ1-1,cell,17259.578,-148.380,-134.441,-481.527,19.916,65.000,19.916,-158.338,-166.941,-491.485,-138.422,-101.941,-471.569
1989,705510072-1__Imported1,other,440.432,22.141,-183.214,-489.109,13.589,11.428,10.795,15.531,-188.895,-495.480,29.120,-177.468,-484.685
1990,Tab Solder-1,busbar,62.918,-4.880,-234.341,-492.470,16.900,2.400,1.600,-13.330,-235.541,-493.270,3.570,-233.141,-491.670
1991,Cell Mounting Tape-1,structure,29.032,-66.380,-163.241,-491.098,6.350,4.000,1.143,-69.555,-165.241,-491.670,-63.205,-161.241,-490.527
1992,Cell Mounting Tape-1,structure,29.032,-230.380,-172.641,-491.098,6.350,4.000,1.143,-233.555,-174.641,-491.670,-227.205,-170.641,-490.527
1993,Cell Mounting Tape-1,structure,29.032,-168.880,-163.241,-491.098,6.350,4.000,1.143,-172.055,-165.241,-491.670,-165.705,-161.241,-490.527
1994,7792-1__NONE,other,206.066,23.446,-127.941,-488.312,11.547,9.696,13.043,17.042,-132.789,-496.769,28.589,-123.094,-483.726
1995,90183A214_Washer for Blind Rivets-1,fastener,86.804,27.545,-127.941,-482.670,1.651,9.525,9.525,26.720,-132.704,-487.432,28.371,-123.179,-477.907
1996,7461111-1__1,other,762.098,23.401,-127.941,-486.351,9.000,9.000,17.500,17.720,-132.441,-495.170,26.720,-123.441,-477.670
1997,LG INR18650 MJ1-1,cell,17259.578,-107.380,-201.441,-481.527,19.916,65.000,19.916,-117.338,-233.941,-491.485,-97.422,-168.941,-471.569
1998,Cell Mounting Tape-1,structure,29.032,-148.380,-229.941,-491.098,6.350,4.000,1.143,-151.555,-231.941,-491.670,-145.205,-227.941,-490.527
1999,Tab Solder-1,busbar,62.918,-168.880,-234.341,-492.470,16.900,2.400,1.600,-177.330,-235.541,-493.270,-160.430,-233.141,-491.670
2000,Tab Solder-1,busbar,62.918,-127.880,-101.541,-492.470,16.900,2.400,1.600,-136.330,-102.741,-493.270,-119.430,-100.341,-491.670
2001,Cell Mounting Tape-1,structure,29.032,-209.880,-105.941,-491.098,6.350,4.000,1.143,-213.055,-107.941,-491.670,-206.705,-103.941,-490.527
2002,LG INR18650 MJ1-1,cell,17259.578,-168.880,-134.441,-481.527,19.916,65.000,19.916,-178.838,-166.941,-491.485,-158.922,-101.941,-471.569
2003,Cell Mounting Tape-1,structure,29.032,-230.380,-163.241,-491.098,6.350,4.000,1.143,-233.555,-165.241,-491.670,-227.205,-161.241,-490.527
2004,Cell Mounting Tape-1,structure,29.032,-209.880,-172.641,-491.098,6.350,4.000,1.143,-213.055,-174.641,-491.670,-206.705,-170.641,-490.527
2005,Cell Mounting Tape-1,structure,29.032,-148.380,-172.641,-491.098,6.350,4.000,1.143,-151.555,-174.641,-491.670,-145.205,-170.641,-490.527
2006,Cell Mounting Tape-1,structure,29.032,-230.380,-105.941,-491.098,6.350,4.000,1.143,-233.555,-107.941,-491.670,-227.205,-103.941,-490.527
2007,Tab Solder-1,busbar,62.918,-127.880,-167.941,-492.470,16.900,2.400,1.600,-136.330,-169.141,-493.270,-119.430,-166.741,-491.670
2008,Tab Solder-1,busbar,62.918,-230.380,-167.941,-492.470,16.900,2.400,1.600,-238.830,-169.141,-493.270,-221.930,-166.741,-491.670
2009,Tab Solder-1,busbar,62.918,-148.380,-234.341,-492.470,16.900,2.400,1.600,-156.830,-235.541,-493.270,-139.930,-233.141,-491.670
2010,Tab Solder-1,busbar,62.918,-168.880,-101.541,-492.470,16.900,2.400,1.600,-177.330,-102.741,-493.270,-160.430,-100.341,-491.670
2011,Cell Mounting Tape-1,structure,29.032,-4.880,-105.941,-491.098,6.350,4.000,1.143,-8.055,-107.941,-491.670,-1.705,-103.941,-490.527
2012,Cell Mounting Tape-1,structure,29.032,-127.880,-163.241,-491.098,6.350,4.000,1.143,-131.055,-165.241,-491.670,-124.705,-161.241,-490.527
2013,Tab Solder-1,busbar,62.918,-230.380,-101.541,-492.470,16.900,2.400,1.600,-238.830,-102.741,-493.270,-221.930,-100.341,-491.670
2014,LG INR18650 MJ1-1,cell,17259.578,-127.880,-201.441,-481.527,19.916,65.000,19.916,-137.838,-233.941,-491.485,-117.922,-168.941,-471.569
2015,NCU18WB473D6SRB-1,other,0.969,-168.880,-134.441,-491.270,1.600,0.800,0.800,-169.680,-134.841,-491.670,-168.080,-134.041,-490.870
2016,90183A214_Washer for Blind Rivets-1,fastener,86.804,-252.556,-164.131,-482.670,1.651,9.525,9.525,-253.381,-168.894,-487.432,-251.730,-159.369,-477.907
2017,7461111-1__1,other,762.098,-248.412,-164.131,-486.351,9.000,9.000,17.500,-251.730,-168.631,-495.170,-242.730,-159.631,-477.670
2018,7792-1__NONE,other,206.066,-248.457,-164.131,-488.312,11.547,9.696,13.043,-253.600,-168.979,-496.769,-242.053,-159.284,-483.726
2019,Cell Mounting Tape-1,structure,29.032,-86.880,-105.941,-491.098,6.350,4.000,1.143,-90.055,-107.941,-491.670,-83.705,-103.941,-490.527
2020,705510075-1__Imported1,other,710.957,21.840,-156.511,-488.968,13.589,19.048,10.795,15.531,-166.035,-495.480,29.120,-146.988,-484.685
2021,Cell Mounting Tape-1,structure,29.032,-4.880,-229.941,-491.098,6.350,4.000,1.143,-8.055,-231.941,-491.670,-1.705,-227.941,-490.527
2022,LG INR18650 MJ1-1,cell,17259.578,-168.880,-201.441,-481.527,19.916,65.000,19.916,-178.838,-233.941,-491.485,-158.922,-168.941,-471.569
2023,Cell Mounting Tape-1,structure,29.032,-148.380,-163.241,-491.098,6.350,4.000,1.143,-151.555,-165.241,-491.670,-145.205,-161.241,-490.527
2024,Tab Solder-1,busbar,62.918,-107.380,-101.541,-492.470,16.900,2.400,1.600,-115.830,-102.741,-493.270,-98.930,-100.341,-491.670
2025,Cell Mounting Tape-1,structure,29.032,-127.880,-229.941,-491.098,6.350,4.000,1.143,-131.055,-231.941,-491.670,-124.705,-227.941,-490.527
2026,Tab Solder-1,busbar,62.918,-25.380,-167.941,-492.470,16.900,2.400,1.600,-33.830,-169.141,-493.270,-16.930,-166.741,-491.670
2027,Tab Solder-1,busbar,62.918,-45.880,-167.941,-492.470,16.900,2.400,1.600,-54.330,-169.141,-493.270,-37.430,-166.741,-491.670
2028,Cell Mounting Tape-1,structure,29.032,-86.880,-163.241,-491.098,6.350,4.000,1.143,-90.055,-165.241,-491.670,-83.705,-161.241,-490.527
2029,Tab Solder-1,busbar,62.918,-86.880,-234.341,-492.470,16.900,2.400,1.600,-95.330,-235.541,-493.270,-78.430,-233.141,-491.670
2030,Cell Mounting Tape-1,structure,29.032,-45.880,-229.941,-491.098,6.350,4.000,1.143,-49.055,-231.941,-491.670,-42.705,-227.941,-490.527
2031,Cell Mounting Tape-1,structure,29.032,-45.880,-163.241,-491.098,6.350,4.000,1.143,-49.055,-165.241,-491.670,-42.705,-161.241,-490.527
2032,Cell Mounting Tape-1,structure,29.032,-107.380,-229.941,-491.098,6.350,4.000,1.143,-110.555,-231.941,-491.670,-104.205,-227.941,-490.527
2033,Tab Solder-1,busbar,62.918,-45.880,-101.541,-492.470,16.900,2.400,1.600,-54.330,-102.741,-493.270,-37.430,-100.341,-491.670
2034,LG INR18650 MJ1-1,cell,17259.578,-209.880,-134.441,-481.527,19.916,65.000,19.916,-219.838,-166.941,-491.485,-199.922,-101.941,-471.569
2035,Tab Solder-1,busbar,62.918,-189.380,-167.941,-492.470,16.900,2.400,1.600,-197.830,-169.141,-493.270,-180.930,-166.741,-491.670
2036,Tab Sheet-1,busbar,461.398,-113.149,-101.840,-488.194,258.758,0.203,10.000,-242.009,-101.941,-493.670,16.748,-101.738,-483.670
2037,Cell Mounting Tape-1,structure,29.032,-107.380,-105.941,-491.098,6.350,4.000,1.143,-110.555,-107.941,-491.670,-104.205,-103.941,-490.527
2038,7792-1__NONE,other,206.066,23.446,-207.941,-488.312,11.547,9.696,13.043,17.042,-212.789,-496.769,28.589,-203.094,-483.726
2039,90183A214_Washer for Blind Rivets-1,fastener,86.804,27.545,-207.941,-482.670,1.651,9.525,9.525,26.720,-212.704,-487.432,28.371,-203.179,-477.907
2040,7461111-1__1,other,762.098,23.401,-207.941,-486.351,9.000,9.000,17.500,17.720,-212.441,-495.170,26.720,-203.441,-477.670
2041,LG INR18650 MJ1-1,cell,17259.578,-230.380,-134.441,-481.527,19.916,65.000,19.916,-240.338,-166.941,-491.485,-220.422,-101.941,-471.569
2042,LG INR18650 MJ1-1,cell,17259.578,-45.880,-201.441,-481.527,19.916,65.000,19.916,-55.838,-233.941,-491.485,-35.922,-168.941,-471.569
2043,LG INR18650 MJ1-1,cell,17259.578,-66.380,-201.441,-481.527,19.916,65.000,19.916,-76.338,-233.941,-491.485,-56.422,-168.941,-471.569
2044,Tab Solder-1,busbar,62.918,-66.380,-101.541,-492.470,16.900,2.400,1.600,-74.830,-102.741,-493.270,-57.930,-100.341,-491.670
2045,Tab Solder-1,busbar,62.918,-189.380,-101.541,-492.470,16.900,2.400,1.600,-197.830,-102.741,-493.270,-180.930,-100.341,-491.670
2046,Tab Solder-1,busbar,62.918,-107.380,-167.941,-492.470,16.900,2.400,1.600,-115.830,-169.141,-493.270,-98.930,-166.741,-491.670
2047,LG INR18650 MJ1-1,cell,17259.578,-230.380,-201.441,-481.527,19.916,65.000,19.916,-240.338,-233.941,-491.485,-220.422,-168.941,-471.569
2048,LG INR18650 MJ1-1,cell,17259.578,-127.880,-134.441,-481.527,19.916,65.000,19.916,-137.838,-166.941,-491.485,-117.922,-101.941,-471.569
2049,Tab Solder-1,busbar,62.918,-25.380,-234.341,-492.470,16.900,2.400,1.600,-33.830,-235.541,-493.270,-16.930,-233.141,-491.670
2050,705510075-1__Imported1,other,710.957,-246.851,-179.372,-488.968,13.589,19.048,10.795,-254.130,-188.895,-495.480,-240.541,-169.848,-484.685
2051,Tab Solder-1,busbar,62.918,-86.880,-167.941,-492.470,16.900,2.400,1.600,-95.330,-169.141,-493.270,-78.430,-166.741,-491.670
2052,90183A214_Washer for Blind Rivets-1,fastener,86.804,-252.556,-207.941,-482.670,1.651,9.525,9.525,-253.381,-212.704,-487.432,-251.730,-203.179,-477.907
2053,7792-1__NONE,other,206.066,-248.457,-207.941,-488.312,11.547,9.696,13.043,-253.600,-212.789,-496.769,-242.053,-203.094,-483.726
2054,7461111-1__1,other,762.098,-248.412,-207.941,-486.351,9.000,9.000,17.500,-251.730,-212.441,-495.170,-242.730,-203.441,-477.670
2055,Tab Sheet-1,busbar,461.398,-113.149,-101.637,-488.194,258.758,0.203,10.000,-242.009,-101.738,-493.670,16.748,-101.535,-483.670
2056,LG INR18650 MJ1-1,cell,17259.578,-148.380,-201.441,-481.527,19.916,65.000,19.916,-158.338,-233.941,-491.485,-138.422,-168.941,-471.569
2057,Cell Mounting Tape-1,structure,29.032,-25.380,-229.941,-491.098,6.350,4.000,1.143,-28.555,-231.941,-491.670,-22.205,-227.941,-490.527
2058,LG INR18650 MJ1-1,cell,17259.578,-25.380,-201.441,-481.527,19.916,65.000,19.916,-35.338,-233.941,-491.485,-15.422,-168.941,-471.569
2059,Tab Solder-1,busbar,62.918,-45.880,-234.341,-492.470,16.900,2.400,1.600,-54.330,-235.541,-493.270,-37.430,-233.141,-491.670
2060,Tab Solder-1,busbar,62.918,-209.880,-234.341,-492.470,16.900,2.400,1.600,-218.330,-235.541,-493.270,-201.430,-233.141,-491.670
2061,V_r Connection-1,busbar,19.101,-114.438,-166.010,-493.651,256.610,8.997,0.305,-240.993,-172.471,-493.803,15.617,-163.474,-493.498
2062,V_r Connection-1,busbar,99.053,-114.458,-165.987,-493.651,255.447,6.541,0.762,-240.799,-170.984,-494.032,14.648,-164.443,-493.270
2063,Tab Solder-1,busbar,62.918,-4.880,-167.941,-492.470,16.900,2.400,1.600,-13.330,-169.141,-493.270,3.570,-166.741,-491.670
2064,LG INR18650 MJ1-1,cell,17259.578,-66.380,-201.441,-279.927,19.916,65.000,19.916,-76.338,-233.941,-289.885,-56.422,-168.941,-269.969
2065,LG INR18650 MJ1-1,cell,17259.578,-86.880,-201.441,-279.927,19.916,65.000,19.916,-96.838,-233.941,-289.885,-76.922,-168.941,-269.969
2066,LG INR18650 MJ1-1,cell,17259.578,-4.880,-134.441,-279.927,19.916,65.000,19.916,-14.838,-166.941,-289.885,5.078,-101.941,-269.969
2067,Cell Mounting Tape-1,structure,29.032,-4.880,-105.941,-289.498,6.350,4.000,1.143,-8.055,-107.941,-290.070,-1.705,-103.941,-288.927
2068,705510075-1__Imported1,other,710.957,21.840,-156.511,-287.368,13.589,19.048,10.795,15.531,-166.035,-293.880,29.120,-146.988,-283.085
2069,Cell Mounting Tape-1,structure,29.032,-209.880,-105.941,-289.498,6.350,4.000,1.143,-213.055,-107.941,-290.070,-206.705,-103.941,-288.927
2070,Cell Mounting Tape-1,structure,29.032,-230.380,-229.941,-289.498,6.350,4.000,1.143,-233.555,-231.941,-290.070,-227.205,-227.941,-288.927
2071,Cell Mounting Tape-1,structure,29.032,-209.880,-163.241,-289.498,6.350,4.000,1.143,-213.055,-165.241,-290.070,-206.705,-161.241,-288.927
2072,Tab Solder-1,busbar,62.918,-86.880,-234.341,-290.870,16.900,2.400,1.600,-95.330,-235.541,-291.670,-78.430,-233.141,-290.070
2073,Tab Sheet-1,busbar,461.398,-113.149,-168.637,-286.594,258.758,0.203,10.000,-242.009,-168.738,-292.070,16.748,-168.535,-282.070
2074,Cell Mounting Tape-1,structure,29.032,-148.380,-105.941,-289.498,6.350,4.000,1.143,-151.555,-107.941,-290.070,-145.205,-103.941,-288.927
2075,Tab Solder-1,busbar,62.918,-230.380,-101.541,-290.870,16.900,2.400,1.600,-238.830,-102.741,-291.670,-221.930,-100.341,-290.070
2076,Tab Solder-1,busbar,62.918,-230.380,-167.941,-290.870,16.900,2.400,1.600,-238.830,-169.141,-291.670,-221.930,-166.741,-290.070
2077,Tab Solder-1,busbar,62.918,-4.880,-167.941,-290.870,16.900,2.400,1.600,-13.330,-169.141,-291.670,3.570,-166.741,-290.070
2078,Cell Mounting Tape-1,structure,29.032,-66.380,-229.941,-289.498,6.350,4.000,1.143,-69.555,-231.941,-290.070,-63.205,-227.941,-288.927
2079,Tab Sheet-1,busbar,461.398,-113.149,-101.840,-286.594,258.758,0.203,10.000,-242.009,-101.941,-292.070,16.748,-101.738,-282.070
2080,LG INR18650 MJ1-1,cell,17259.578,-45.880,-201.441,-279.927,19.916,65.000,19.916,-55.838,-233.941,-289.885,-35.922,-168.941,-269.969
2081,Cell Mounting Tape-1,structure,29.032,-107.380,-163.241,-289.498,6.350,4.000,1.143,-110.555,-165.241,-290.070,-104.205,-161.241,-288.927
2082,Tab Sheet-1,busbar,461.398,-113.149,-167.246,-286.594,258.758,0.203,10.000,-242.009,-167.348,-292.070,16.748,-167.145,-282.070
2083,Tab Sheet-1,busbar,461.398,-113.149,-168.840,-286.594,258.758,0.203,10.000,-242.009,-168.941,-292.070,16.748,-168.738,-282.070
2084,Cell Mounting Tape-1,structure,29.032,-45.880,-229.941,-289.498,6.350,4.000,1.143,-49.055,-231.941,-290.070,-42.705,-227.941,-288.927
2085,Cell Mounting Tape-1,structure,29.032,-25.380,-229.941,-289.498,6.350,4.000,1.143,-28.555,-231.941,-290.070,-22.205,-227.941,-288.927
2086,LG INR18650 MJ1-1,cell,17259.578,-66.380,-134.441,-279.927,19.916,65.000,19.916,-76.338,-166.941,-289.885,-56.422,-101.941,-269.969
2087,Cell Mounting Tape-1,structure,29.032,-189.380,-172.641,-289.498,6.350,4.000,1.143,-192.555,-174.641,-290.070,-186.205,-170.641,-288.927
2088,Tab Solder-1,busbar,62.918,-66.380,-101.541,-290.870,16.900,2.400,1.600,-74.830,-102.741,-291.670,-57.930,-100.341,-290.070
2089,Cell Mounting Tape-1,structure,29.032,-45.880,-172.641,-289.498,6.350,4.000,1.143,-49.055,-174.641,-290.070,-42.705,-170.641,-288.927
2090,Cell Mounting Tape-1,structure,29.032,-189.380,-163.241,-289.498,6.350,4.000,1.143,-192.555,-165.241,-290.070,-186.205,-161.241,-288.927
2091,LG INR18650 MJ1-1,cell,17259.578,-230.380,-201.441,-279.927,19.916,65.000,19.916,-240.338,-233.941,-289.885,-220.422,-168.941,-269.969
2092,Cell Mounting Tape-1,structure,29.032,-45.880,-105.941,-289.498,6.350,4.000,1.143,-49.055,-107.941,-290.070,-42.705,-103.941,-288.927
2093,LG INR18650 MJ1-1,cell,17259.578,-25.380,-201.441,-279.927,19.916,65.000,19.916,-35.338,-233.941,-289.885,-15.422,-168.941,-269.969
2094,Cell Mounting Tape-1,structure,29.032,-148.380,-229.941,-289.498,6.350,4.000,1.143,-151.555,-231.941,-290.070,-145.205,-227.941,-288.927
2095,Cell Mounting Tape-1,structure,29.032,-25.380,-163.241,-289.498,6.350,4.000,1.143,-28.555,-165.241,-290.070,-22.205,-161.241,-288.927
2096,Module Spacer-1,structure,72657.225,-3.160,-170.227,-395.852,160.429,159.686,25.292,-102.026,-250.024,-409.535,58.403,-90.338,-384.243
2097,Module Spacer-1,structure,65797.381,-209.552,-167.993,-276.258,165.275,159.671,179.703,-282.894,-247.777,-374.276,-117.619,-88.106,-194.573
2098,Tab Solder-1,busbar,62.918,-107.380,-101.541,-290.870,16.900,2.400,1.600,-115.830,-102.741,-291.670,-98.930,-100.341,-290.070
2099,Cell Mounting Tape-1,structure,29.032,-148.380,-172.641,-289.498,6.350,4.000,1.143,-151.555,-174.641,-290.070,-145.205,-170.641,-288.927
2100,Tab Solder-1,busbar,62.918,-25.380,-234.341,-290.870,16.900,2.400,1.600,-33.830,-235.541,-291.670,-16.930,-233.141,-290.070
2101,LG INR18650 MJ1-1,cell,17259.578,-148.380,-201.441,-279.927,19.916,65.000,19.916,-158.338,-233.941,-289.885,-138.422,-168.941,-269.969
2102,LG INR18650 MJ1-1,cell,17259.578,-209.880,-201.441,-279.927,19.916,65.000,19.916,-219.838,-233.941,-289.885,-199.922,-168.941,-269.969
2103,Cell Mounting Tape-1,structure,29.032,-230.380,-172.641,-289.498,6.350,4.000,1.143,-233.555,-174.641,-290.070,-227.205,-170.641,-288.927
2104,Tab Solder-1,busbar,62.918,-66.380,-167.941,-290.870,16.900,2.400,1.600,-74.830,-169.141,-291.670,-57.930,-166.741,-290.070
2105,LG INR18650 MJ1-1,cell,17259.578,-4.880,-201.441,-279.927,19.916,65.000,19.916,-14.838,-233.941,-289.885,5.078,-168.941,-269.969
2106,Tab Solder-1,busbar,62.918,-4.880,-101.541,-290.870,16.900,2.400,1.600,-13.330,-102.741,-291.670,3.570,-100.341,-290.070
2107,NCU18WB473D6SRB-1,other,0.969,-168.880,-201.441,-289.670,1.600,0.800,0.800,-169.680,-201.841,-290.070,-168.080,-201.041,-289.270
2108,Cell Mounting Tape-1,structure,29.032,-66.380,-105.941,-289.498,6.350,4.000,1.143,-69.555,-107.941,-290.070,-63.205,-103.941,-288.927
2109,Tab Solder-1,busbar,62.918,-148.380,-167.941,-290.870,16.900,2.400,1.600,-156.830,-169.141,-291.670,-139.930,-166.741,-290.070
2110,Cell Mounting Tape-1,structure,29.032,-66.380,-172.641,-289.498,6.350,4.000,1.143,-69.555,-174.641,-290.070,-63.205,-170.641,-288.927
2111,Tab Solder-1,busbar,62.918,-45.880,-234.341,-290.870,16.900,2.400,1.600,-54.330,-235.541,-291.670,-37.430,-233.141,-290.070
2112,Cell Mounting Tape-1,structure,29.032,-107.380,-105.941,-289.498,6.350,4.000,1.143,-110.555,-107.941,-290.070,-104.205,-103.941,-288.927
2113,Cell Mounting Tape-1,structure,29.032,-86.880,-229.941,-289.498,6.350,4.000,1.143,-90.055,-231.941,-290.070,-83.705,-227.941,-288.927
2114,Cell Mounting Tape-1,structure,29.032,-66.380,-163.241,-289.498,6.350,4.000,1.143,-69.555,-165.241,-290.070,-63.205,-161.241,-288.927
2115,Tab Solder-1,busbar,62.918,-86.880,-167.941,-290.870,16.900,2.400,1.600,-95.330,-169.141,-291.670,-78.430,-166.741,-290.070
2116,NCU18WB473D6SRB-1,other,0.969,-168.880,-134.441,-289.670,1.600,0.800,0.800,-169.680,-134.841,-290.070,-168.080,-134.041,-289.270
2117,LG INR18650 MJ1-1,cell,17259.578,-209.880,-134.441,-279.927,19.916,65.000,19.916,-219.838,-166.941,-289.885,-199.922,-101.941,-269.969
2118,Cell Mounting Tape-1,structure,29.032,-168.880,-163.241,-289.498,6.350,4.000,1.143,-172.055,-165.241,-290.070,-165.705,-161.241,-288.927
2119,Tab Solder-1,busbar,62.918,-189.380,-167.941,-290.870,16.900,2.400,1.600,-197.830,-169.141,-291.670,-180.930,-166.741,-290.070
2120,LG INR18650 MJ1-1,cell,17259.578,-107.380,-134.441,-279.927,19.916,65.000,19.916,-117.338,-166.941,-289.885,-97.422,-101.941,-269.969
2121,NCU18WB473D6SRB-1,other,0.969,-66.380,-201.441,-289.670,1.600,0.800,0.800,-67.180,-201.841,-290.070,-65.580,-201.041,-289.270
2122,Cell Mounting Tape-1,structure,29.032,-86.880,-163.241,-289.498,6.350,4.000,1.143,-90.055,-165.241,-290.070,-83.705,-161.241,-288.927
2123,Tab Sheet-1,busbar,461.398,-113.149,-234.043,-286.594,258.758,0.203,10.000,-242.009,-234.145,-292.070,16.748,-233.941,-282.070
2124,Tab Solder-1,busbar,62.918,-127.880,-101.541,-290.870,16.900,2.400,1.600,-136.330,-102.741,-291.670,-119.430,-100.341,-290.070
2125,Tab Solder-1,busbar,62.918,-127.880,-234.341,-290.870,16.900,2.400,1.600,-136.330,-235.541,-291.670,-119.430,-233.141,-290.070
2126,Tab Solder-1,busbar,62.918,-209.880,-234.341,-290.870,16.900,2.400,1.600,-218.330,-235.541,-291.670,-201.430,-233.141,-290.070
2127,Tab Solder-1,busbar,62.918,-86.880,-101.541,-290.870,16.900,2.400,1.600,-95.330,-102.741,-291.670,-78.430,-100.341,-290.070
2128,Cell Mounting Tape-1,structure,29.032,-168.880,-172.641,-289.498,6.350,4.000,1.143,-172.055,-174.641,-290.070,-165.705,-170.641,-288.927
2129,Tab Solder-1,busbar,62.918,-148.380,-234.341,-290.870,16.900,2.400,1.600,-156.830,-235.541,-291.670,-139.930,-233.141,-290.070
2130,LG INR18650 MJ1-1,cell,17259.578,-189.380,-134.441,-279.927,19.916,65.000,19.916,-199.338,-166.941,-289.885,-179.422,-101.941,-269.969
2131,Cell Mounting Tape-1,structure,29.032,-45.880,-163.241,-289.498,6.350,4.000,1.143,-49.055,-165.241,-290.070,-42.705,-161.241,-288.927
2132,Tab Solder-1,busbar,62.918,-209.880,-101.541,-290.870,16.900,2.400,1.600,-218.330,-102.741,-291.670,-201.430,-100.341,-290.070
2133,LG INR18650 MJ1-1,cell,17259.578,-45.880,-134.441,-279.927,19.916,65.000,19.916,-55.838,-166.941,-289.885,-35.922,-101.941,-269.969
2134,Tab Solder-1,busbar,62.918,-189.380,-234.341,-290.870,16.900,2.400,1.600,-197.830,-235.541,-291.670,-180.930,-233.141,-290.070
2135,LG INR18650 MJ1-1,cell,17259.578,-189.380,-201.441,-279.927,19.916,65.000,19.916,-199.338,-233.941,-289.885,-179.422,-168.941,-269.969
2136,705510075-1__Imported1,other,710.957,-246.851,-179.372,-287.368,13.589,19.048,10.795,-254.130,-188.895,-293.880,-240.541,-169.848,-283.085
2137,Tab Solder-1,busbar,62.918,-25.380,-101.541,-290.870,16.900,2.400,1.600,-33.830,-102.741,-291.670,-16.930,-100.341,-290.070
2138,LG INR18650 MJ1-1,cell,17259.578,-168.880,-134.441,-279.927,19.916,65.000,19.916,-178.838,-166.941,-289.885,-158.922,-101.941,-269.969
2139,LG INR18650 MJ1-1,cell,17259.578,-127.880,-134.441,-279.927,19.916,65.000,19.916,-137.838,-166.941,-289.885,-117.922,-101.941,-269.969
2140,Cell Mounting Tape-1,structure,29.032,-127.880,-163.241,-289.498,6.350,4.000,1.143,-131.055,-165.241,-290.070,-124.705,-161.241,-288.927
2141,Tab Solder-1,busbar,62.918,-189.380,-101.541,-290.870,16.900,2.400,1.600,-197.830,-102.741,-291.670,-180.930,-100.341,-290.070
2142,NCU18WB473D6SRB-1,other,0.969,7.995,-176.441,-292.070,1.656,1.656,0.800,7.167,-177.269,-292.470,8.822,-175.614,-291.670
2143,Tab Solder-1,busbar,62.918,-168.880,-101.541,-290.870,16.900,2.400,1.600,-177.330,-102.741,-291.670,-160.430,-100.341,-290.070
2144,Tab Solder-1,busbar,62.918,-230.380,-234.341,-290.870,16.900,2.400,1.600,-238.830,-235.541,-291.670,-221.930,-233.141,-290.070
2145,Cell Mounting Tape-1,structure,29.032,-25.380,-105.941,-289.498,6.350,4.000,1.143,-28.555,-107.941,-290.070,-22.205,-103.941,-288.927
2146,Tab Solder-1,busbar,62.918,-168.880,-167.941,-290.870,16.900,2.400,1.600,-177.330,-169.141,-291.670,-160.430,-166.741,-290.070
2147,Cell Mounting Tape-1,structure,29.032,-86.880,-105.941,-289.498,6.350,4.000,1.143,-90.055,-107.941,-290.070,-83.705,-103.941,-288.927
2148,LG INR18650 MJ1-1,cell,17259.578,-168.880,-201.441,-279.927,19.916,65.000,19.916,-178.838,-233.941,-289.885,-158.922,-168.941,-269.969
2149,705510072-1__Imported1,other,440.432,-247.152,-152.669,-287.509,13.589,11.428,10.795,-254.130,-158.415,-293.880,-240.541,-146.988,-283.085
2150,Cell Mounting Tape-1,structure,29.032,-4.880,-172.641,-289.498,6.350,4.000,1.143,-8.055,-174.641,-290.070,-1.705,-170.641,-288.927
2151,Tab Solder-1,busbar,62.918,-45.880,-101.541,-290.870,16.900,2.400,1.600,-54.330,-102.741,-291.670,-37.430,-100.341,-290.070
2152,7461111-1__1,other,762.098,23.401,-171.751,-284.751,9.000,9.000,17.500,17.720,-176.251,-293.570,26.720,-167.251,-276.070
2153,90183A214_Washer for Blind Rivets-1,fastener,86.804,27.545,-171.751,-281.070,1.651,9.525,9.525,26.720,-176.514,-285.832,28.371,-166.989,-276.307
2154,7792-1__NONE,other,206.066,23.446,-171.751,-286.712,11.547,9.696,13.043,17.042,-176.599,-295.169,28.589,-166.904,-282.126
2155,Tab Sheet-1,busbar,461.398,-113.149,-101.637,-286.594,258.758,0.203,10.000,-242.009,-101.738,-292.070,16.748,-101.535,-282.070
2156,LG INR18650 MJ1-1,cell,17259.578,-148.380,-134.441,-279.927,19.916,65.000,19.916,-158.338,-166.941,-289.885,-138.422,-101.941,-269.969
2157,7792-1__NONE,other,206.066,23.446,-207.941,-286.712,11.547,9.696,13.043,17.042,-212.789,-295.169,28.589,-203.094,-282.126
2158,90183A214_Washer for Blind Rivets-1,fastener,86.804,27.545,-207.941,-281.070,1.651,9.525,9.525,26.720,-212.704,-285.832,28.371,-203.179,-276.307
2159,7461111-1__1,other,762.098,23.401,-207.941,-284.751,9.000,9.000,17.500,17.720,-212.441,-293.570,26.720,-203.441,-276.070
2160,Cell Mounting Tape-1,structure,29.032,-25.380,-172.641,-289.498,6.350,4.000,1.143,-28.555,-174.641,-290.070,-22.205,-170.641,-288.927
2161,Tab Solder-1,busbar,62.918,-45.880,-167.941,-290.870,16.900,2.400,1.600,-54.330,-169.141,-291.670,-37.430,-166.741,-290.070
2162,Tab Solder-1,busbar,62.918,-209.880,-167.941,-290.870,16.900,2.400,1.600,-218.330,-169.141,-291.670,-201.430,-166.741,-290.070
2163,90183A214_Washer for Blind Rivets-1,fastener,86.804,27.545,-127.941,-281.070,1.651,9.525,9.525,26.720,-132.704,-285.832,28.371,-123.179,-276.307
2164,7461111-1__1,other,762.098,23.401,-127.941,-284.751,9.000,9.000,17.500,17.720,-132.441,-293.570,26.720,-123.441,-276.070
2165,7792-1__NONE,other,206.066,23.446,-127.941,-286.712,11.547,9.696,13.043,17.042,-132.789,-295.169,28.589,-123.094,-282.126
2166,7461111-1__1,other,762.098,-248.412,-164.131,-284.751,9.000,9.000,17.500,-251.730,-168.631,-293.570,-242.730,-159.631,-276.070
2167,90183A214_Washer for Blind Rivets-1,fastener,86.804,-252.556,-164.131,-281.070,1.651,9.525,9.525,-253.381,-168.894,-285.832,-251.730,-159.369,-276.307
2168,7792-1__NONE,other,206.066,-248.457,-164.131,-286.712,11.547,9.696,13.043,-253.600,-168.979,-295.169,-242.053,-159.284,-282.126
2169,Cell Mounting Tape-1,structure,29.032,-4.880,-229.941,-289.498,6.350,4.000,1.143,-8.055,-231.941,-290.070,-1.705,-227.941,-288.927
2170,Cell Mounting Tape-1,structure,29.032,-127.880,-229.941,-289.498,6.350,4.000,1.143,-131.055,-231.941,-290.070,-124.705,-227.941,-288.927
2171,Cell Mounting Tape-1,structure,29.032,-189.380,-105.941,-289.498,6.350,4.000,1.143,-192.555,-107.941,-290.070,-186.205,-103.941,-288.927
2172,Cell Mounting Tape-1,structure,29.032,-230.380,-163.241,-289.498,6.350,4.000,1.143,-233.555,-165.241,-290.070,-227.205,-161.241,-288.927
2173,LG INR18650 MJ1-1,cell,17259.578,-230.380,-134.441,-279.927,19.916,65.000,19.916,-240.338,-166.941,-289.885,-220.422,-101.941,-269.969
2174,Cell Mounting Tape-1,structure,29.032,-209.880,-229.941,-289.498,6.350,4.000,1.143,-213.055,-231.941,-290.070,-206.705,-227.941,-288.927
2175,Tab Solder-1,busbar,62.918,-66.380,-234.341,-290.870,16.900,2.400,1.600,-74.830,-235.541,-291.670,-57.930,-233.141,-290.070
2176,Cell Mounting Tape-1,structure,29.032,-168.880,-229.941,-289.498,6.350,4.000,1.143,-172.055,-231.941,-290.070,-165.705,-227.941,-288.927
2177,Tab Solder-1,busbar,62.918,-168.880,-234.341,-290.870,16.900,2.400,1.600,-177.330,-235.541,-291.670,-160.430,-233.141,-290.070
2178,7461111-1__1,other,762.098,-248.412,-127.941,-284.751,9.000,9.000,17.500,-251.730,-132.441,-293.570,-242.730,-123.441,-276.070
2179,90183A214_Washer for Blind Rivets-1,fastener,86.804,-252.556,-127.941,-281.070,1.651,9.525,9.525,-253.381,-132.704,-285.832,-251.730,-123.179,-276.307
2180,7792-1__NONE,other,206.066,-248.457,-127.941,-286.712,11.547,9.696,13.043,-253.600,-132.789,-295.169,-242.053,-123.094,-282.126
2181,705510072-1__Imported1,other,440.432,22.141,-183.214,-287.509,13.589,11.428,10.795,15.531,-188.895,-293.880,29.120,-177.468,-283.085
2182,Cell Mounting Tape-1,structure,29.032,-127.880,-105.941,-289.498,6.350,4.000,1.143,-131.055,-107.941,-290.070,-124.705,-103.941,-288.927
2183,Cell Mounting Tape-1,structure,29.032,-107.380,-172.641,-289.498,6.350,4.000,1.143,-110.555,-174.641,-290.070,-104.205,-170.641,-288.927
2184,NCU18WB473D6SRB-1,other,0.969,-66.380,-134.441,-289.670,1.600,0.800,0.800,-67.180,-134.841,-290.070,-65.580,-134.041,-289.270
2185,Cell Mounting Tape-1,structure,29.032,-209.880,-172.641,-289.498,6.350,4.000,1.143,-213.055,-174.641,-290.070,-206.705,-170.641,-288.927
2186,Cell Mounting Tape-1,structure,29.032,-127.880,-172.641,-289.498,6.350,4.000,1.143,-131.055,-174.641,-290.070,-124.705,-170.641,-288.927
2187,Tab Solder-1,busbar,62.918,-107.380,-234.341,-290.870,16.900,2.400,1.600,-115.830,-235.541,-291.670,-98.930,-233.141,-290.070
2188,LG INR18650 MJ1-1,cell,17259.578,-86.880,-134.441,-279.927,19.916,65.000,19.916,-96.838,-166.941,-289.885,-76.922,-101.941,-269.969
2189,Cell Mounting Tape-1,structure,29.032,-230.380,-105.941,-289.498,6.350,4.000,1.143,-233.555,-107.941,-290.070,-227.205,-103.941,-288.927
2190,Tab Solder-1,busbar,62.918,-4.880,-234.341,-290.870,16.900,2.400,1.600,-13.330,-235.541,-291.670,3.570,-233.141,-290.070
2191,7792-1__NONE,other,206.066,-248.457,-207.941,-286.712,11.547,9.696,13.043,-253.600,-212.789,-295.169,-242.053,-203.094,-282.126
2192,90183A214_Washer for Blind Rivets-1,fastener,86.804,-252.556,-207.941,-281.070,1.651,9.525,9.525,-253.381,-212.704,-285.832,-251.730,-203.179,-276.307
2193,7461111-1__1,other,762.098,-248.412,-207.941,-284.751,9.000,9.000,17.500,-251.730,-212.441,-293.570,-242.730,-203.441,-276.070
2194,Divider Board-1,structure,32215.758,-109.985,-168.996,-290.870,298.250,158.000,1.600,-261.630,-246.941,-291.670,36.620,-88.941,-290.070
2195,LG INR18650 MJ1-1,cell,17259.578,-127.880,-201.441,-279.927,19.916,65.000,19.916,-137.838,-233.941,-289.885,-117.922,-168.941,-269.969
2196,Cell Mounting Tape-1,structure,29.032,-107.380,-229.941,-289.498,6.350,4.000,1.143,-110.555,-231.941,-290.070,-104.205,-227.941,-288.927
2197,Cell Mounting Tape-1,structure,29.032,-168.880,-105.941,-289.498,6.350,4.000,1.143,-172.055,-107.941,-290.070,-165.705,-103.941,-288.927
2198,Cell Mounting Tape-1,structure,29.032,-148.380,-163.241,-289.498,6.350,4.000,1.143,-151.555,-165.241,-290.070,-145.205,-161.241,-288.927
2199,Tab Solder-1,busbar,62.918,-127.880,-167.941,-290.870,16.900,2.400,1.600,-136.330,-169.141,-291.670,-119.430,-166.741,-290.070
2200,Tab Sheet-1,busbar,461.398,-113.149,-167.043,-286.594,258.758,0.203,10.000,-242.009,-167.145,-292.070,16.748,-166.941,-282.070
2201,Tab Solder-1,busbar,62.918,-107.380,-167.941,-290.870,16.900,2.400,1.600,-115.830,-169.141,-291.670,-98.930,-166.741,-290.070
2202,Cell Mounting Tape-1,structure,29.032,-4.880,-163.241,-289.498,6.350,4.000,1.143,-8.055,-165.241,-290.070,-1.705,-161.241,-288.927
2203,Tab Solder-1,busbar,62.918,-25.380,-167.941,-290.870,16.900,2.400,1.600,-33.830,-169.141,-291.670,-16.930,-166.741,-290.070
2204,V_r Connection-1,busbar,19.101,-114.438,-166.010,-292.051,256.610,8.997,0.305,-240.993,-172.471,-292.203,15.617,-163.474,-291.898
2205,V_r Connection-1,busbar,99.053,-114.458,-165.987,-292.051,255.447,6.541,0.762,-240.799,-170.984,-292.432,14.648,-164.443,-291.670
2206,Tab Sheet-1,busbar,461.398,-113.149,-234.246,-286.594,258.758,0.203,10.000,-242.009,-234.348,-292.070,16.748,-234.145,-282.070
2207,LG INR18650 MJ1-1,cell,17259.578,-25.380,-134.441,-279.927,19.916,65.000,19.916,-35.338,-166.941,-289.885,-15.422,-101.941,-269.969
2208,Cell Mounting Tape-1,structure,29.032,-189.380,-229.941,-289.498,6.350,4.000,1.143,-192.555,-231.941,-290.070,-186.205,-227.941,-288.927
2209,LG INR18650 MJ1-1,cell,17259.578,-107.380,-201.441,-279.927,19.916,65.000,19.916,-117.338,-233.941,-289.885,-97.422,-168.941,-269.969
2210,Tab Solder-1,busbar,62.918,-148.380,-101.541,-290.870,16.900,2.400,1.600,-156.830,-102.741,-291.670,-139.930,-100.341,-290.070
2211,Cell Mounting Tape-1,structure,29.032,-86.880,-172.641,-289.498,6.350,4.000,1.143,-90.055,-174.641,-290.070,-83.705,-170.641,-288.927
2212,Tab Solder-1,busbar,62.918,-168.880,-101.541,-442.070,16.900,2.400,1.600,-177.330,-102.741,-442.870,-160.430,-100.341,-441.270
2213,Tab Solder-1,busbar,62.918,-148.380,-167.941,-442.070,16.900,2.400,1.600,-156.830,-169.141,-442.870,-139.930,-166.741,-441.270
2214,Cell Mounting Tape-1,structure,29.032,-209.880,-163.241,-440.698,6.350,4.000,1.143,-213.055,-165.241,-441.270,-206.705,-161.241,-440.127
2215,Cell Mounting Tape-1,structure,29.032,-86.880,-105.941,-440.698,6.350,4.000,1.143,-90.055,-107.941,-441.270,-83.705,-103.941,-440.127
2216,Tab Solder-1,busbar,62.918,-230.380,-234.341,-442.070,16.900,2.400,1.600,-238.830,-235.541,-442.870,-221.930,-233.141,-441.270
2217,Tab Solder-1,busbar,62.918,-107.380,-234.341,-442.070,16.900,2.400,1.600,-115.830,-235.541,-442.870,-98.930,-233.141,-441.270
2218,Tab Sheet-1,busbar,461.398,-113.149,-101.840,-437.794,258.758,0.203,10.000,-242.009,-101.941,-443.270,16.748,-101.738,-433.270
2219,LG INR18650 MJ1-1,cell,17259.578,-25.380,-134.441,-431.127,19.916,65.000,19.916,-35.338,-166.941,-441.085,-15.422,-101.941,-421.169
2220,Tab Solder-1,busbar,62.918,-168.880,-234.341,-442.070,16.900,2.400,1.600,-177.330,-235.541,-442.870,-160.430,-233.141,-441.270
2221,Cell Mounting Tape-1,structure,29.032,-45.880,-163.241,-440.698,6.350,4.000,1.143,-49.055,-165.241,-441.270,-42.705,-161.241,-440.127
2222,LG INR18650 MJ1-1,cell,17259.578,-127.880,-201.441,-431.127,19.916,65.000,19.916,-137.838,-233.941,-441.085,-117.922,-168.941,-421.169
2223,LG INR18650 MJ1-1,cell,17259.578,-25.380,-201.441,-431.127,19.916,65.000,19.916,-35.338,-233.941,-441.085,-15.422,-168.941,-421.169
2224,Cell Mounting Tape-1,structure,29.032,-4.880,-229.941,-440.698,6.350,4.000,1.143,-8.055,-231.941,-441.270,-1.705,-227.941,-440.127
2225,Cell Mounting Tape-1,structure,29.032,-127.880,-163.241,-440.698,6.350,4.000,1.143,-131.055,-165.241,-441.270,-124.705,-161.241,-440.127
2226,Cell Mounting Tape-1,structure,29.032,-230.380,-105.941,-440.698,6.350,4.000,1.143,-233.555,-107.941,-441.270,-227.205,-103.941,-440.127
2227,NCU18WB473D6SRB-1,other,0.969,-168.880,-201.441,-440.870,1.600,0.800,0.800,-169.680,-201.841,-441.270,-168.080,-201.041,-440.470
2228,Cell Mounting Tape-1,structure,29.032,-66.380,-105.941,-440.698,6.350,4.000,1.143,-69.555,-107.941,-441.270,-63.205,-103.941,-440.127
2229,LG INR18650 MJ1-1,cell,17259.578,-189.380,-134.441,-431.127,19.916,65.000,19.916,-199.338,-166.941,-441.085,-179.422,-101.941,-421.169
2230,Tab Solder-1,busbar,62.918,-168.880,-167.941,-442.070,16.900,2.400,1.600,-177.330,-169.141,-442.870,-160.430,-166.741,-441.270
2231,LG INR18650 MJ1-1,cell,17259.578,-4.880,-201.441,-431.127,19.916,65.000,19.916,-14.838,-233.941,-441.085,5.078,-168.941,-421.169
2232,LG INR18650 MJ1-1,cell,17259.578,-86.880,-134.441,-431.127,19.916,65.000,19.916,-96.838,-166.941,-441.085,-76.922,-101.941,-421.169
2233,Tab Solder-1,busbar,62.918,-25.380,-167.941,-442.070,16.900,2.400,1.600,-33.830,-169.141,-442.870,-16.930,-166.741,-441.270
2234,Cell Mounting Tape-1,structure,29.032,-107.380,-172.641,-440.698,6.350,4.000,1.143,-110.555,-174.641,-441.270,-104.205,-170.641,-440.127
2235,Cell Mounting Tape-1,structure,29.032,-45.880,-105.941,-440.698,6.350,4.000,1.143,-49.055,-107.941,-441.270,-42.705,-103.941,-440.127
2236,LG INR18650 MJ1-1,cell,17259.578,-86.880,-201.441,-431.127,19.916,65.000,19.916,-96.838,-233.941,-441.085,-76.922,-168.941,-421.169
2237,Tab Solder-1,busbar,62.918,-189.380,-101.541,-442.070,16.900,2.400,1.600,-197.830,-102.741,-442.870,-180.930,-100.341,-441.270
2238,Cell Mounting Tape-1,structure,29.032,-148.380,-172.641,-440.698,6.350,4.000,1.143,-151.555,-174.641,-441.270,-145.205,-170.641,-440.127
2239,Cell Mounting Tape-1,structure,29.032,-25.380,-229.941,-440.698,6.350,4.000,1.143,-28.555,-231.941,-441.270,-22.205,-227.941,-440.127
2240,Cell Mounting Tape-1,structure,29.032,-209.880,-229.941,-440.698,6.350,4.000,1.143,-213.055,-231.941,-441.270,-206.705,-227.941,-440.127
2241,Cell Mounting Tape-1,structure,29.032,-107.380,-163.241,-440.698,6.350,4.000,1.143,-110.555,-165.241,-441.270,-104.205,-161.241,-440.127
2242,705510075-1__Imported1,other,710.957,21.840,-156.511,-438.568,13.589,19.048,10.795,15.531,-166.035,-445.080,29.120,-146.988,-434.285
2243,LG INR18650 MJ1-1,cell,17259.578,-107.380,-134.441,-431.127,19.916,65.000,19.916,-117.338,-166.941,-441.085,-97.422,-101.941,-421.169
2244,Cell Mounting Tape-1,structure,29.032,-86.880,-229.941,-440.698,6.350,4.000,1.143,-90.055,-231.941,-441.270,-83.705,-227.941,-440.127
2245,Tab Solder-1,busbar,62.918,-209.880,-167.941,-442.070,16.900,2.400,1.600,-218.330,-169.141,-442.870,-201.430,-166.741,-441.270
2246,Cell Mounting Tape-1,structure,29.032,-230.380,-163.241,-440.698,6.350,4.000,1.143,-233.555,-165.241,-441.270,-227.205,-161.241,-440.127
2247,Cell Mounting Tape-1,structure,29.032,-230.380,-229.941,-440.698,6.350,4.000,1.143,-233.555,-231.941,-441.270,-227.205,-227.941,-440.127
2248,Cell Mounting Tape-1,structure,29.032,-66.380,-163.241,-440.698,6.350,4.000,1.143,-69.555,-165.241,-441.270,-63.205,-161.241,-440.127
2249,Tab Solder-1,busbar,62.918,-4.880,-167.941,-442.070,16.900,2.400,1.600,-13.330,-169.141,-442.870,3.570,-166.741,-441.270
2250,Tab Solder-1,busbar,62.918,-66.380,-234.341,-442.070,16.900,2.400,1.600,-74.830,-235.541,-442.870,-57.930,-233.141,-441.270
2251,Cell Mounting Tape-1,structure,29.032,-189.380,-105.941,-440.698,6.350,4.000,1.143,-192.555,-107.941,-441.270,-186.205,-103.941,-440.127
2252,Cell Mounting Tape-1,structure,29.032,-107.380,-229.941,-440.698,6.350,4.000,1.143,-110.555,-231.941,-441.270,-104.205,-227.941,-440.127
2253,Cell Mounting Tape-1,structure,29.032,-25.380,-163.241,-440.698,6.350,4.000,1.143,-28.555,-165.241,-441.270,-22.205,-161.241,-440.127
2254,Tab Sheet-1,busbar,461.398,-113.149,-168.637,-437.794,258.758,0.203,10.000,-242.009,-168.738,-443.270,16.748,-168.535,-433.270
2255,LG INR18650 MJ1-1,cell,17259.578,-66.380,-201.441,-431.127,19.916,65.000,19.916,-76.338,-233.941,-441.085,-56.422,-168.941,-421.169
2256,Tab Solder-1,busbar,62.918,-148.380,-101.541,-442.070,16.900,2.400,1.600,-156.830,-102.741,-442.870,-139.930,-100.341,-441.270
2257,NCU18WB473D6SRB-1,other,0.969,-168.880,-134.441,-440.870,1.600,0.800,0.800,-169.680,-134.841,-441.270,-168.080,-134.041,-440.470
2258,LG INR18650 MJ1-1,cell,17259.578,-168.880,-201.441,-431.127,19.916,65.000,19.916,-178.838,-233.941,-441.085,-158.922,-168.941,-421.169
2259,LG INR18650 MJ1-1,cell,17259.578,-168.880,-134.441,-431.127,19.916,65.000,19.916,-178.838,-166.941,-441.085,-158.922,-101.941,-421.169
2260,Cell Mounting Tape-1,structure,29.032,-189.380,-229.941,-440.698,6.350,4.000,1.143,-192.555,-231.941,-441.270,-186.205,-227.941,-440.127
2261,Tab Solder-1,busbar,62.918,-127.880,-234.341,-442.070,16.900,2.400,1.600,-136.330,-235.541,-442.870,-119.430,-233.141,-441.270
2262,LG INR18650 MJ1-1,cell,17259.578,-148.380,-134.441,-431.127,19.916,65.000,19.916,-158.338,-166.941,-441.085,-138.422,-101.941,-421.169
2263,7461111-1__1,other,762.098,23.401,-171.751,-435.951,9.000,9.000,17.500,17.720,-176.251,-444.770,26.720,-167.251,-427.270
2264,7792-1__NONE,other,206.066,23.446,-171.751,-437.912,11.547,9.696,13.043,17.042,-176.599,-446.369,28.589,-166.904,-433.326
2265,90183A214_Washer for Blind Rivets-1,fastener,86.804,27.545,-171.751,-432.270,1.651,9.525,9.525,26.720,-176.514,-437.032,28.371,-166.989,-427.507
2266,NCU18WB473D6SRB-1,other,0.969,-66.380,-134.441,-440.870,1.600,0.800,0.800,-67.180,-134.841,-441.270,-65.580,-134.041,-440.470
2267,Tab Solder-1,busbar,62.918,-66.380,-167.941,-442.070,16.900,2.400,1.600,-74.830,-169.141,-442.870,-57.930,-166.741,-441.270
2268,Tab Solder-1,busbar,62.918,-127.880,-167.941,-442.070,16.900,2.400,1.600,-136.330,-169.141,-442.870,-119.430,-166.741,-441.270
2269,Tab Sheet-1,busbar,461.398,-113.149,-167.043,-437.794,258.758,0.203,10.000,-242.009,-167.145,-443.270,16.748,-166.941,-433.270
2270,Module Spacer-1,structure,72657.225,-18.783,-167.987,-427.606,160.429,159.686,25.292,-117.650,-247.784,-441.289,42.780,-88.098,-415.997
2271,Module Spacer-1,structure,65797.381,-209.552,-167.993,-427.458,165.275,159.671,179.703,-282.894,-247.777,-525.476,-117.619,-88.106,-345.773
2272,LG INR18650 MJ1-1,cell,17259.578,-148.380,-201.441,-431.127,19.916,65.000,19.916,-158.338,-233.941,-441.085,-138.422,-168.941,-421.169
2273,Tab Solder-1,busbar,62.918,-4.880,-101.541,-442.070,16.900,2.400,1.600,-13.330,-102.741,-442.870,3.570,-100.341,-441.270
2274,Tab Solder-1,busbar,62.918,-127.880,-101.541,-442.070,16.900,2.400,1.600,-136.330,-102.741,-442.870,-119.430,-100.341,-441.270
2275,Cell Mounting Tape-1,structure,29.032,-127.880,-105.941,-440.698,6.350,4.000,1.143,-131.055,-107.941,-441.270,-124.705,-103.941,-440.127
2276,Cell Mounting Tape-1,structure,29.032,-168.880,-172.641,-440.698,6.350,4.000,1.143,-172.055,-174.641,-441.270,-165.705,-170.641,-440.127
2277,Tab Solder-1,busbar,62.918,-4.880,-234.341,-442.070,16.900,2.400,1.600,-13.330,-235.541,-442.870,3.570,-233.141,-441.270
2278,Cell Mounting Tape-1,structure,29.032,-148.380,-105.941,-440.698,6.350,4.000,1.143,-151.555,-107.941,-441.270,-145.205,-103.941,-440.127
2279,Cell Mounting Tape-1,structure,29.032,-45.880,-229.941,-440.698,6.350,4.000,1.143,-49.055,-231.941,-441.270,-42.705,-227.941,-440.127
2280,Tab Solder-1,busbar,62.918,-230.380,-167.941,-442.070,16.900,2.400,1.600,-238.830,-169.141,-442.870,-221.930,-166.741,-441.270
2281,Cell Mounting Tape-1,structure,29.032,-66.380,-229.941,-440.698,6.350,4.000,1.143,-69.555,-231.941,-441.270,-63.205,-227.941,-440.127
2282,705510072-1__Imported1,other,440.432,-247.152,-152.669,-438.709,13.589,11.428,10.795,-254.130,-158.415,-445.080,-240.541,-146.988,-434.285
2283,Cell Mounting Tape-1,structure,29.032,-189.380,-172.641,-440.698,6.350,4.000,1.143,-192.555,-174.641,-441.270,-186.205,-170.641,-440.127
2284,LG INR18650 MJ1-1,cell,17259.578,-230.380,-201.441,-431.127,19.916,65.000,19.916,-240.338,-233.941,-441.085,-220.422,-168.941,-421.169
2285,Tab Solder-1,busbar,62.918,-45.880,-101.541,-442.070,16.900,2.400,1.600,-54.330,-102.741,-442.870,-37.430,-100.341,-441.270
2286,Cell Mounting Tape-1,structure,29.032,-189.380,-163.241,-440.698,6.350,4.000,1.143,-192.555,-165.241,-441.270,-186.205,-161.241,-440.127
2287,705510072-1__Imported1,other,440.432,22.141,-183.214,-438.709,13.589,11.428,10.795,15.531,-188.895,-445.080,29.120,-177.468,-434.285
2288,Cell Mounting Tape-1,structure,29.032,-209.880,-105.941,-440.698,6.350,4.000,1.143,-213.055,-107.941,-441.270,-206.705,-103.941,-440.127
2289,Cell Mounting Tape-1,structure,29.032,-168.880,-163.241,-440.698,6.350,4.000,1.143,-172.055,-165.241,-441.270,-165.705,-161.241,-440.127
2290,Tab Solder-1,busbar,62.918,-209.880,-101.541,-442.070,16.900,2.400,1.600,-218.330,-102.741,-442.870,-201.430,-100.341,-441.270
2291,Cell Mounting Tape-1,structure,29.032,-127.880,-172.641,-440.698,6.350,4.000,1.143,-131.055,-174.641,-441.270,-124.705,-170.641,-440.127
2292,Tab Solder-1,busbar,62.918,-189.380,-167.941,-442.070,16.900,2.400,1.600,-197.830,-169.141,-442.870,-180.930,-166.741,-441.270
2293,Tab Solder-1,busbar,62.918,-189.380,-234.341,-442.070,16.900,2.400,1.600,-197.830,-235.541,-442.870,-180.930,-233.141,-441.270
2294,Cell Mounting Tape-1,structure,29.032,-107.380,-105.941,-440.698,6.350,4.000,1.143,-110.555,-107.941,-441.270,-104.205,-103.941,-440.127
2295,90183A214_Washer for Blind Rivets-1,fastener,86.804,-252.556,-207.941,-432.270,1.651,9.525,9.525,-253.381,-212.704,-437.032,-251.730,-203.179,-427.507
2296,7461111-1__1,other,762.098,-248.412,-207.941,-435.951,9.000,9.000,17.500,-251.730,-212.441,-444.770,-242.730,-203.441,-427.270
2297,7792-1__NONE,other,206.066,-248.457,-207.941,-437.912,11.547,9.696,13.043,-253.600,-212.789,-446.369,-242.053,-203.094,-433.326
2298,Tab Solder-1,busbar,62.918,-209.880,-234.341,-442.070,16.900,2.400,1.600,-218.330,-235.541,-442.870,-201.430,-233.141,-441.270
2299,Cell Mounting Tape-1,structure,29.032,-127.880,-229.941,-440.698,6.350,4.000,1.143,-131.055,-231.941,-441.270,-124.705,-227.941,-440.127
2300,V_r Connection-1,busbar,19.101,-114.438,-166.010,-443.251,256.610,8.997,0.305,-240.993,-172.471,-443.403,15.617,-163.474,-443.098
2301,V_r Connection-1,busbar,99.053,-114.458,-165.987,-443.251,255.447,6.541,0.762,-240.799,-170.984,-443.632,14.648,-164.443,-442.870
2302,Cell Mounting Tape-1,structure,29.032,-4.880,-163.241,-440.698,6.350,4.000,1.143,-8.055,-165.241,-441.270,-1.705,-161.241,-440.127
2303,Tab Sheet-1,busbar,461.398,-113.149,-167.246,-437.794,258.758,0.203,10.000,-242.009,-167.348,-443.270,16.748,-167.145,-433.270
2304,Tab Sheet-1,busbar,461.398,-113.149,-234.043,-437.794,258.758,0.203,10.000,-242.009,-234.145,-443.270,16.748,-233.941,-433.270
2305,Tab Solder-1,busbar,62.918,-86.880,-234.341,-442.070,16.900,2.400,1.600,-95.330,-235.541,-442.870,-78.430,-233.141,-441.270
2306,Tab Solder-1,busbar,62.918,-45.880,-167.941,-442.070,16.900,2.400,1.600,-54.330,-169.141,-442.870,-37.430,-166.741,-441.270
2307,Tab Solder-1,busbar,62.918,-45.880,-234.341,-442.070,16.900,2.400,1.600,-54.330,-235.541,-442.870,-37.430,-233.141,-441.270
2308,Cell Mounting Tape-1,structure,29.032,-209.880,-172.641,-440.698,6.350,4.000,1.143,-213.055,-174.641,-441.270,-206.705,-170.641,-440.127
2309,LG INR18650 MJ1-1,cell,17259.578,-4.880,-134.441,-431.127,19.916,65.000,19.916,-14.838,-166.941,-441.085,5.078,-101.941,-421.169
2310,LG INR18650 MJ1-1,cell,17259.578,-230.380,-134.441,-431.127,19.916,65.000,19.916,-240.338,-166.941,-441.085,-220.422,-101.941,-421.169
2311,Cell Mounting Tape-1,structure,29.032,-86.880,-163.241,-440.698,6.350,4.000,1.143,-90.055,-165.241,-441.270,-83.705,-161.241,-440.127
2312,Tab Sheet-1,busbar,461.398,-113.149,-168.840,-437.794,258.758,0.203,10.000,-242.009,-168.941,-443.270,16.748,-168.738,-433.270
2313,LG INR18650 MJ1-1,cell,17259.578,-45.880,-201.441,-431.127,19.916,65.000,19.916,-55.838,-233.941,-441.085,-35.922,-168.941,-421.169
2314,Divider Board-1,structure,32215.758,-109.985,-168.996,-442.070,298.250,158.000,1.600,-261.630,-246.941,-442.870,36.620,-88.941,-441.270
2315,Cell Mounting Tape-1,structure,29.032,-4.880,-105.941,-440.698,6.350,4.000,1.143,-8.055,-107.941,-441.270,-1.705,-103.941,-440.127
2316,7461111-1__1,other,762.098,-248.412,-127.941,-435.951,9.000,9.000,17.500,-251.730,-132.441,-444.770,-242.730,-123.441,-427.270
2317,90183A214_Washer for Blind Rivets-1,fastener,86.804,-252.556,-127.941,-432.270,1.651,9.525,9.525,-253.381,-132.704,-437.032,-251.730,-123.179,-427.507
2318,7792-1__NONE,other,206.066,-248.457,-127.941,-437.912,11.547,9.696,13.043,-253.600,-132.789,-446.369,-242.053,-123.094,-433.326
2319,LG INR18650 MJ1-1,cell,17259.578,-189.380,-201.441,-431.127,19.916,65.000,19.916,-199.338,-233.941,-441.085,-179.422,-168.941,-421.169
2320,90183A214_Washer for Blind Rivets-1,fastener,86.804,27.545,-207.941,-432.270,1.651,9.525,9.525,26.720,-212.704,-437.032,28.371,-203.179,-427.507
2321,7461111-1__1,other,762.098,23.401,-207.941,-435.951,9.000,9.000,17.500,17.720,-212.441,-444.770,26.720,-203.441,-427.270
2322,7792-1__NONE,other,206.066,23.446,-207.941,-437.912,11.547,9.696,13.043,17.042,-212.789,-446.369,28.589,-203.094,-433.326
2323,Tab Solder-1,busbar,62.918,-107.380,-167.941,-442.070,16.900,2.400,1.600,-115.830,-169.141,-442.870,-98.930,-166.741,-441.270
2324,Tab Solder-1,busbar,62.918,-25.380,-234.341,-442.070,16.900,2.400,1.600,-33.830,-235.541,-442.870,-16.930,-233.141,-441.270
2325,NCU18WB473D6SRB-1,other,0.969,-66.380,-201.441,-440.870,1.600,0.800,0.800,-67.180,-201.841,-441.270,-65.580,-201.041,-440.470
2326,Cell Mounting Tape-1,structure,29.032,-4.880,-172.641,-440.698,6.350,4.000,1.143,-8.055,-174.641,-441.270,-1.705,-170.641,-440.127
2327,Tab Solder-1,busbar,62.918,-25.380,-101.541,-442.070,16.900,2.400,1.600,-33.830,-102.741,-442.870,-16.930,-100.341,-441.270
2328,705510075-1__Imported1,other,710.957,-246.851,-179.372,-438.568,13.589,19.048,10.795,-254.130,-188.895,-445.080,-240.541,-169.848,-434.285
2329,Tab Solder-1,busbar,62.918,-86.880,-101.541,-442.070,16.900,2.400,1.600,-95.330,-102.741,-442.870,-78.430,-100.341,-441.270
2330,Cell Mounting Tape-1,structure,29.032,-230.380,-172.641,-440.698,6.350,4.000,1.143,-233.555,-174.641,-441.270,-227.205,-170.641,-440.127
2331,Tab Solder-1,busbar,62.918,-86.880,-167.941,-442.070,16.900,2.400,1.600,-95.330,-169.141,-442.870,-78.430,-166.741,-441.270
2332,Cell Mounting Tape-1,structure,29.032,-25.380,-172.641,-440.698,6.350,4.000,1.143,-28.555,-174.641,-441.270,-22.205,-170.641,-440.127
2333,Cell Mounting Tape-1,structure,29.032,-45.880,-172.641,-440.698,6.350,4.000,1.143,-49.055,-174.641,-441.270,-42.705,-170.641,-440.127
2334,Cell Mounting Tape-1,structure,29.032,-148.380,-163.241,-440.698,6.350,4.000,1.143,-151.555,-165.241,-441.270,-145.205,-161.241,-440.127
2335,Cell Mounting Tape-1,structure,29.032,-66.380,-172.641,-440.698,6.350,4.000,1.143,-69.555,-174.641,-441.270,-63.205,-170.641,-440.127
2336,Cell Mounting Tape-1,structure,29.032,-168.880,-229.941,-440.698,6.350,4.000,1.143,-172.055,-231.941,-441.270,-165.705,-227.941,-440.127
2337,Cell Mounting Tape-1,structure,29.032,-148.380,-229.941,-440.698,6.350,4.000,1.143,-151.555,-231.941,-441.270,-145.205,-227.941,-440.127
2338,Tab Sheet-1,busbar,461.398,-113.149,-234.246,-437.794,258.758,0.203,10.000,-242.009,-234.348,-443.270,16.748,-234.145,-433.270
2339,Tab Solder-1,busbar,62.918,-66.380,-101.541,-442.070,16.900,2.400,1.600,-74.830,-102.741,-442.870,-57.930,-100.341,-441.270
2340,Tab Solder-1,busbar,62.918,-107.380,-101.541,-442.070,16.900,2.400,1.600,-115.830,-102.741,-442.870,-98.930,-100.341,-441.270
2341,Cell Mounting Tape-1,structure,29.032,-168.880,-105.941,-440.698,6.350,4.000,1.143,-172.055,-107.941,-441.270,-165.705,-103.941,-440.127
2342,NCU18WB473D6SRB-1,other,0.969,7.995,-176.441,-443.270,1.656,1.656,0.800,7.167,-177.269,-443.670,8.822,-175.614,-442.870
2343,7792-1__NONE,other,206.066,23.446,-127.941,-437.912,11.547,9.696,13.043,17.042,-132.789,-446.369,28.589,-123.094,-433.326
2344,90183A214_Washer for Blind Rivets-1,fastener,86.804,27.545,-127.941,-432.270,1.651,9.525,9.525,26.720,-132.704,-437.032,28.371,-123.179,-427.507
2345,7461111-1__1,other,762.098,23.401,-127.941,-435.951,9.000,9.000,17.500,17.720,-132.441,-444.770,26.720,-123.441,-427.270
2346,LG INR18650 MJ1-1,cell,17259.578,-127.880,-134.441,-431.127,19.916,65.000,19.916,-137.838,-166.941,-441.085,-117.922,-101.941,-421.169
2347,Tab Sheet-1,busbar,461.398,-113.149,-101.637,-437.794,258.758,0.203,10.000,-242.009,-101.738,-443.270,16.748,-101.535,-433.270
2348,LG INR18650 MJ1-1,cell,17259.578,-66.380,-134.441,-431.127,19.916,65.000,19.916,-76.338,-166.941,-441.085,-56.422,-101.941,-421.169
2349,LG INR18650 MJ1-1,cell,17259.578,-209.880,-134.441,-431.127,19.916,65.000,19.916,-219.838,-166.941,-441.085,-199.922,-101.941,-421.169
2350,Cell Mounting Tape-1,structure,29.032,-25.380,-105.941,-440.698,6.350,4.000,1.143,-28.555,-107.941,-441.270,-22.205,-103.941,-440.127
2351,LG INR18650 MJ1-1,cell,17259.578,-107.380,-201.441,-431.127,19.916,65.000,19.916,-117.338,-233.941,-441.085,-97.422,-168.941,-421.169
2352,Tab Solder-1,busbar,62.918,-230.380,-101.541,-442.070,16.900,2.400,1.600,-238.830,-102.741,-442.870,-221.930,-100.341,-441.270
2353,LG INR18650 MJ1-1,cell,17259.578,-45.880,-134.441,-431.127,19.916,65.000,19.916,-55.838,-166.941,-441.085,-35.922,-101.941,-421.169
2354,Cell Mounting Tape-1,structure,29.032,-86.880,-172.641,-440.698,6.350,4.000,1.143,-90.055,-174.641,-441.270,-83.705,-170.641,-440.127
2355,7461111-1__1,other,762.098,-248.412,-164.131,-435.951,9.000,9.000,17.500,-251.730,-168.631,-444.770,-242.730,-159.631,-427.270
2356,7792-1__NONE,other,206.066,-248.457,-164.131,-437.912,11.547,9.696,13.043,-253.600,-168.979,-446.369,-242.053,-159.284,-433.326
2357,90183A214_Washer for Blind Rivets-1,fastener,86.804,-252.556,-164.131,-432.270,1.651,9.525,9.525,-253.381,-168.894,-437.032,-251.730,-159.369,-427.507
2358,Tab Solder-1,busbar,62.918,-148.380,-234.341,-442.070,16.900,2.400,1.600,-156.830,-235.541,-442.870,-139.930,-233.141,-441.270
2359,LG INR18650 MJ1-1,cell,17259.578,-209.880,-201.441,-431.127,19.916,65.000,19.916,-219.838,-233.941,-441.085,-199.922,-168.941,-421.169
2360,LG INR18650 MJ1-1,cell,17259.578,-86.880,-201.441,-330.327,19.916,65.000,19.916,-96.838,-233.941,-340.285,-76.922,-168.941,-320.369
2361,Cell Mounting Tape-1,structure,29.032,-209.880,-163.241,-339.898,6.350,4.000,1.143,-213.055,-165.241,-340.470,-206.705,-161.241,-339.327
2362,Cell Mounting Tape-1,structure,29.032,-66.380,-172.641,-339.898,6.350,4.000,1.143,-69.555,-174.641,-340.470,-63.205,-170.641,-339.327
2363,Tab Solder-1,busbar,62.918,-45.880,-234.341,-341.270,16.900,2.400,1.600,-54.330,-235.541,-342.070,-37.430,-233.141,-340.470
2364,Cell Mounting Tape-1,structure,29.032,-230.380,-172.641,-339.898,6.350,4.000,1.143,-233.555,-174.641,-340.470,-227.205,-170.641,-339.327
2365,Cell Mounting Tape-1,structure,29.032,-25.380,-229.941,-339.898,6.350,4.000,1.143,-28.555,-231.941,-340.470,-22.205,-227.941,-339.327
2366,Tab Solder-1,busbar,62.918,-168.880,-101.541,-341.270,16.900,2.400,1.600,-177.330,-102.741,-342.070,-160.430,-100.341,-340.470
2367,Tab Solder-1,busbar,62.918,-148.380,-167.941,-341.270,16.900,2.400,1.600,-156.830,-169.141,-342.070,-139.930,-166.741,-340.470
2368,Cell Mounting Tape-1,structure,29.032,-189.380,-105.941,-339.898,6.350,4.000,1.143,-192.555,-107.941,-340.470,-186.205,-103.941,-339.327
2369,LG INR18650 MJ1-1,cell,17259.578,-107.380,-201.441,-330.327,19.916,65.000,19.916,-117.338,-233.941,-340.285,-97.422,-168.941,-320.369
2370,Cell Mounting Tape-1,structure,29.032,-168.880,-105.941,-339.898,6.350,4.000,1.143,-172.055,-107.941,-340.470,-165.705,-103.941,-339.327
2371,Cell Mounting Tape-1,structure,29.032,-127.880,-229.941,-339.898,6.350,4.000,1.143,-131.055,-231.941,-340.470,-124.705,-227.941,-339.327
2372,Tab Solder-1,busbar,62.918,-127.880,-101.541,-341.270,16.900,2.400,1.600,-136.330,-102.741,-342.070,-119.430,-100.341,-340.470
2373,Tab Solder-1,busbar,62.918,-4.880,-101.541,-341.270,16.900,2.400,1.600,-13.330,-102.741,-342.070,3.570,-100.341,-340.470
2374,Cell Mounting Tape-1,structure,29.032,-107.380,-105.941,-339.898,6.350,4.000,1.143,-110.555,-107.941,-340.470,-104.205,-103.941,-339.327
2375,Cell Mounting Tape-1,structure,29.032,-168.880,-229.941,-339.898,6.350,4.000,1.143,-172.055,-231.941,-340.470,-165.705,-227.941,-339.327
2376,Tab Solder-1,busbar,62.918,-189.380,-234.341,-341.270,16.900,2.400,1.600,-197.830,-235.541,-342.070,-180.930,-233.141,-340.470
2377,Tab Solder-1,busbar,62.918,-209.880,-101.541,-341.270,16.900,2.400,1.600,-218.330,-102.741,-342.070,-201.430,-100.341,-340.470
2378,Cell Mounting Tape-1,structure,29.032,-45.880,-163.241,-339.898,6.350,4.000,1.143,-49.055,-165.241,-340.470,-42.705,-161.241,-339.327
2379,LG INR18650 MJ1-1,cell,17259.578,-45.880,-201.441,-330.327,19.916,65.000,19.916,-55.838,-233.941,-340.285,-35.922,-168.941,-320.369
2380,Tab Solder-1,busbar,62.918,-230.380,-167.941,-341.270,16.900,2.400,1.600,-238.830,-169.141,-342.070,-221.930,-166.741,-340.470
2381,Cell Mounting Tape-1,structure,29.032,-4.880,-229.941,-339.898,6.350,4.000,1.143,-8.055,-231.941,-340.470,-1.705,-227.941,-339.327
2382,Tab Solder-1,busbar,62.918,-107.380,-234.341,-341.270,16.900,2.400,1.600,-115.830,-235.541,-342.070,-98.930,-233.141,-340.470
2383,Cell Mounting Tape-1,structure,29.032,-230.380,-105.941,-339.898,6.350,4.000,1.143,-233.555,-107.941,-340.470,-227.205,-103.941,-339.327
2384,Tab Solder-1,busbar,62.918,-45.880,-167.941,-341.270,16.900,2.400,1.600,-54.330,-169.141,-342.070,-37.430,-166.741,-340.470
2385,Tab Solder-1,busbar,62.918,-189.380,-101.541,-341.270,16.900,2.400,1.600,-197.830,-102.741,-342.070,-180.930,-100.341,-340.470
2386,705510075-1__Imported1,other,710.957,-246.851,-179.372,-337.768,13.589,19.048,10.795,-254.130,-188.895,-344.280,-240.541,-169.848,-333.485
2387,Tab Sheet-1,busbar,461.398,-113.149,-168.840,-336.994,258.758,0.203,10.000,-242.009,-168.941,-342.470,16.748,-168.738,-332.470
2388,Tab Sheet-1,busbar,461.398,-113.149,-167.043,-336.994,258.758,0.203,10.000,-242.009,-167.145,-342.470,16.748,-166.941,-332.470
2389,Tab Solder-1,busbar,62.918,-25.380,-101.541,-341.270,16.900,2.400,1.600,-33.830,-102.741,-342.070,-16.930,-100.341,-340.470
2390,Tab Solder-1,busbar,62.918,-168.880,-167.941,-341.270,16.900,2.400,1.600,-177.330,-169.141,-342.070,-160.430,-166.741,-340.470
2391,LG INR18650 MJ1-1,cell,17259.578,-25.380,-134.441,-330.327,19.916,65.000,19.916,-35.338,-166.941,-340.285,-15.422,-101.941,-320.369
2392,Tab Sheet-1,busbar,461.398,-113.149,-168.637,-336.994,258.758,0.203,10.000,-242.009,-168.738,-342.470,16.748,-168.535,-332.470
2393,Cell Mounting Tape-1,structure,29.032,-45.880,-105.941,-339.898,6.350,4.000,1.143,-49.055,-107.941,-340.470,-42.705,-103.941,-339.327
2394,90183A214_Washer for Blind Rivets-1,fastener,86.804,-252.556,-164.131,-331.470,1.651,9.525,9.525,-253.381,-168.894,-336.232,-251.730,-159.369,-326.707
2395,7461111-1__1,other,762.098,-248.412,-164.131,-335.151,9.000,9.000,17.500,-251.730,-168.631,-343.970,-242.730,-159.631,-326.470
2396,7792-1__NONE,other,206.066,-248.457,-164.131,-337.112,11.547,9.696,13.043,-253.600,-168.979,-345.569,-242.053,-159.284,-332.526
2397,Cell Mounting Tape-1,structure,29.032,-4.880,-163.241,-339.898,6.350,4.000,1.143,-8.055,-165.241,-340.470,-1.705,-161.241,-339.327
2398,LG INR18650 MJ1-1,cell,17259.578,-168.880,-201.441,-330.327,19.916,65.000,19.916,-178.838,-233.941,-340.285,-158.922,-168.941,-320.369
2399,Tab Solder-1,busbar,62.918,-45.880,-101.541,-341.270,16.900,2.400,1.600,-54.330,-102.741,-342.070,-37.430,-100.341,-340.470
2400,LG INR18650 MJ1-1,cell,17259.578,-148.380,-134.441,-330.327,19.916,65.000,19.916,-158.338,-166.941,-340.285,-138.422,-101.941,-320.369
2401,V_r Connection-1,busbar,99.053,-114.458,-165.987,-342.451,255.447,6.541,0.762,-240.799,-170.984,-342.832,14.648,-164.443,-342.070
2402,V_r Connection-1,busbar,19.101,-114.438,-166.010,-342.451,256.610,8.997,0.305,-240.993,-172.471,-342.603,15.617,-163.474,-342.298
2403,Cell Mounting Tape-1,structure,29.032,-86.880,-172.641,-339.898,6.350,4.000,1.143,-90.055,-174.641,-340.470,-83.705,-170.641,-339.327
2404,Cell Mounting Tape-1,structure,29.032,-189.380,-172.641,-339.898,6.350,4.000,1.143,-192.555,-174.641,-340.470,-186.205,-170.641,-339.327
2405,Cell Mounting Tape-1,structure,29.032,-66.380,-163.241,-339.898,6.350,4.000,1.143,-69.555,-165.241,-340.470,-63.205,-161.241,-339.327
2406,Tab Solder-1,busbar,62.918,-209.880,-167.941,-341.270,16.900,2.400,1.600,-218.330,-169.141,-342.070,-201.430,-166.741,-340.470
2407,Cell Mounting Tape-1,structure,29.032,-86.880,-229.941,-339.898,6.350,4.000,1.143,-90.055,-231.941,-340.470,-83.705,-227.941,-339.327
2408,LG INR18650 MJ1-1,cell,17259.578,-107.380,-134.441,-330.327,19.916,65.000,19.916,-117.338,-166.941,-340.285,-97.422,-101.941,-320.369
2409,Tab Solder-1,busbar,62.918,-230.380,-101.541,-341.270,16.900,2.400,1.600,-238.830,-102.741,-342.070,-221.930,-100.341,-340.470
2410,LG INR18650 MJ1-1,cell,17259.578,-230.380,-201.441,-330.327,19.916,65.000,19.916,-240.338,-233.941,-340.285,-220.422,-168.941,-320.369
2411,LG INR18650 MJ1-1,cell,17259.578,-66.380,-134.441,-330.327,19.916,65.000,19.916,-76.338,-166.941,-340.285,-56.422,-101.941,-320.369
2412,NCU18WB473D6SRB-1,other,0.969,-66.380,-201.441,-340.070,1.600,0.800,0.800,-67.180,-201.841,-340.470,-65.580,-201.041,-339.670
2413,Cell Mounting Tape-1,structure,29.032,-25.380,-105.941,-339.898,6.350,4.000,1.143,-28.555,-107.941,-340.470,-22.205,-103.941,-339.327
2414,Cell Mounting Tape-1,structure,29.032,-230.380,-163.241,-339.898,6.350,4.000,1.143,-233.555,-165.241,-340.470,-227.205,-161.241,-339.327
2415,Divider Board-1,structure,32215.758,-109.985,-168.996,-341.270,298.250,158.000,1.600,-261.630,-246.941,-342.070,36.620,-88.941,-340.470
2416,90183A214_Washer for Blind Rivets-1,fastener,86.804,27.545,-207.941,-331.470,1.651,9.525,9.525,26.720,-212.704,-336.232,28.371,-203.179,-326.707
2417,7461111-1__1,other,762.098,23.401,-207.941,-335.151,9.000,9.000,17.500,17.720,-212.441,-343.970,26.720,-203.441,-326.470
2418,7792-1__NONE,other,206.066,23.446,-207.941,-337.112,11.547,9.696,13.043,17.042,-212.789,-345.569,28.589,-203.094,-332.526
2419,Cell Mounting Tape-1,structure,29.032,-148.380,-172.641,-339.898,6.350,4.000,1.143,-151.555,-174.641,-340.470,-145.205,-170.641,-339.327
2420,Cell Mounting Tape-1,structure,29.032,-86.880,-163.241,-339.898,6.350,4.000,1.143,-90.055,-165.241,-340.470,-83.705,-161.241,-339.327
2421,Cell Mounting Tape-1,structure,29.032,-209.880,-105.941,-339.898,6.350,4.000,1.143,-213.055,-107.941,-340.470,-206.705,-103.941,-339.327
2422,Cell Mounting Tape-1,structure,29.032,-189.380,-163.241,-339.898,6.350,4.000,1.143,-192.555,-165.241,-340.470,-186.205,-161.241,-339.327
2423,Tab Sheet-1,busbar,461.398,-113.149,-101.840,-336.994,258.758,0.203,10.000,-242.009,-101.941,-342.470,16.748,-101.738,-332.470
2424,Cell Mounting Tape-1,structure,29.032,-209.880,-172.641,-339.898,6.350,4.000,1.143,-213.055,-174.641,-340.470,-206.705,-170.641,-339.327
2425,Tab Solder-1,busbar,62.918,-148.380,-234.341,-341.270,16.900,2.400,1.600,-156.830,-235.541,-342.070,-139.930,-233.141,-340.470
2426,Tab Solder-1,busbar,62.918,-86.880,-101.541,-341.270,16.900,2.400,1.600,-95.330,-102.741,-342.070,-78.430,-100.341,-340.470
2427,LG INR18650 MJ1-1,cell,17259.578,-230.380,-134.441,-330.327,19.916,65.000,19.916,-240.338,-166.941,-340.285,-220.422,-101.941,-320.369
2428,LG INR18650 MJ1-1,cell,17259.578,-4.880,-134.441,-330.327,19.916,65.000,19.916,-14.838,-166.941,-340.285,5.078,-101.941,-320.369
2429,Tab Solder-1,busbar,62.918,-66.380,-167.941,-341.270,16.900,2.400,1.600,-74.830,-169.141,-342.070,-57.930,-166.741,-340.470
2430,Tab Solder-1,busbar,62.918,-86.880,-167.941,-341.270,16.900,2.400,1.600,-95.330,-169.141,-342.070,-78.430,-166.741,-340.470
2431,Tab Sheet-1,busbar,461.398,-113.149,-167.246,-336.994,258.758,0.203,10.000,-242.009,-167.348,-342.470,16.748,-167.145,-332.470
2432,Cell Mounting Tape-1,structure,29.032,-107.380,-229.941,-339.898,6.350,4.000,1.143,-110.555,-231.941,-340.470,-104.205,-227.941,-339.327
2433,Cell Mounting Tape-1,structure,29.032,-189.380,-229.941,-339.898,6.350,4.000,1.143,-192.555,-231.941,-340.470,-186.205,-227.941,-339.327
2434,LG INR18650 MJ1-1,cell,17259.578,-168.880,-134.441,-330.327,19.916,65.000,19.916,-178.838,-166.941,-340.285,-158.922,-101.941,-320.369
2435,Cell Mounting Tape-1,structure,29.032,-25.380,-172.641,-339.898,6.350,4.000,1.143,-28.555,-174.641,-340.470,-22.205,-170.641,-339.327
2436,Cell Mounting Tape-1,structure,29.032,-45.880,-172.641,-339.898,6.350,4.000,1.143,-49.055,-174.641,-340.470,-42.705,-170.641,-339.327
2437,Cell Mounting Tape-1,structure,29.032,-148.380,-163.241,-339.898,6.350,4.000,1.143,-151.555,-165.241,-340.470,-145.205,-161.241,-339.327
2438,705510072-1__Imported1,other,440.432,-247.152,-152.669,-337.909,13.589,11.428,10.795,-254.130,-158.415,-344.280,-240.541,-146.988,-333.485
2439,Tab Sheet-1,busbar,461.398,-113.149,-234.043,-336.994,258.758,0.203,10.000,-242.009,-234.145,-342.470,16.748,-233.941,-332.470
2440,Tab Sheet-1,busbar,461.398,-113.149,-101.637,-336.994,258.758,0.203,10.000,-242.009,-101.738,-342.470,16.748,-101.535,-332.470
2441,LG INR18650 MJ1-1,cell,17259.578,-189.380,-134.441,-330.327,19.916,65.000,19.916,-199.338,-166.941,-340.285,-179.422,-101.941,-320.369
2442,Cell Mounting Tape-1,structure,29.032,-148.380,-105.941,-339.898,6.350,4.000,1.143,-151.555,-107.941,-340.470,-145.205,-103.941,-339.327
2443,LG INR18650 MJ1-1,cell,17259.578,-45.880,-134.441,-330.327,19.916,65.000,19.916,-55.838,-166.941,-340.285,-35.922,-101.941,-320.369
2444,LG INR18650 MJ1-1,cell,17259.578,-127.880,-201.441,-330.327,19.916,65.000,19.916,-137.838,-233.941,-340.285,-117.922,-168.941,-320.369
2445,LG INR18650 MJ1-1,cell,17259.578,-209.880,-134.441,-330.327,19.916,65.000,19.916,-219.838,-166.941,-340.285,-199.922,-101.941,-320.369
2446,Tab Solder-1,busbar,62.918,-127.880,-167.941,-341.270,16.900,2.400,1.600,-136.330,-169.141,-342.070,-119.430,-166.741,-340.470
2447,Tab Solder-1,busbar,62.918,-189.380,-167.941,-341.270,16.900,2.400,1.600,-197.830,-169.141,-342.070,-180.930,-166.741,-340.470
2448,Tab Solder-1,busbar,62.918,-107.380,-167.941,-341.270,16.900,2.400,1.600,-115.830,-169.141,-342.070,-98.930,-166.741,-340.470
2449,Cell Mounting Tape-1,structure,29.032,-66.380,-105.941,-339.898,6.350,4.000,1.143,-69.555,-107.941,-340.470,-63.205,-103.941,-339.327
2450,LG INR18650 MJ1-1,cell,17259.578,-66.380,-201.441,-330.327,19.916,65.000,19.916,-76.338,-233.941,-340.285,-56.422,-168.941,-320.369
2451,Tab Solder-1,busbar,62.918,-168.880,-234.341,-341.270,16.900,2.400,1.600,-177.330,-235.541,-342.070,-160.430,-233.141,-340.470
2452,Tab Solder-1,busbar,62.918,-107.380,-101.541,-341.270,16.900,2.400,1.600,-115.830,-102.741,-342.070,-98.930,-100.341,-340.470
2453,Tab Solder-1,busbar,62.918,-25.380,-167.941,-341.270,16.900,2.400,1.600,-33.830,-169.141,-342.070,-16.930,-166.741,-340.470
2454,LG INR18650 MJ1-1,cell,17259.578,-148.380,-201.441,-330.327,19.916,65.000,19.916,-158.338,-233.941,-340.285,-138.422,-168.941,-320.369
2455,Cell Mounting Tape-1,structure,29.032,-25.380,-163.241,-339.898,6.350,4.000,1.143,-28.555,-165.241,-340.470,-22.205,-161.241,-339.327
2456,Cell Mounting Tape-1,structure,29.032,-107.380,-172.641,-339.898,6.350,4.000,1.143,-110.555,-174.641,-340.470,-104.205,-170.641,-339.327
2457,Cell Mounting Tape-1,structure,29.032,-127.880,-163.241,-339.898,6.350,4.000,1.143,-131.055,-165.241,-340.470,-124.705,-161.241,-339.327
2458,Cell Mounting Tape-1,structure,29.032,-127.880,-172.641,-339.898,6.350,4.000,1.143,-131.055,-174.641,-340.470,-124.705,-170.641,-339.327
2459,Module Spacer-1,structure,72657.225,-18.783,-167.987,-326.806,160.429,159.686,25.292,-117.650,-247.784,-340.489,42.780,-88.098,-315.197
2460,Module Spacer-1,structure,65797.381,-209.552,-167.993,-326.658,165.275,159.671,179.703,-282.894,-247.777,-424.676,-117.619,-88.106,-244.973
2461,LG INR18650 MJ1-1,cell,17259.578,-25.380,-201.441,-330.327,19.916,65.000,19.916,-35.338,-233.941,-340.285,-15.422,-168.941,-320.369
2462,Tab Solder-1,busbar,62.918,-66.380,-234.341,-341.270,16.900,2.400,1.600,-74.830,-235.541,-342.070,-57.930,-233.141,-340.470
2463,Tab Solder-1,busbar,62.918,-66.380,-101.541,-341.270,16.900,2.400,1.600,-74.830,-102.741,-342.070,-57.930,-100.341,-340.470
2464,Cell Mounting Tape-1,structure,29.032,-168.880,-172.641,-339.898,6.350,4.000,1.143,-172.055,-174.641,-340.470,-165.705,-170.641,-339.327
2465,Tab Solder-1,busbar,62.918,-4.880,-234.341,-341.270,16.900,2.400,1.600,-13.330,-235.541,-342.070,3.570,-233.141,-340.470
2466,LG INR18650 MJ1-1,cell,17259.578,-4.880,-201.441,-330.327,19.916,65.000,19.916,-14.838,-233.941,-340.285,5.078,-168.941,-320.369
2467,705510075-1__Imported1,other,710.957,21.840,-156.511,-337.768,13.589,19.048,10.795,15.531,-166.035,-344.280,29.120,-146.988,-333.485
2468,Cell Mounting Tape-1,structure,29.032,-230.380,-229.941,-339.898,6.350,4.000,1.143,-233.555,-231.941,-340.470,-227.205,-227.941,-339.327
2469,LG INR18650 MJ1-1,cell,17259.578,-209.880,-201.441,-330.327,19.916,65.000,19.916,-219.838,-233.941,-340.285,-199.922,-168.941,-320.369
2470,NCU18WB473D6SRB-1,other,0.969,-168.880,-201.441,-340.070,1.600,0.800,0.800,-169.680,-201.841,-340.470,-168.080,-201.041,-339.670
2471,NCU18WB473D6SRB-1,other,0.969,-66.380,-134.441,-340.070,1.600,0.800,0.800,-67.180,-134.841,-340.470,-65.580,-134.041,-339.670
2472,7792-1__NONE,other,206.066,23.446,-127.941,-337.112,11.547,9.696,13.043,17.042,-132.789,-345.569,28.589,-123.094,-332.526
2473,90183A214_Washer for Blind Rivets-1,fastener,86.804,27.545,-127.941,-331.470,1.651,9.525,9.525,26.720,-132.704,-336.232,28.371,-123.179,-326.707
2474,7461111-1__1,other,762.098,23.401,-127.941,-335.151,9.000,9.000,17.500,17.720,-132.441,-343.970,26.720,-123.441,-326.470
2475,LG INR18650 MJ1-1,cell,17259.578,-127.880,-134.441,-330.327,19.916,65.000,19.916,-137.838,-166.941,-340.285,-117.922,-101.941,-320.369
2476,Cell Mounting Tape-1,structure,29.032,-66.380,-229.941,-339.898,6.350,4.000,1.143,-69.555,-231.941,-340.470,-63.205,-227.941,-339.327
2477,Cell Mounting Tape-1,structure,29.032,-4.880,-172.641,-339.898,6.350,4.000,1.143,-8.055,-174.641,-340.470,-1.705,-170.641,-339.327
2478,Tab Solder-1,busbar,62.918,-148.380,-101.541,-341.270,16.900,2.400,1.600,-156.830,-102.741,-342.070,-139.930,-100.341,-340.470
2479,Tab Solder-1,busbar,62.918,-25.380,-234.341,-341.270,16.900,2.400,1.600,-33.830,-235.541,-342.070,-16.930,-233.141,-340.470
2480,705510072-1__Imported1,other,440.432,22.141,-183.214,-337.909,13.589,11.428,10.795,15.531,-188.895,-344.280,29.120,-177.468,-333.485
2481,Cell Mounting Tape-1,structure,29.032,-45.880,-229.941,-339.898,6.350,4.000,1.143,-49.055,-231.941,-340.470,-42.705,-227.941,-339.327
2482,Cell Mounting Tape-1,structure,29.032,-209.880,-229.941,-339.898,6.350,4.000,1.143,-213.055,-231.941,-340.470,-206.705,-227.941,-339.327
2483,Tab Solder-1,busbar,62.918,-127.880,-234.341,-341.270,16.900,2.400,1.600,-136.330,-235.541,-342.070,-119.430,-233.141,-340.470
2484,Cell Mounting Tape-1,structure,29.032,-4.880,-105.941,-339.898,6.350,4.000,1.143,-8.055,-107.941,-340.470,-1.705,-103.941,-339.327
2485,LG INR18650 MJ1-1,cell,17259.578,-86.880,-134.441,-330.327,19.916,65.000,19.916,-96.838,-166.941,-340.285,-76.922,-101.941,-320.369
2486,NCU18WB473D6SRB-1,other,0.969,-168.880,-134.441,-340.070,1.600,0.800,0.800,-169.680,-134.841,-340.470,-168.080,-134.041,-339.670
2487,90183A214_Washer for Blind Rivets-1,fastener,86.804,-252.556,-127.941,-331.470,1.651,9.525,9.525,-253.381,-132.704,-336.232,-251.730,-123.179,-326.707
2488,7461111-1__1,other,762.098,-248.412,-127.941,-335.151,9.000,9.000,17.500,-251.730,-132.441,-343.970,-242.730,-123.441,-326.470
2489,7792-1__NONE,other,206.066,-248.457,-127.941,-337.112,11.547,9.696,13.043,-253.600,-132.789,-345.569,-242.053,-123.094,-332.526
2490,Tab Solder-1,busbar,62.918,-86.880,-234.341,-341.270,16.900,2.400,1.600,-95.330,-235.541,-342.070,-78.430,-233.141,-340.470
2491,Cell Mounting Tape-1,structure,29.032,-127.880,-105.941,-339.898,6.350,4.000,1.143,-131.055,-107.941,-340.470,-124.705,-103.941,-339.327
2492,Cell Mounting Tape-1,structure,29.032,-107.380,-163.241,-339.898,6.350,4.000,1.143,-110.555,-165.241,-340.470,-104.205,-161.241,-339.327
2493,Tab Solder-1,busbar,62.918,-4.880,-167.941,-341.270,16.900,2.400,1.600,-13.330,-169.141,-342.070,3.570,-166.741,-340.470
2494,7792-1__NONE,other,206.066,23.446,-171.751,-337.112,11.547,9.696,13.043,17.042,-176.599,-345.569,28.589,-166.904,-332.526
2495,7461111-1__1,other,762.098,23.401,-171.751,-335.151,9.000,9.000,17.500,17.720,-176.251,-343.970,26.720,-167.251,-326.470
2496,90183A214_Washer for Blind Rivets-1,fastener,86.804,27.545,-171.751,-331.470,1.651,9.525,9.525,26.720,-176.514,-336.232,28.371,-166.989,-326.707
2497,LG INR18650 MJ1-1,cell,17259.578,-189.380,-201.441,-330.327,19.916,65.000,19.916,-199.338,-233.941,-340.285,-179.422,-168.941,-320.369
2498,90183A214_Washer for Blind Rivets-1,fastener,86.804,-252.556,-207.941,-331.470,1.651,9.525,9.525,-253.381,-212.704,-336.232,-251.730,-203.179,-326.707
2499,7792-1__NONE,other,206.066,-248.457,-207.941,-337.112,11.547,9.696,13.043,-253.600,-212.789,-345.569,-242.053,-203.094,-332.526
2500,7461111-1__1,other,762.098,-248.412,-207.941,-335.151,9.000,9.000,17.500,-251.730,-212.441,-343.970,-242.730,-203.441,-326.470
2501,Tab Solder-1,busbar,62.918,-209.880,-234.341,-341.270,16.900,2.400,1.600,-218.330,-235.541,-342.070,-201.430,-233.141,-340.470
2502,Cell Mounting Tape-1,structure,29.032,-148.380,-229.941,-339.898,6.350,4.000,1.143,-151.555,-231.941,-340.470,-145.205,-227.941,-339.327
2503,NCU18WB473D6SRB-1,other,0.969,7.995,-176.441,-342.470,1.656,1.656,0.800,7.167,-177.269,-342.870,8.822,-175.614,-342.070
2504,Tab Sheet-1,busbar,461.398,-113.149,-234.246,-336.994,258.758,0.203,10.000,-242.009,-234.348,-342.470,16.748,-234.145,-332.470
2505,Tab Solder-1,busbar,62.918,-230.380,-234.341,-341.270,16.900,2.400,1.600,-238.830,-235.541,-342.070,-221.930,-233.141,-340.470
2506,Cell Mounting Tape-1,structure,29.032,-86.880,-105.941,-339.898,6.350,4.000,1.143,-90.055,-107.941,-340.470,-83.705,-103.941,-339.327
2507,Cell Mounting Tape-1,structure,29.032,-168.880,-163.241,-339.898,6.350,4.000,1.143,-172.055,-165.241,-340.470,-165.705,-161.241,-339.327
2508,Cell Mounting Tape-1,structure,29.032,-76.630,-105.941,-465.898,6.350,4.000,1.143,-79.805,-107.941,-466.470,-73.455,-103.941,-465.327
2509,Tab Solder-1,busbar,62.918,-56.130,-167.941,-467.270,16.900,2.400,1.600,-64.580,-169.141,-468.070,-47.680,-166.741,-466.470
2510,LG INR18650 MJ1-1,cell,17259.578,-35.630,-201.441,-456.327,19.916,65.000,19.916,-45.588,-233.941,-466.285,-25.672,-168.941,-446.369
2511,Tab Solder-1,busbar,62.918,-117.630,-234.341,-467.270,16.900,2.400,1.600,-126.080,-235.541,-468.070,-109.180,-233.141,-466.470
2512,Tab Solder-1,busbar,62.918,5.370,-101.541,-467.270,16.900,2.400,1.600,-3.080,-102.741,-468.070,13.820,-100.341,-466.470
2513,LG INR18650 MJ1-1,cell,17259.578,5.370,-134.441,-456.327,19.916,65.000,19.916,-4.588,-166.941,-466.285,15.328,-101.941,-446.369
2514,Cell Mounting Tape-1,structure,29.032,-138.130,-229.941,-465.898,6.350,4.000,1.143,-141.305,-231.941,-466.470,-134.955,-227.941,-465.327
2515,Tab Solder-1,busbar,62.918,-199.630,-101.541,-467.270,16.900,2.400,1.600,-208.080,-102.741,-468.070,-191.180,-100.341,-466.470
2516,Tab Solder-1,busbar,62.918,-56.130,-234.341,-467.270,16.900,2.400,1.600,-64.580,-235.541,-468.070,-47.680,-233.141,-466.470
2517,Cell Mounting Tape-1,structure,29.032,-56.130,-229.941,-465.898,6.350,4.000,1.143,-59.305,-231.941,-466.470,-52.955,-227.941,-465.327
2518,Cell Mounting Tape-1,structure,29.032,-56.130,-163.241,-465.898,6.350,4.000,1.143,-59.305,-165.241,-466.470,-52.955,-161.241,-465.327
2519,Cell Mounting Tape-1,structure,29.032,-199.630,-105.941,-465.898,6.350,4.000,1.143,-202.805,-107.941,-466.470,-196.455,-103.941,-465.327
2520,Cell Mounting Tape-1,structure,29.032,-179.130,-229.941,-465.898,6.350,4.000,1.143,-182.305,-231.941,-466.470,-175.955,-227.941,-465.327
2521,705510072-1__Imported1,other,440.432,-247.152,-152.669,-463.909,13.589,11.428,10.795,-254.130,-158.415,-470.280,-240.541,-146.988,-459.485
2522,Cell Mounting Tape-1,structure,29.032,-158.630,-105.941,-465.898,6.350,4.000,1.143,-161.805,-107.941,-466.470,-155.455,-103.941,-465.327
2523,Cell Mounting Tape-1,structure,29.032,-117.630,-172.641,-465.898,6.350,4.000,1.143,-120.805,-174.641,-466.470,-114.455,-170.641,-465.327
2524,Tab Sheet-1,busbar,461.398,-111.861,-167.043,-462.994,258.758,0.203,10.000,-241.759,-167.145,-468.470,16.998,-166.941,-458.470
2525,Tab Solder-1,busbar,62.918,-15.130,-101.541,-467.270,16.900,2.400,1.600,-23.580,-102.741,-468.070,-6.680,-100.341,-466.470
2526,NCU18WB473D6SRB-1,other,0.969,-56.130,-201.441,-466.070,1.600,0.800,0.800,-56.930,-201.841,-466.470,-55.330,-201.041,-465.670
2527,LG INR18650 MJ1-1,cell,17259.578,-15.130,-134.441,-456.327,19.916,65.000,19.916,-25.088,-166.941,-466.285,-5.172,-101.941,-446.369
2528,Tab Solder-1,busbar,62.918,-220.130,-167.941,-467.270,16.900,2.400,1.600,-228.580,-169.141,-468.070,-211.680,-166.741,-466.470
2529,Cell Mounting Tape-1,structure,29.032,-97.130,-163.241,-465.898,6.350,4.000,1.143,-100.305,-165.241,-466.470,-93.955,-161.241,-465.327
2530,Cell Mounting Tape-1,structure,29.032,-199.630,-163.241,-465.898,6.350,4.000,1.143,-202.805,-165.241,-466.470,-196.455,-161.241,-465.327
2531,LG INR18650 MJ1-1,cell,17259.578,-220.130,-201.441,-456.327,19.916,65.000,19.916,-230.088,-233.941,-466.285,-210.172,-168.941,-446.369
2532,Tab Solder-1,busbar,62.918,-220.130,-101.541,-467.270,16.900,2.400,1.600,-228.580,-102.741,-468.070,-211.680,-100.341,-466.470
2533,NCU18WB473D6SRB-1,other,0.969,-233.005,-159.441,-468.470,1.656,1.656,0.800,-233.833,-160.269,-468.870,-232.178,-158.614,-468.070
2534,Tab Solder-1,busbar,62.918,-15.130,-234.341,-467.270,16.900,2.400,1.600,-23.580,-235.541,-468.070,-6.680,-233.141,-466.470
2535,Tab Solder-1,busbar,62.918,-179.130,-101.541,-467.270,16.900,2.400,1.600,-187.580,-102.741,-468.070,-170.680,-100.341,-466.470
2536,Cell Mounting Tape-1,structure,29.032,-117.630,-229.941,-465.898,6.350,4.000,1.143,-120.805,-231.941,-466.470,-114.455,-227.941,-465.327
2537,Cell Mounting Tape-1,structure,29.032,-76.630,-172.641,-465.898,6.350,4.000,1.143,-79.805,-174.641,-466.470,-73.455,-170.641,-465.327
2538,LG INR18650 MJ1-1,cell,17259.578,-76.630,-201.441,-456.327,19.916,65.000,19.916,-86.588,-233.941,-466.285,-66.672,-168.941,-446.369
2539,LG INR18650 MJ1-1,cell,17259.578,-35.630,-134.441,-456.327,19.916,65.000,19.916,-45.588,-166.941,-466.285,-25.672,-101.941,-446.369
2540,Tab Sheet-1,busbar,461.398,-111.861,-168.840,-462.994,258.758,0.203,10.000,-241.759,-168.941,-468.470,16.998,-168.738,-458.470
2541,NCU18WB473D6SRB-1,other,0.969,-158.630,-134.441,-466.070,1.600,0.800,0.800,-159.430,-134.841,-466.470,-157.830,-134.041,-465.670
2542,Tab Solder-1,busbar,62.918,-76.630,-234.341,-467.270,16.900,2.400,1.600,-85.080,-235.541,-468.070,-68.180,-233.141,-466.470
2543,Tab Sheet-1,busbar,461.398,-111.861,-234.043,-462.994,258.758,0.203,10.000,-241.759,-234.145,-468.470,16.998,-233.941,-458.470
2544,705510072-1__Imported1,other,440.432,22.141,-183.214,-463.909,13.589,11.428,10.795,15.531,-188.895,-470.280,29.120,-177.468,-459.485
2545,Tab Solder-1,busbar,62.918,-138.130,-101.541,-467.270,16.900,2.400,1.600,-146.580,-102.741,-468.070,-129.680,-100.341,-466.470
2546,Tab Solder-1,busbar,62.918,-199.630,-234.341,-467.270,16.900,2.400,1.600,-208.080,-235.541,-468.070,-191.180,-233.141,-466.470
2547,Cell Mounting Tape-1,structure,29.032,-56.130,-105.941,-465.898,6.350,4.000,1.143,-59.305,-107.941,-466.470,-52.955,-103.941,-465.327
2548,LG INR18650 MJ1-1,cell,17259.578,-97.130,-201.441,-456.327,19.916,65.000,19.916,-107.088,-233.941,-466.285,-87.172,-168.941,-446.369
2549,LG INR18650 MJ1-1,cell,17259.578,-15.130,-201.441,-456.327,19.916,65.000,19.916,-25.088,-233.941,-466.285,-5.172,-168.941,-446.369
2550,7461111-1__1,other,762.098,-248.412,-207.941,-461.151,9.000,9.000,17.500,-251.730,-212.441,-469.970,-242.730,-203.441,-452.470
2551,90183A214_Washer for Blind Rivets-1,fastener,86.804,-252.556,-207.941,-457.470,1.651,9.525,9.525,-253.381,-212.704,-462.232,-251.730,-203.179,-452.707
2552,7792-1__NONE,other,206.066,-248.457,-207.941,-463.112,11.547,9.696,13.043,-253.600,-212.789,-471.569,-242.053,-203.094,-458.526
2553,LG INR18650 MJ1-1,cell,17259.578,5.370,-201.441,-456.327,19.916,65.000,19.916,-4.588,-233.941,-466.285,15.328,-168.941,-446.369
2554,Tab Solder-1,busbar,62.918,-76.630,-101.541,-467.270,16.900,2.400,1.600,-85.080,-102.741,-468.070,-68.180,-100.341,-466.470
2555,Cell Mounting Tape-1,structure,29.032,-179.130,-105.941,-465.898,6.350,4.000,1.143,-182.305,-107.941,-466.470,-175.955,-103.941,-465.327
2556,LG INR18650 MJ1-1,cell,17259.578,-117.630,-201.441,-456.327,19.916,65.000,19.916,-127.588,-233.941,-466.285,-107.672,-168.941,-446.369
2557,Cell Mounting Tape-1,structure,29.032,-158.630,-163.241,-465.898,6.350,4.000,1.143,-161.805,-165.241,-466.470,-155.455,-161.241,-465.327
2558,Tab Solder-1,busbar,62.918,-76.630,-167.941,-467.270,16.900,2.400,1.600,-85.080,-169.141,-468.070,-68.180,-166.741,-466.470
2559,Tab Solder-1,busbar,62.918,-138.130,-167.941,-467.270,16.900,2.400,1.600,-146.580,-169.141,-468.070,-129.680,-166.741,-466.470
2560,Cell Mounting Tape-1,structure,29.032,-97.130,-229.941,-465.898,6.350,4.000,1.143,-100.305,-231.941,-466.470,-93.955,-227.941,-465.327
2561,Tab Solder-1,busbar,62.918,-199.630,-167.941,-467.270,16.900,2.400,1.600,-208.080,-169.141,-468.070,-191.180,-166.741,-466.470
2562,Tab Solder-1,busbar,62.918,-97.130,-101.541,-467.270,16.900,2.400,1.600,-105.580,-102.741,-468.070,-88.680,-100.341,-466.470
2563,Cell Mounting Tape-1,structure,29.032,-179.130,-163.241,-465.898,6.350,4.000,1.143,-182.305,-165.241,-466.470,-175.955,-161.241,-465.327
2564,LG INR18650 MJ1-1,cell,17259.578,-117.630,-134.441,-456.327,19.916,65.000,19.916,-127.588,-166.941,-466.285,-107.672,-101.941,-446.369
2565,Cell Mounting Tape-1,structure,29.032,-158.630,-172.641,-465.898,6.350,4.000,1.143,-161.805,-174.641,-466.470,-155.455,-170.641,-465.327
2566,NCU18WB473D6SRB-1,other,0.969,-56.130,-134.441,-466.070,1.600,0.800,0.800,-56.930,-134.841,-466.470,-55.330,-134.041,-465.670
2567,Tab Solder-1,busbar,62.918,-158.630,-234.341,-467.270,16.900,2.400,1.600,-167.080,-235.541,-468.070,-150.180,-233.141,-466.470
2568,Tab Solder-1,busbar,62.918,-56.130,-101.541,-467.270,16.900,2.400,1.600,-64.580,-102.741,-468.070,-47.680,-100.341,-466.470
2569,Cell Mounting Tape-1,structure,29.032,-220.130,-229.941,-465.898,6.350,4.000,1.143,-223.305,-231.941,-466.470,-216.955,-227.941,-465.327
2570,705510075-1__Imported1,other,710.957,21.840,-156.511,-463.768,13.589,19.048,10.795,15.531,-166.035,-470.280,29.120,-146.988,-459.485
2571,Tab Solder-1,busbar,62.918,-117.630,-167.941,-467.270,16.900,2.400,1.600,-126.080,-169.141,-468.070,-109.180,-166.741,-466.470
2572,Cell Mounting Tape-1,structure,29.032,-15.130,-172.641,-465.898,6.350,4.000,1.143,-18.305,-174.641,-466.470,-11.955,-170.641,-465.327
2573,7461111-1__1,other,762.098,-248.412,-127.941,-461.151,9.000,9.000,17.500,-251.730,-132.441,-469.970,-242.730,-123.441,-452.470
2574,90183A214_Washer for Blind Rivets-1,fastener,86.804,-252.556,-127.941,-457.470,1.651,9.525,9.525,-253.381,-132.704,-462.232,-251.730,-123.179,-452.707
2575,7792-1__NONE,other,206.066,-248.457,-127.941,-463.112,11.547,9.696,13.043,-253.600,-132.789,-471.569,-242.053,-123.094,-458.526
2576,Tab Solder-1,busbar,62.918,-35.630,-234.341,-467.270,16.900,2.400,1.600,-44.080,-235.541,-468.070,-27.180,-233.141,-466.470
2577,LG INR18650 MJ1-1,cell,17259.578,-76.630,-134.441,-456.327,19.916,65.000,19.916,-86.588,-166.941,-466.285,-66.672,-101.941,-446.369
2578,Tab Sheet-1,busbar,461.398,-111.861,-101.840,-462.994,258.758,0.203,10.000,-241.759,-101.941,-468.470,16.998,-101.738,-458.470
2579,LG INR18650 MJ1-1,cell,17259.578,-179.130,-201.441,-456.327,19.916,65.000,19.916,-189.088,-233.941,-466.285,-169.172,-168.941,-446.369
2580,LG INR18650 MJ1-1,cell,17259.578,-220.130,-134.441,-456.327,19.916,65.000,19.916,-230.088,-166.941,-466.285,-210.172,-101.941,-446.369
2581,90183A214_Washer for Blind Rivets-1,fastener,86.804,27.545,-171.751,-457.470,1.651,9.525,9.525,26.720,-176.514,-462.232,28.371,-166.989,-452.707
2582,7792-1__NONE,other,206.066,23.446,-171.751,-463.112,11.547,9.696,13.043,17.042,-176.599,-471.569,28.589,-166.904,-458.526
2583,7461111-1__1,other,762.098,23.401,-171.751,-461.151,9.000,9.000,17.500,17.720,-176.251,-469.970,26.720,-167.251,-452.470
2584,LG INR18650 MJ1-1,cell,17259.578,-158.630,-201.441,-456.327,19.916,65.000,19.916,-168.588,-233.941,-466.285,-148.672,-168.941,-446.369
2585,Cell Mounting Tape-1,structure,29.032,-138.130,-172.641,-465.898,6.350,4.000,1.143,-141.305,-174.641,-466.470,-134.955,-170.641,-465.327
2586,Cell Mounting Tape-1,structure,29.032,-97.130,-172.641,-465.898,6.350,4.000,1.143,-100.305,-174.641,-466.470,-93.955,-170.641,-465.327
2587,Tab Solder-1,busbar,62.918,-138.130,-234.341,-467.270,16.900,2.400,1.600,-146.580,-235.541,-468.070,-129.680,-233.141,-466.470
2588,Tab Solder-1,busbar,62.918,-15.130,-167.941,-467.270,16.900,2.400,1.600,-23.580,-169.141,-468.070,-6.680,-166.741,-466.470
2589,LG INR18650 MJ1-1,cell,17259.578,-199.630,-134.441,-456.327,19.916,65.000,19.916,-209.588,-166.941,-466.285,-189.672,-101.941,-446.369
2590,Cell Mounting Tape-1,structure,29.032,-56.130,-172.641,-465.898,6.350,4.000,1.143,-59.305,-174.641,-466.470,-52.955,-170.641,-465.327
2591,Cell Mounting Tape-1,structure,29.032,-15.130,-229.941,-465.898,6.350,4.000,1.143,-18.305,-231.941,-466.470,-11.955,-227.941,-465.327
2592,LG INR18650 MJ1-1,cell,17259.578,-138.130,-134.441,-456.327,19.916,65.000,19.916,-148.088,-166.941,-466.285,-128.172,-101.941,-446.369
2593,Cell Mounting Tape-1,structure,29.032,5.370,-105.941,-465.898,6.350,4.000,1.143,2.195,-107.941,-466.470,8.545,-103.941,-465.327
2594,LG INR18650 MJ1-1,cell,17259.578,-97.130,-134.441,-456.327,19.916,65.000,19.916,-107.088,-166.941,-466.285,-87.172,-101.941,-446.369
2595,Module Spacer-1,structure,65797.381,-15.459,-167.889,-452.658,165.275,159.671,179.703,-107.392,-247.777,-550.676,57.883,-88.106,-370.973
2596,Module Spacer-1,structure,72657.225,-206.228,-167.896,-452.806,160.429,159.686,25.292,-267.790,-247.784,-466.489,-107.361,-88.098,-441.197
2597,Tab Solder-1,busbar,62.918,-97.130,-234.341,-467.270,16.900,2.400,1.600,-105.580,-235.541,-468.070,-88.680,-233.141,-466.470
2598,LG INR18650 MJ1-1,cell,17259.578,-138.130,-201.441,-456.327,19.916,65.000,19.916,-148.088,-233.941,-466.285,-128.172,-168.941,-446.369
2599,LG INR18650 MJ1-1,cell,17259.578,-158.630,-134.441,-456.327,19.916,65.000,19.916,-168.588,-166.941,-466.285,-148.672,-101.941,-446.369
2600,Cell Mounting Tape-1,structure,29.032,-35.630,-163.241,-465.898,6.350,4.000,1.143,-38.805,-165.241,-466.470,-32.455,-161.241,-465.327
2601,Tab Sheet-1,busbar,461.398,-111.861,-167.246,-462.994,258.758,0.203,10.000,-241.759,-167.348,-468.470,16.998,-167.145,-458.470
2602,LG INR18650 MJ1-1,cell,17259.578,-199.630,-201.441,-456.327,19.916,65.000,19.916,-209.588,-233.941,-466.285,-189.672,-168.941,-446.369
2603,LG INR18650 MJ1-1,cell,17259.578,-179.130,-134.441,-456.327,19.916,65.000,19.916,-189.088,-166.941,-466.285,-169.172,-101.941,-446.369
2604,LG INR18650 MJ1-1,cell,17259.578,-56.130,-201.441,-456.327,19.916,65.000,19.916,-66.088,-233.941,-466.285,-46.172,-168.941,-446.369
2605,Tab Solder-1,busbar,62.918,-117.630,-101.541,-467.270,16.900,2.400,1.600,-126.080,-102.741,-468.070,-109.180,-100.341,-466.470
2606,Cell Mounting Tape-1,structure,29.032,-179.130,-172.641,-465.898,6.350,4.000,1.143,-182.305,-174.641,-466.470,-175.955,-170.641,-465.327
2607,Tab Solder-1,busbar,62.918,-179.130,-234.341,-467.270,16.900,2.400,1.600,-187.580,-235.541,-468.070,-170.680,-233.141,-466.470
2608,Cell Mounting Tape-1,structure,29.032,-138.130,-105.941,-465.898,6.350,4.000,1.143,-141.305,-107.941,-466.470,-134.955,-103.941,-465.327
2609,Cell Mounting Tape-1,structure,29.032,-15.130,-105.941,-465.898,6.350,4.000,1.143,-18.305,-107.941,-466.470,-11.955,-103.941,-465.327
2610,Cell Mounting Tape-1,structure,29.032,-15.130,-163.241,-465.898,6.350,4.000,1.143,-18.305,-165.241,-466.470,-11.955,-161.241,-465.327
2611,Tab Solder-1,busbar,62.918,-158.630,-101.541,-467.270,16.900,2.400,1.600,-167.080,-102.741,-468.070,-150.180,-100.341,-466.470
2612,Cell Mounting Tape-1,structure,29.032,-199.630,-229.941,-465.898,6.350,4.000,1.143,-202.805,-231.941,-466.470,-196.455,-227.941,-465.327
2613,7792-1__NONE,other,206.066,23.446,-207.941,-463.112,11.547,9.696,13.043,17.042,-212.789,-471.569,28.589,-203.094,-458.526
2614,90183A214_Washer for Blind Rivets-1,fastener,86.804,27.545,-207.941,-457.470,1.651,9.525,9.525,26.720,-212.704,-462.232,28.371,-203.179,-452.707
2615,7461111-1__1,other,762.098,23.401,-207.941,-461.151,9.000,9.000,17.500,17.720,-212.441,-469.970,26.720,-203.441,-452.470
2616,Tab Solder-1,busbar,62.918,-220.130,-234.341,-467.270,16.900,2.400,1.600,-228.580,-235.541,-468.070,-211.680,-233.141,-466.470
2617,Cell Mounting Tape-1,structure,29.032,5.370,-163.241,-465.898,6.350,4.000,1.143,2.195,-165.241,-466.470,8.545,-161.241,-465.327
2618,Tab Solder-1,busbar,62.918,-35.630,-101.541,-467.270,16.900,2.400,1.600,-44.080,-102.741,-468.070,-27.180,-100.341,-466.470
2619,Divider Board-1,structure,32215.758,-115.026,-166.887,-467.270,298.250,158.000,1.600,-261.630,-246.941,-468.070,36.620,-88.941,-466.470
2620,Tab Solder-1,busbar,62.918,-179.130,-167.941,-467.270,16.900,2.400,1.600,-187.580,-169.141,-468.070,-170.680,-166.741,-466.470
2621,Cell Mounting Tape-1,structure,29.032,5.370,-229.941,-465.898,6.350,4.000,1.143,2.195,-231.941,-466.470,8.545,-227.941,-465.327
2622,Cell Mounting Tape-1,structure,29.032,-76.630,-229.941,-465.898,6.350,4.000,1.143,-79.805,-231.941,-466.470,-73.455,-227.941,-465.327
2623,705510075-1__Imported1,other,710.957,-246.851,-179.372,-463.768,13.589,19.048,10.795,-254.130,-188.895,-470.280,-240.541,-169.848,-459.485
2624,Cell Mounting Tape-1,structure,29.032,-220.130,-105.941,-465.898,6.350,4.000,1.143,-223.305,-107.941,-466.470,-216.955,-103.941,-465.327
2625,Tab Solder-1,busbar,62.918,5.370,-234.341,-467.270,16.900,2.400,1.600,-3.080,-235.541,-468.070,13.820,-233.141,-466.470
2626,Tab Solder-1,busbar,62.918,-35.630,-167.941,-467.270,16.900,2.400,1.600,-44.080,-169.141,-468.070,-27.180,-166.741,-466.470
2627,Cell Mounting Tape-1,structure,29.032,5.370,-172.641,-465.898,6.350,4.000,1.143,2.195,-174.641,-466.470,8.545,-170.641,-465.327
2628,Tab Sheet-1,busbar,461.398,-111.861,-234.246,-462.994,258.758,0.203,10.000,-241.759,-234.348,-468.470,16.998,-234.145,-458.470
2629,V_r Connection-1,busbar,19.101,-110.572,-169.872,-468.451,256.610,8.997,0.305,-240.628,-172.409,-468.603,15.982,-163.412,-468.298
2630,V_r Connection-1,busbar,99.053,-110.553,-169.896,-468.451,255.447,6.541,0.762,-239.658,-171.439,-468.832,15.788,-164.898,-468.070
2631,7461111-1__1,other,762.098,23.401,-127.941,-461.151,9.000,9.000,17.500,17.720,-132.441,-469.970,26.720,-123.441,-452.470
2632,90183A214_Washer for Blind Rivets-1,fastener,86.804,27.545,-127.941,-457.470,1.651,9.525,9.525,26.720,-132.704,-462.232,28.371,-123.179,-452.707
2633,7792-1__NONE,other,206.066,23.446,-127.941,-463.112,11.547,9.696,13.043,17.042,-132.789,-471.569,28.589,-123.094,-458.526
2634,7461111-1__1,other,762.098,-248.412,-164.131,-461.151,9.000,9.000,17.500,-251.730,-168.631,-469.970,-242.730,-159.631,-452.470
2635,7792-1__NONE,other,206.066,-248.457,-164.131,-463.112,11.547,9.696,13.043,-253.600,-168.979,-471.569,-242.053,-159.284,-458.526
2636,90183A214_Washer for Blind Rivets-1,fastener,86.804,-252.556,-164.131,-457.470,1.651,9.525,9.525,-253.381,-168.894,-462.232,-251.730,-159.369,-452.707
2637,Cell Mounting Tape-1,structure,29.032,-199.630,-172.641,-465.898,6.350,4.000,1.143,-202.805,-174.641,-466.470,-196.455,-170.641,-465.327
2638,Cell Mounting Tape-1,structure,29.032,-35.630,-172.641,-465.898,6.350,4.000,1.143,-38.805,-174.641,-466.470,-32.455,-170.641,-465.327
2639,Cell Mounting Tape-1,structure,29.032,-138.130,-163.241,-465.898,6.350,4.000,1.143,-141.305,-165.241,-466.470,-134.955,-161.241,-465.327
2640,Tab Sheet-1,busbar,461.398,-111.861,-168.637,-462.994,258.758,0.203,10.000,-241.759,-168.738,-468.470,16.998,-168.535,-458.470
2641,Tab Sheet-1,busbar,461.398,-111.861,-101.637,-462.994,258.758,0.203,10.000,-241.759,-101.738,-468.470,16.998,-101.535,-458.470
2642,Cell Mounting Tape-1,structure,29.032,-117.630,-105.941,-465.898,6.350,4.000,1.143,-120.805,-107.941,-466.470,-114.455,-103.941,-465.327
2643,Cell Mounting Tape-1,structure,29.032,-117.630,-163.241,-465.898,6.350,4.000,1.143,-120.805,-165.241,-466.470,-114.455,-161.241,-465.327
2644,Cell Mounting Tape-1,structure,29.032,-35.630,-229.941,-465.898,6.350,4.000,1.143,-38.805,-231.941,-466.470,-32.455,-227.941,-465.327
2645,LG INR18650 MJ1-1,cell,17259.578,-56.130,-134.441,-456.327,19.916,65.000,19.916,-66.088,-166.941,-466.285,-46.172,-101.941,-446.369
2646,Cell Mounting Tape-1,structure,29.032,-158.630,-229.941,-465.898,6.350,4.000,1.143,-161.805,-231.941,-466.470,-155.455,-227.941,-465.327
2647,Tab Solder-1,busbar,62.918,5.370,-167.941,-467.270,16.900,2.400,1.600,-3.080,-169.141,-468.070,13.820,-166.741,-466.470
2648,Cell Mounting Tape-1,structure,29.032,-220.130,-172.641,-465.898,6.350,4.000,1.143,-223.305,-174.641,-466.470,-216.955,-170.641,-465.327
2649,Cell Mounting Tape-1,structure,29.032,-76.630,-163.241,-465.898,6.350,4.000,1.143,-79.805,-165.241,-466.470,-73.455,-161.241,-465.327
2650,Tab Solder-1,busbar,62.918,-97.130,-167.941,-467.270,16.900,2.400,1.600,-105.580,-169.141,-468.070,-88.680,-166.741,-466.470
2651,NCU18WB473D6SRB-1,other,0.969,-158.630,-201.441,-466.070,1.600,0.800,0.800,-159.430,-201.841,-466.470,-157.830,-201.041,-465.670
2652,Cell Mounting Tape-1,structure,29.032,-35.630,-105.941,-465.898,6.350,4.000,1.143,-38.805,-107.941,-466.470,-32.455,-103.941,-465.327
2653,Cell Mounting Tape-1,structure,29.032,-97.130,-105.941,-465.898,6.350,4.000,1.143,-100.305,-107.941,-466.470,-93.955,-103.941,-465.327
2654,Tab Solder-1,busbar,62.918,-158.630,-167.941,-467.270,16.900,2.400,1.600,-167.080,-169.141,-468.070,-150.180,-166.741,-466.470
2655,Cell Mounting Tape-1,structure,29.032,-220.130,-163.241,-465.898,6.350,4.000,1.143,-223.305,-165.241,-466.470,-216.955,-161.241,-465.327
2656,Cell Mounting Tape-1,structure,29.032,-76.630,-163.241,-415.498,6.350,4.000,1.143,-79.805,-165.241,-416.070,-73.455,-161.241,-414.927
2657,LG INR18650 MJ1-1,cell,17259.578,-158.630,-134.441,-405.927,19.916,65.000,19.916,-168.588,-166.941,-415.885,-148.672,-101.941,-395.969
2658,Tab Solder-1,busbar,62.918,-117.630,-167.941,-416.870,16.900,2.400,1.600,-126.080,-169.141,-417.670,-109.180,-166.741,-416.070
2659,Cell Mounting Tape-1,structure,29.032,5.370,-105.941,-415.498,6.350,4.000,1.143,2.195,-107.941,-416.070,8.545,-103.941,-414.927
2660,LG INR18650 MJ1-1,cell,17259.578,-15.130,-134.441,-405.927,19.916,65.000,19.916,-25.088,-166.941,-415.885,-5.172,-101.941,-395.969
2661,Cell Mounting Tape-1,structure,29.032,-97.130,-105.941,-415.498,6.350,4.000,1.143,-100.305,-107.941,-416.070,-93.955,-103.941,-414.927
2662,Cell Mounting Tape-1,structure,29.032,-138.130,-163.241,-415.498,6.350,4.000,1.143,-141.305,-165.241,-416.070,-134.955,-161.241,-414.927
2663,Cell Mounting Tape-1,structure,29.032,-117.630,-172.641,-415.498,6.350,4.000,1.143,-120.805,-174.641,-416.070,-114.455,-170.641,-414.927
2664,Tab Solder-1,busbar,62.918,-56.130,-167.941,-416.870,16.900,2.400,1.600,-64.580,-169.141,-417.670,-47.680,-166.741,-416.070
2665,Tab Solder-1,busbar,62.918,-220.130,-167.941,-416.870,16.900,2.400,1.600,-228.580,-169.141,-417.670,-211.680,-166.741,-416.070
2666,Cell Mounting Tape-1,structure,29.032,-117.630,-229.941,-415.498,6.350,4.000,1.143,-120.805,-231.941,-416.070,-114.455,-227.941,-414.927
2667,Tab Solder-1,busbar,62.918,-138.130,-234.341,-416.870,16.900,2.400,1.600,-146.580,-235.541,-417.670,-129.680,-233.141,-416.070
2668,LG INR18650 MJ1-1,cell,17259.578,-220.130,-201.441,-405.927,19.916,65.000,19.916,-230.088,-233.941,-415.885,-210.172,-168.941,-395.969
2669,Tab Solder-1,busbar,62.918,-76.630,-101.541,-416.870,16.900,2.400,1.600,-85.080,-102.741,-417.670,-68.180,-100.341,-416.070
2670,Tab Sheet-1,busbar,461.398,-111.861,-168.840,-412.594,258.758,0.203,10.000,-241.759,-168.941,-418.070,16.998,-168.738,-408.070
2671,Tab Solder-1,busbar,62.918,-179.130,-167.941,-416.870,16.900,2.400,1.600,-187.580,-169.141,-417.670,-170.680,-166.741,-416.070
2672,705510072-1__Imported1,other,440.432,22.141,-183.214,-413.509,13.589,11.428,10.795,15.531,-188.895,-419.880,29.120,-177.468,-409.085
2673,Cell Mounting Tape-1,structure,29.032,-220.130,-105.941,-415.498,6.350,4.000,1.143,-223.305,-107.941,-416.070,-216.955,-103.941,-414.927
2674,Tab Sheet-1,busbar,461.398,-111.861,-234.246,-412.594,258.758,0.203,10.000,-241.759,-234.348,-418.070,16.998,-234.145,-408.070
2675,Cell Mounting Tape-1,structure,29.032,-138.130,-229.941,-415.498,6.350,4.000,1.143,-141.305,-231.941,-416.070,-134.955,-227.941,-414.927
2676,Cell Mounting Tape-1,structure,29.032,-15.130,-163.241,-415.498,6.350,4.000,1.143,-18.305,-165.241,-416.070,-11.955,-161.241,-414.927
2677,Cell Mounting Tape-1,structure,29.032,-220.130,-229.941,-415.498,6.350,4.000,1.143,-223.305,-231.941,-416.070,-216.955,-227.941,-414.927
2678,Cell Mounting Tape-1,structure,29.032,-138.130,-172.641,-415.498,6.350,4.000,1.143,-141.305,-174.641,-416.070,-134.955,-170.641,-414.927
2679,Cell Mounting Tape-1,structure,29.032,-97.130,-172.641,-415.498,6.350,4.000,1.143,-100.305,-174.641,-416.070,-93.955,-170.641,-414.927
2680,NCU18WB473D6SRB-1,other,0.969,-158.630,-134.441,-415.670,1.600,0.800,0.800,-159.430,-134.841,-416.070,-157.830,-134.041,-415.270
2681,Cell Mounting Tape-1,structure,29.032,-179.130,-172.641,-415.498,6.350,4.000,1.143,-182.305,-174.641,-416.070,-175.955,-170.641,-414.927
2682,NCU18WB473D6SRB-1,other,0.969,-56.130,-134.441,-415.670,1.600,0.800,0.800,-56.930,-134.841,-416.070,-55.330,-134.041,-415.270
2683,NCU18WB473D6SRB-1,other,0.969,-158.630,-201.441,-415.670,1.600,0.800,0.800,-159.430,-201.841,-416.070,-157.830,-201.041,-415.270
2684,Tab Sheet-1,busbar,461.398,-111.861,-234.043,-412.594,258.758,0.203,10.000,-241.759,-234.145,-418.070,16.998,-233.941,-408.070
2685,Cell Mounting Tape-1,structure,29.032,-179.130,-229.941,-415.498,6.350,4.000,1.143,-182.305,-231.941,-416.070,-175.955,-227.941,-414.927
2686,Cell Mounting Tape-1,structure,29.032,-35.630,-172.641,-415.498,6.350,4.000,1.143,-38.805,-174.641,-416.070,-32.455,-170.641,-414.927
2687,Tab Solder-1,busbar,62.918,-199.630,-234.341,-416.870,16.900,2.400,1.600,-208.080,-235.541,-417.670,-191.180,-233.141,-416.070
2688,Cell Mounting Tape-1,structure,29.032,-220.130,-172.641,-415.498,6.350,4.000,1.143,-223.305,-174.641,-416.070,-216.955,-170.641,-414.927
2689,LG INR18650 MJ1-1,cell,17259.578,-199.630,-201.441,-405.927,19.916,65.000,19.916,-209.588,-233.941,-415.885,-189.672,-168.941,-395.969
2690,Tab Solder-1,busbar,62.918,-220.130,-234.341,-416.870,16.900,2.400,1.600,-228.580,-235.541,-417.670,-211.680,-233.141,-416.070
2691,Tab Solder-1,busbar,62.918,-35.630,-234.341,-416.870,16.900,2.400,1.600,-44.080,-235.541,-417.670,-27.180,-233.141,-416.070
2692,LG INR18650 MJ1-1,cell,17259.578,-179.130,-201.441,-405.927,19.916,65.000,19.916,-189.088,-233.941,-415.885,-169.172,-168.941,-395.969
2693,Tab Solder-1,busbar,62.918,-158.630,-101.541,-416.870,16.900,2.400,1.600,-167.080,-102.741,-417.670,-150.180,-100.341,-416.070
2694,Tab Solder-1,busbar,62.918,-15.130,-167.941,-416.870,16.900,2.400,1.600,-23.580,-169.141,-417.670,-6.680,-166.741,-416.070
2695,Tab Sheet-1,busbar,461.398,-111.861,-167.246,-412.594,258.758,0.203,10.000,-241.759,-167.348,-418.070,16.998,-167.145,-408.070
2696,Tab Solder-1,busbar,62.918,5.370,-101.541,-416.870,16.900,2.400,1.600,-3.080,-102.741,-417.670,13.820,-100.341,-416.070
2697,Tab Solder-1,busbar,62.918,-15.130,-101.541,-416.870,16.900,2.400,1.600,-23.580,-102.741,-417.670,-6.680,-100.341,-416.070
2698,Cell Mounting Tape-1,structure,29.032,-97.130,-163.241,-415.498,6.350,4.000,1.143,-100.305,-165.241,-416.070,-93.955,-161.241,-414.927
2699,Tab Solder-1,busbar,62.918,-158.630,-167.941,-416.870,16.900,2.400,1.600,-167.080,-169.141,-417.670,-150.180,-166.741,-416.070
2700,Tab Solder-1,busbar,62.918,-117.630,-101.541,-416.870,16.900,2.400,1.600,-126.080,-102.741,-417.670,-109.180,-100.341,-416.070
2701,Tab Solder-1,busbar,62.918,5.370,-167.941,-416.870,16.900,2.400,1.600,-3.080,-169.141,-417.670,13.820,-166.741,-416.070
2702,7792-1__NONE,other,206.066,-248.457,-207.941,-412.712,11.547,9.696,13.043,-253.600,-212.789,-421.169,-242.053,-203.094,-408.126
2703,90183A214_Washer for Blind Rivets-1,fastener,86.804,-252.556,-207.941,-407.070,1.651,9.525,9.525,-253.381,-212.704,-411.832,-251.730,-203.179,-402.307
2704,7461111-1__1,other,762.098,-248.412,-207.941,-410.751,9.000,9.000,17.500,-251.730,-212.441,-419.570,-242.730,-203.441,-402.070
2705,Tab Sheet-1,busbar,461.398,-111.861,-101.637,-412.594,258.758,0.203,10.000,-241.759,-101.738,-418.070,16.998,-101.535,-408.070
2706,LG INR18650 MJ1-1,cell,17259.578,-76.630,-201.441,-405.927,19.916,65.000,19.916,-86.588,-233.941,-415.885,-66.672,-168.941,-395.969
2707,Cell Mounting Tape-1,structure,29.032,-56.130,-105.941,-415.498,6.350,4.000,1.143,-59.305,-107.941,-416.070,-52.955,-103.941,-414.927
2708,Cell Mounting Tape-1,structure,29.032,-76.630,-172.641,-415.498,6.350,4.000,1.143,-79.805,-174.641,-416.070,-73.455,-170.641,-414.927
2709,Cell Mounting Tape-1,structure,29.032,-97.130,-229.941,-415.498,6.350,4.000,1.143,-100.305,-231.941,-416.070,-93.955,-227.941,-414.927
2710,Cell Mounting Tape-1,structure,29.032,-158.630,-105.941,-415.498,6.350,4.000,1.143,-161.805,-107.941,-416.070,-155.455,-103.941,-414.927
2711,Cell Mounting Tape-1,structure,29.032,5.370,-163.241,-415.498,6.350,4.000,1.143,2.195,-165.241,-416.070,8.545,-161.241,-414.927
2712,705510072-1__Imported1,other,440.432,-247.152,-152.669,-413.509,13.589,11.428,10.795,-254.130,-158.415,-419.880,-240.541,-146.988,-409.085
2713,Tab Sheet-1,busbar,461.398,-111.861,-167.043,-412.594,258.758,0.203,10.000,-241.759,-167.145,-418.070,16.998,-166.941,-408.070
2714,Cell Mounting Tape-1,structure,29.032,-158.630,-163.241,-415.498,6.350,4.000,1.143,-161.805,-165.241,-416.070,-155.455,-161.241,-414.927
2715,LG INR18650 MJ1-1,cell,17259.578,-56.130,-134.441,-405.927,19.916,65.000,19.916,-66.088,-166.941,-415.885,-46.172,-101.941,-395.969
2716,Tab Solder-1,busbar,62.918,-97.130,-167.941,-416.870,16.900,2.400,1.600,-105.580,-169.141,-417.670,-88.680,-166.741,-416.070
2717,Tab Solder-1,busbar,62.918,-199.630,-167.941,-416.870,16.900,2.400,1.600,-208.080,-169.141,-417.670,-191.180,-166.741,-416.070
2718,Cell Mounting Tape-1,structure,29.032,5.370,-172.641,-415.498,6.350,4.000,1.143,2.195,-174.641,-416.070,8.545,-170.641,-414.927
2719,Cell Mounting Tape-1,structure,29.032,-220.130,-163.241,-415.498,6.350,4.000,1.143,-223.305,-165.241,-416.070,-216.955,-161.241,-414.927
2720,Cell Mounting Tape-1,structure,29.032,-76.630,-229.941,-415.498,6.350,4.000,1.143,-79.805,-231.941,-416.070,-73.455,-227.941,-414.927
2721,Tab Sheet-1,busbar,461.398,-111.861,-168.637,-412.594,258.758,0.203,10.000,-241.759,-168.738,-418.070,16.998,-168.535,-408.070
2722,LG INR18650 MJ1-1,cell,17259.578,-179.130,-134.441,-405.927,19.916,65.000,19.916,-189.088,-166.941,-415.885,-169.172,-101.941,-395.969
2723,Cell Mounting Tape-1,structure,29.032,-15.130,-105.941,-415.498,6.350,4.000,1.143,-18.305,-107.941,-416.070,-11.955,-103.941,-414.927
2724,LG INR18650 MJ1-1,cell,17259.578,-56.130,-201.441,-405.927,19.916,65.000,19.916,-66.088,-233.941,-415.885,-46.172,-168.941,-395.969
2725,Tab Solder-1,busbar,62.918,-97.130,-101.541,-416.870,16.900,2.400,1.600,-105.580,-102.741,-417.670,-88.680,-100.341,-416.070
2726,Tab Solder-1,busbar,62.918,-35.630,-167.941,-416.870,16.900,2.400,1.600,-44.080,-169.141,-417.670,-27.180,-166.741,-416.070
2727,LG INR18650 MJ1-1,cell,17259.578,-138.130,-201.441,-405.927,19.916,65.000,19.916,-148.088,-233.941,-415.885,-128.172,-168.941,-395.969
2728,Cell Mounting Tape-1,structure,29.032,-56.130,-172.641,-415.498,6.350,4.000,1.143,-59.305,-174.641,-416.070,-52.955,-170.641,-414.927
2729,Cell Mounting Tape-1,structure,29.032,-35.630,-105.941,-415.498,6.350,4.000,1.143,-38.805,-107.941,-416.070,-32.455,-103.941,-414.927
2730,Cell Mounting Tape-1,structure,29.032,-138.130,-105.941,-415.498,6.350,4.000,1.143,-141.305,-107.941,-416.070,-134.955,-103.941,-414.927
2731,Cell Mounting Tape-1,structure,29.032,-179.130,-105.941,-415.498,6.350,4.000,1.143,-182.305,-107.941,-416.070,-175.955,-103.941,-414.927
2732,V_r Connection-1,busbar,19.101,-110.572,-169.872,-418.051,256.610,8.997,0.305,-240.628,-172.409,-418.203,15.982,-163.412,-417.898
2733,V_r Connection-1,busbar,99.053,-110.553,-169.896,-418.051,255.447,6.541,0.762,-239.658,-171.439,-418.432,15.788,-164.898,-417.670
2734,Tab Solder-1,busbar,62.918,-56.130,-234.341,-416.870,16.900,2.400,1.600,-64.580,-235.541,-417.670,-47.680,-233.141,-416.070
2735,Cell Mounting Tape-1,structure,29.032,-117.630,-105.941,-415.498,6.350,4.000,1.143,-120.805,-107.941,-416.070,-114.455,-103.941,-414.927
2736,Divider Board-1,structure,32215.758,-115.026,-166.887,-416.870,298.250,158.000,1.600,-261.630,-246.941,-417.670,36.620,-88.941,-416.070
2737,Tab Solder-1,busbar,62.918,5.370,-234.341,-416.870,16.900,2.400,1.600,-3.080,-235.541,-417.670,13.820,-233.141,-416.070
2738,Tab Solder-1,busbar,62.918,-220.130,-101.541,-416.870,16.900,2.400,1.600,-228.580,-102.741,-417.670,-211.680,-100.341,-416.070
2739,LG INR18650 MJ1-1,cell,17259.578,-35.630,-134.441,-405.927,19.916,65.000,19.916,-45.588,-166.941,-415.885,-25.672,-101.941,-395.969
2740,Cell Mounting Tape-1,structure,29.032,-158.630,-229.941,-415.498,6.350,4.000,1.143,-161.805,-231.941,-416.070,-155.455,-227.941,-414.927
2741,Tab Solder-1,busbar,62.918,-76.630,-167.941,-416.870,16.900,2.400,1.600,-85.080,-169.141,-417.670,-68.180,-166.741,-416.070
2742,LG INR18650 MJ1-1,cell,17259.578,-158.630,-201.441,-405.927,19.916,65.000,19.916,-168.588,-233.941,-415.885,-148.672,-168.941,-395.969
2743,705510075-1__Imported1,other,710.957,-246.851,-179.372,-413.368,13.589,19.048,10.795,-254.130,-188.895,-419.880,-240.541,-169.848,-409.085
2744,LG INR18650 MJ1-1,cell,17259.578,-76.630,-134.441,-405.927,19.916,65.000,19.916,-86.588,-166.941,-415.885,-66.672,-101.941,-395.969
2745,Tab Solder-1,busbar,62.918,-138.130,-167.941,-416.870,16.900,2.400,1.600,-146.580,-169.141,-417.670,-129.680,-166.741,-416.070
2746,Cell Mounting Tape-1,structure,29.032,-179.130,-163.241,-415.498,6.350,4.000,1.143,-182.305,-165.241,-416.070,-175.955,-161.241,-414.927
2747,Tab Solder-1,busbar,62.918,-179.130,-234.341,-416.870,16.900,2.400,1.600,-187.580,-235.541,-417.670,-170.680,-233.141,-416.070
2748,Tab Sheet-1,busbar,461.398,-111.861,-101.840,-412.594,258.758,0.203,10.000,-241.759,-101.941,-418.070,16.998,-101.738,-408.070
2749,LG INR18650 MJ1-1,cell,17259.578,5.370,-201.441,-405.927,19.916,65.000,19.916,-4.588,-233.941,-415.885,15.328,-168.941,-395.969
2750,Cell Mounting Tape-1,structure,29.032,-56.130,-163.241,-415.498,6.350,4.000,1.143,-59.305,-165.241,-416.070,-52.955,-161.241,-414.927
2751,NCU18WB473D6SRB-1,other,0.969,-56.130,-201.441,-415.670,1.600,0.800,0.800,-56.930,-201.841,-416.070,-55.330,-201.041,-415.270
2752,Cell Mounting Tape-1,structure,29.032,-56.130,-229.941,-415.498,6.350,4.000,1.143,-59.305,-231.941,-416.070,-52.955,-227.941,-414.927
2753,Tab Solder-1,busbar,62.918,-138.130,-101.541,-416.870,16.900,2.400,1.600,-146.580,-102.741,-417.670,-129.680,-100.341,-416.070
2754,Tab Solder-1,busbar,62.918,-56.130,-101.541,-416.870,16.900,2.400,1.600,-64.580,-102.741,-417.670,-47.680,-100.341,-416.070
2755,LG INR18650 MJ1-1,cell,17259.578,-138.130,-134.441,-405.927,19.916,65.000,19.916,-148.088,-166.941,-415.885,-128.172,-101.941,-395.969
2756,Cell Mounting Tape-1,structure,29.032,-117.630,-163.241,-415.498,6.350,4.000,1.143,-120.805,-165.241,-416.070,-114.455,-161.241,-414.927
2757,Tab Solder-1,busbar,62.918,-97.130,-234.341,-416.870,16.900,2.400,1.600,-105.580,-235.541,-417.670,-88.680,-233.141,-416.070
2758,Tab Solder-1,busbar,62.918,-199.630,-101.541,-416.870,16.900,2.400,1.600,-208.080,-102.741,-417.670,-191.180,-100.341,-416.070
2759,Cell Mounting Tape-1,structure,29.032,5.370,-229.941,-415.498,6.350,4.000,1.143,2.195,-231.941,-416.070,8.545,-227.941,-414.927
2760,LG INR18650 MJ1-1,cell,17259.578,-117.630,-201.441,-405.927,19.916,65.000,19.916,-127.588,-233.941,-415.885,-107.672,-168.941,-395.969
2761,Cell Mounting Tape-1,structure,29.032,-158.630,-172.641,-415.498,6.350,4.000,1.143,-161.805,-174.641,-416.070,-155.455,-170.641,-414.927
2762,Tab Solder-1,busbar,62.918,-76.630,-234.341,-416.870,16.900,2.400,1.600,-85.080,-235.541,-417.670,-68.180,-233.141,-416.070
2763,LG INR18650 MJ1-1,cell,17259.578,-15.130,-201.441,-405.927,19.916,65.000,19.916,-25.088,-233.941,-415.885,-5.172,-168.941,-395.969
2764,LG INR18650 MJ1-1,cell,17259.578,-199.630,-134.441,-405.927,19.916,65.000,19.916,-209.588,-166.941,-415.885,-189.672,-101.941,-395.969
2765,Cell Mounting Tape-1,structure,29.032,-199.630,-229.941,-415.498,6.350,4.000,1.143,-202.805,-231.941,-416.070,-196.455,-227.941,-414.927
2766,Tab Solder-1,busbar,62.918,-158.630,-234.341,-416.870,16.900,2.400,1.600,-167.080,-235.541,-417.670,-150.180,-233.141,-416.070
2767,Module Spacer-1,structure,72657.225,-206.228,-167.896,-402.406,160.429,159.686,25.292,-267.790,-247.784,-416.089,-107.361,-88.098,-390.797
2768,Module Spacer-1,structure,65797.381,-15.459,-167.889,-402.258,165.275,159.671,179.703,-107.392,-247.777,-500.276,57.883,-88.106,-320.573
2769,Cell Mounting Tape-1,structure,29.032,-199.630,-172.641,-415.498,6.350,4.000,1.143,-202.805,-174.641,-416.070,-196.455,-170.641,-414.927
2770,Tab Solder-1,busbar,62.918,-35.630,-101.541,-416.870,16.900,2.400,1.600,-44.080,-102.741,-417.670,-27.180,-100.341,-416.070
2771,Tab Solder-1,busbar,62.918,-179.130,-101.541,-416.870,16.900,2.400,1.600,-187.580,-102.741,-417.670,-170.680,-100.341,-416.070
2772,Cell Mounting Tape-1,structure,29.032,-199.630,-105.941,-415.498,6.350,4.000,1.143,-202.805,-107.941,-416.070,-196.455,-103.941,-414.927
2773,Cell Mounting Tape-1,structure,29.032,-15.130,-229.941,-415.498,6.350,4.000,1.143,-18.305,-231.941,-416.070,-11.955,-227.941,-414.927
2774,LG INR18650 MJ1-1,cell,17259.578,-97.130,-134.441,-405.927,19.916,65.000,19.916,-107.088,-166.941,-415.885,-87.172,-101.941,-395.969
2775,Tab Solder-1,busbar,62.918,-117.630,-234.341,-416.870,16.900,2.400,1.600,-126.080,-235.541,-417.670,-109.180,-233.141,-416.070
2776,7792-1__NONE,other,206.066,23.446,-171.751,-412.712,11.547,9.696,13.043,17.042,-176.599,-421.169,28.589,-166.904,-408.126
2777,90183A214_Washer for Blind Rivets-1,fastener,86.804,27.545,-171.751,-407.070,1.651,9.525,9.525,26.720,-176.514,-411.832,28.371,-166.989,-402.307
2778,7461111-1__1,other,762.098,23.401,-171.751,-410.751,9.000,9.000,17.500,17.720,-176.251,-419.570,26.720,-167.251,-402.070
2779,Tab Solder-1,busbar,62.918,-15.130,-234.341,-416.870,16.900,2.400,1.600,-23.580,-235.541,-417.670,-6.680,-233.141,-416.070
2780,LG INR18650 MJ1-1,cell,17259.578,-97.130,-201.441,-405.927,19.916,65.000,19.916,-107.088,-233.941,-415.885,-87.172,-168.941,-395.969
2781,Cell Mounting Tape-1,structure,29.032,-35.630,-229.941,-415.498,6.350,4.000,1.143,-38.805,-231.941,-416.070,-32.455,-227.941,-414.927
2782,7792-1__NONE,other,206.066,23.446,-207.941,-412.712,11.547,9.696,13.043,17.042,-212.789,-421.169,28.589,-203.094,-408.126
2783,90183A214_Washer for Blind Rivets-1,fastener,86.804,27.545,-207.941,-407.070,1.651,9.525,9.525,26.720,-212.704,-411.832,28.371,-203.179,-402.307
2784,7461111-1__1,other,762.098,23.401,-207.941,-410.751,9.000,9.000,17.500,17.720,-212.441,-419.570,26.720,-203.441,-402.070
2785,LG INR18650 MJ1-1,cell,17259.578,-35.630,-201.441,-405.927,19.916,65.000,19.916,-45.588,-233.941,-415.885,-25.672,-168.941,-395.969
2786,705510075-1__Imported1,other,710.957,21.840,-156.511,-413.368,13.589,19.048,10.795,15.531,-166.035,-419.880,29.120,-146.988,-409.085
2787,90183A214_Washer for Blind Rivets-1,fastener,86.804,-252.556,-164.131,-407.070,1.651,9.525,9.525,-253.381,-168.894,-411.832,-251.730,-159.369,-402.307
2788,7461111-1__1,other,762.098,-248.412,-164.131,-410.751,9.000,9.000,17.500,-251.730,-168.631,-419.570,-242.730,-159.631,-402.070
2789,7792-1__NONE,other,206.066,-248.457,-164.131,-412.712,11.547,9.696,13.043,-253.600,-168.979,-421.169,-242.053,-159.284,-408.126
2790,Cell Mounting Tape-1,structure,29.032,-199.630,-163.241,-415.498,6.350,4.000,1.143,-202.805,-165.241,-416.070,-196.455,-161.241,-414.927
2791,LG INR18650 MJ1-1,cell,17259.578,-117.630,-134.441,-405.927,19.916,65.000,19.916,-127.588,-166.941,-415.885,-107.672,-101.941,-395.969
2792,LG INR18650 MJ1-1,cell,17259.578,-220.130,-134.441,-405.927,19.916,65.000,19.916,-230.088,-166.941,-415.885,-210.172,-101.941,-395.969
2793,Cell Mounting Tape-1,structure,29.032,-15.130,-172.641,-415.498,6.350,4.000,1.143,-18.305,-174.641,-416.070,-11.955,-170.641,-414.927
2794,Cell Mounting Tape-1,structure,29.032,-35.630,-163.241,-415.498,6.350,4.000,1.143,-38.805,-165.241,-416.070,-32.455,-161.241,-414.927
2795,90183A214_Washer for Blind Rivets-1,fastener,86.804,27.545,-127.941,-407.070,1.651,9.525,9.525,26.720,-132.704,-411.832,28.371,-123.179,-402.307
2796,7461111-1__1,other,762.098,23.401,-127.941,-410.751,9.000,9.000,17.500,17.720,-132.441,-419.570,26.720,-123.441,-402.070
2797,7792-1__NONE,other,206.066,23.446,-127.941,-412.712,11.547,9.696,13.043,17.042,-132.789,-421.169,28.589,-123.094,-408.126
2798,NCU18WB473D6SRB-1,other,0.969,-233.005,-159.441,-418.070,1.656,1.656,0.800,-233.833,-160.269,-418.470,-232.178,-158.614,-417.670
2799,Cell Mounting Tape-1,structure,29.032,-76.630,-105.941,-415.498,6.350,4.000,1.143,-79.805,-107.941,-416.070,-73.455,-103.941,-414.927
2800,7461111-1__1,other,762.098,-248.412,-127.941,-410.751,9.000,9.000,17.500,-251.730,-132.441,-419.570,-242.730,-123.441,-402.070
2801,7792-1__NONE,other,206.066,-248.457,-127.941,-412.712,11.547,9.696,13.043,-253.600,-132.789,-421.169,-242.053,-123.094,-408.126
2802,90183A214_Washer for Blind Rivets-1,fastener,86.804,-252.556,-127.941,-407.070,1.651,9.525,9.525,-253.381,-132.704,-411.832,-251.730,-123.179,-402.307
2803,LG INR18650 MJ1-1,cell,17259.578,5.370,-134.441,-405.927,19.916,65.000,19.916,-4.588,-166.941,-415.885,15.328,-101.941,-395.969
